"Date","Daily_rain_mm","Dam_daily_WaterLevel_m","HPB_daily_Stage_cm","Daily_Q_cms","Flow_Catawba_cfs","Flow_Tinker_cfs","Stage_Catawba_ft","Stage_Tinker_ft"
2021-03-29,0,NA,NA,NA,170,26.9,3.17625,1.74425
2021-03-30,0,NA,NA,NA,114,23.3,2.93510416666667,1.68291666666667
2021-03-31,9.652,NA,NA,NA,112,26.7,2.87083333333333,1.705625
2021-04-01,0.254,NA,NA,NA,105,25.1,2.88458333333333,1.71927083333333
2021-04-02,0,NA,NA,NA,88.8,22.2,2.79479166666667,1.6634375
2021-04-03,0,NA,NA,NA,75.4,20.4,2.71625,1.62447916666667
2021-04-04,0,NA,NA,NA,66.9,19.3,2.66375,1.60427083333333
2021-04-05,0,NA,NA,NA,60.6,18.3,2.62489583333333,1.58447916666667
2021-04-06,0,NA,NA,NA,55.5,17.3,2.58885416666667,1.56572916666667
2021-04-07,0,NA,NA,NA,52.5,16.5,2.56572916666667,1.54708333333333
2021-04-08,0.508,NA,NA,NA,51.8,15.8,2.54895833333333,1.5328125
2021-04-09,0,NA,NA,NA,50.7,15.4,2.5590625,1.52
2021-04-10,34.544,NA,NA,NA,138,34.2,2.53125,1.52364583333333
2021-04-11,0,NA,NA,NA,699,67.8,4.39333333333333,2.3815625
2021-04-12,0,NA,NA,NA,214,35,3.39427083333333,1.89583333333333
2021-04-13,0,NA,NA,NA,133,28,3.03666666666667,1.76947916666667
2021-04-14,2.032,NA,NA,NA,102,24.5,2.86239583333333,1.70166666666667
2021-04-15,0.254,NA,NA,NA,88.5,22.4,2.79479166666667,1.6675
2021-04-16,0,NA,NA,NA,72.1,20.1,2.70697916666667,1.62208333333333
2021-04-17,0,NA,NA,NA,62.8,18.6,2.64666666666667,1.593125
2021-04-18,0,NA,NA,NA,56.3,17.5,2.60510416666667,1.5678125
2021-04-19,2.794,NA,NA,NA,52.8,17,2.57791666666667,1.55645833333333
2021-04-20,0.254,NA,NA,NA,48.3,15.9,2.54510416666667,1.5375
2021-04-21,0,NA,NA,NA,48,15.3,2.539375,1.52
2021-04-22,0,NA,NA,NA,44,14.8,2.51083333333333,1.51052083333333
2021-04-23,0,NA,NA,NA,40.7,14.4,2.47989583333333,1.50010416666667
2021-04-24,13.462,NA,NA,NA,41.8,15.4,2.47208333333333,1.49520833333333
2021-04-25,0.254,NA,NA,NA,43.8,16.7,2.51885416666667,1.5665625
2021-04-26,0,NA,NA,NA,38.8,14.5,2.46520833333333,1.50677083333333
2021-04-27,0,NA,NA,NA,37.1,14,2.448125,1.49
2021-04-28,0,NA,NA,NA,35.7,13.7,2.435625,1.485625
2021-04-29,0,NA,NA,NA,35.3,13.1,2.430625,1.47333333333333
2021-04-30,0,NA,NA,NA,34.2,12.3,2.42708333333333,1.4546875
2021-05-01,0,NA,NA,NA,31.1,11.8,2.39260416666667,1.43885416666667
2021-05-02,0,NA,NA,NA,31,11.5,2.39,1.43
2021-05-03,12.192,NA,NA,NA,32.3,11.7,2.39927083333333,1.4321875
2021-05-04,2.286,NA,NA,NA,31.5,11.5,2.40114583333333,1.4334375
2021-05-05,0.254,NA,NA,NA,30.5,11,2.39270833333333,1.41947916666667
2021-05-06,0,NA,NA,NA,27.5,10.8,2.3590625,1.41
2021-05-07,0.254,NA,NA,NA,26.9,10.6,2.35,1.40885416666667
2021-05-08,0.254,NA,NA,NA,26,10.3,2.34489583333333,1.39875
2021-05-09,0.254,NA,NA,NA,24.8,10,2.33,1.39
2021-05-10,0,NA,NA,NA,23.8,9.87,2.3196875,1.388125
2021-05-11,0,22.56131785222,NA,NA,23.2,9.56,2.31,1.37958333333333
2021-05-12,0,22.6458504813933,NA,NA,22.6,9.3,2.30614583333333,1.37
2021-05-13,0,22.7700757794666,NA,NA,21.8,9.15,2.2971875,1.3678125
2021-05-14,0,22.6952999854066,NA,NA,21.3,8.83,2.29,1.35822916666667
2021-05-15,0,22.69267298956,NA,NA,21.3,8.49,2.29291666666667,1.34822916666667
2021-05-16,0.762,22.61353132412,NA,NA,20.5,8.29,2.28177083333333,1.34
2021-05-17,0,22.6658090360066,NA,NA,20.3,8.29,2.28,1.34
2021-05-18,0,22.67236321306,NA,NA,20,8.29,2.2790625,1.34
2021-05-19,0,22.65803180154,NA,NA,19.3,8.17,2.27,1.33822916666667
2021-05-20,0,22.6683401214533,NA,NA,18.6,7.84,2.26020833333333,1.32802083333333
2021-05-21,0,22.6079266100733,NA,NA,17.8,7.54,2.25208333333333,1.31833333333333
2021-05-22,0,22.6124753606066,NA,NA,17.3,7.35,2.24635416666667,1.31
2021-05-23,0,22.6224173227733,NA,NA,16.6,7.26,2.23729166666667,1.30927083333333
2021-05-24,0,22.6067947674466,NA,NA,15.6,7.04,2.22104166666667,1.3
2021-05-25,0,22.58022628786,NA,NA,15.5,7.04,2.22020833333333,1.3
2021-05-26,0,22.5763009049733,NA,NA,15.4,6.93,2.21708333333333,1.298125
2021-05-27,0,22.5633365663266,NA,NA,15,6.64,2.21677083333333,1.28822916666667
2021-05-28,12.7,22.5567685522,NA,NA,16.1,6.5,2.22020833333333,1.28
2021-05-29,10.414,22.5473033946,NA,NA,17.5,6.94,2.25520833333333,1.28875
2021-05-30,1.778,22.5354585601066,NA,NA,17,8.02,2.245625,1.33375
2021-05-31,0,22.4890663,NA,NA,15.1,7.12,2.2196875,1.3065625
2021-06-01,0,22.5249040202133,NA,NA,14.7,6.71,2.21,1.29
2021-06-02,0,22.5062653325733,NA,NA,14.1,6.61,2.20083333333333,1.28572916666667
2021-06-03,0,22.49026308196,NA,NA,13.5,6.46,2.19125,1.28
2021-06-04,0,22.4549066621133,NA,NA,13.4,6.4,2.18989583333333,1.27979166666667
2021-06-05,0,22.3965619680333,NA,NA,12.7,6.11,2.17739583333333,1.26958333333333
2021-06-06,0,22.4542190045266,NA,NA,12.6,5.91,2.17,1.26
2021-06-07,0,22.5522656088733,NA,NA,13.5,5.9,2.19,1.26
2021-06-08,7.366,22.54267451892,NA,NA,12.8,5.65,2.183125,1.2515625
2021-06-09,3.302,22.53569389026,NA,NA,13,6.15,2.1759375,1.2559375
2021-06-10,1.27,22.5061555351466,NA,NA,24.3,7.4,2.28177083333333,1.30958333333333
2021-06-11,12.954,22.5195891354066,NA,NA,26.6,8.1,2.34885416666667,1.30614583333333
2021-06-12,1.016,22.5294100106933,NA,NA,38.1,10.3,2.50666666666667,1.41197916666667
2021-06-13,33.02,22.5212920944933,NA,NA,23.6,13.4,2.32677083333333,1.34145833333333
2021-06-14,0,22.5494036825,NA,NA,29.6,12.2,2.40822916666667,1.53677083333333
2021-06-15,0,22.5527783298866,NA,NA,21.8,8.31,2.32239583333333,1.35208333333333
2021-06-16,0.254,22.52593920314,NA,NA,18.5,6.91,2.27333333333333,1.305625
2021-06-17,0,22.52094991416,NA,NA,15.3,6.02,2.22833333333333,1.26802083333333
2021-06-18,0,22.5080111016666,NA,NA,13.7,5.65,2.19526315789474,1.25
2021-06-19,0,22.4929264438333,NA,NA,12.9,5.65,2.18166666666667,1.25
2021-06-20,0,22.48033036116,NA,NA,12.4,5.46,2.17072916666667,1.2471875
2021-06-21,0,22.4656837441066,NA,NA,12.6,4.99,2.16864583333333,1.22854166666667
2021-06-22,3.048,22.4543568257733,NA,NA,13.9,4.85,2.20104166666667,1.2175
2021-06-23,0,22.43715614474,NA,NA,11.6,4.65,2.16104166666667,1.2109375
2021-06-24,0,22.4178858471533,NA,NA,11.2,4.65,2.15,1.21
2021-06-25,0,22.4026319474266,NA,NA,11.1,4.58,2.14979166666667,1.20916666666667
2021-06-26,0,22.38923091674,NA,NA,10.9,4.36,2.1415625,1.19958333333333
2021-06-27,7.366,22.3828131122866,NA,NA,17,5.92,2.17208333333333,1.21416666666667
2021-06-28,0,22.3863322247133,NA,NA,22.2,6.33,2.34978947368421,1.30072916666667
2021-06-29,0,22.37166237936,NA,NA,13.3,5.01,2.19510416666667,1.23083333333333
2021-06-30,21.59,22.3576953774066,NA,NA,11.7,4.52,2.16104166666667,1.20895833333333
2021-07-01,11.938,22.3529397201666,NA,NA,12,4.59,2.15635416666667,1.19885416666667
2021-07-02,7.366,22.3653327403033,NA,NA,26.9,5.85,2.34229166666667,1.25677083333333
2021-07-03,0,22.3621330317266,NA,NA,16.3,4.89,2.26385416666667,1.2265625
2021-07-04,0,22.34723190244,NA,NA,13.5,4.34,2.20854166666667,1.19875
2021-07-05,0,22.33415991436,NA,NA,11.7,4.19,2.1940625,1.19
2021-07-06,0,22.3202857756533,NA,NA,9.48,4.14,2.14916666666667,1.1896875
2021-07-07,1.524,22.30642682276,NA,NA,9.16,3.98,2.14,1.18041666666667
2021-07-08,7.62,22.2964567368666,NA,NA,10.1,5.22,2.15239583333333,1.21614583333333
2021-07-09,0,22.2837223334133,NA,NA,10.3,4.84,2.165,1.22697916666667
2021-07-10,8.89,22.2522690172666,NA,NA,9.68,5.41,2.14677083333333,1.2053125
2021-07-11,4.318,22.2466827859533,NA,NA,12.1,6.09,2.1871875,1.28770833333333
2021-07-12,0,22.2382260362933,NA,NA,9.93,4.96,2.1640625,1.23135416666667
2021-07-13,0,22.1996973300133,NA,NA,10.7,4.25,2.16583333333333,1.19708333333333
2021-07-14,0.762,22.2176803801533,NA,NA,11.1,3.97,2.1828125,1.18
2021-07-15,0,22.20328792566,NA,NA,8.68,3.97,2.1328125,1.18
2021-07-16,0,22.1883905928266,NA,NA,8.08,3.9,2.12166666666667,1.17885416666667
2021-07-17,8.128,22.17351763722,NA,NA,7.94,3.86,2.11114583333333,1.16864583333333
2021-07-18,0,22.1622046558666,NA,NA,7.61,4.22,2.11197916666667,1.19614583333333
2021-07-19,0,22.1458936437,NA,NA,7.29,3.69,2.1,1.16854166666667
2021-07-20,0,22.12934954928,NA,NA,6.88,3.55,2.09177083333333,1.16
2021-07-21,0,22.11253226008,NA,NA,6.69,3.5,2.08768421052632,1.15958333333333
2021-07-22,0,22.0918886454533,NA,NA,6.32,3.36,2.07854166666667,1.15
2021-07-23,0,22.07338792892,NA,NA,6.15,3.3,2.07208333333333,1.14916666666667
2021-07-24,19.05,22.0594716296,NA,NA,7.21,3.16,2.0965625,1.14
2021-07-25,0,22.01622832772,NA,NA,6.07,3.16,2.07,1.14
2021-07-26,9.398,21.9145404750466,NA,NA,7.88,7.68,2.09089887640449,1.179375
2021-07-27,0,22.0027688516333,NA,NA,9.38,11,2.15020833333333,1.46863157894737
2021-07-28,0,22.0202289403266,NA,NA,7.24,6.98,2.11104166666667,1.31489583333333
2021-07-29,0,21.9987455602133,NA,NA,6.13,5.31,2.07322916666667,1.24791666666667
2021-07-30,0,21.98505430066,NA,NA,5.89,4.34,2.06770833333333,1.2034375
2021-07-31,0,21.9687820023266,NA,NA,5.7,3.73,2.060625,1.17447916666667
2021-08-01,0,21.9501457624,NA,NA,5.83,3.33,2.06395833333333,1.1503125
2021-08-02,0,21.9254297522266,NA,NA,5.67,3.16,2.06,1.14072916666667
2021-08-03,0,21.8748987085933,NA,NA,5.67,3.16,2.06,1.14
2021-08-04,0,21.9041058231533,NA,NA,5.67,3.12,2.06,1.13989583333333
2021-08-05,0,21.8856851818133,NA,NA,5.67,2.96,2.06,1.13
2021-08-06,0,21.8671828667733,NA,NA,5.61,2.93,2.06,1.12864583333333
2021-08-07,0,21.8472626263666,NA,NA,5.31,2.8,2.05041666666667,1.12
2021-08-08,1.016,21.83178153888,NA,NA,6.83,3.55,2.058125,1.12
2021-08-09,0,21.82404171946,NA,NA,8.8,4.77,2.15427083333333,1.23291666666667
2021-08-10,0.508,21.8052006209133,NA,NA,5.71,3.69,2.06125,1.17270833333333
2021-08-11,0,21.7873810680333,NA,NA,5.61,3.33,2.06072916666667,1.15114583333333
2021-08-12,0,21.7703634160133,NA,NA,5.07,3.02,2.04614583333333,1.13677083333333
2021-08-13,6.35,21.7570569469866,NA,NA,6.17,3.94,2.04145833333333,1.13458333333333
2021-08-14,0.762,21.7475502781666,NA,NA,8.82,6.14,2.11333333333333,1.2628125
2021-08-15,58.166,21.7404536079133,NA,NA,9.89,8.92,2.1634375,1.33979166666667
2021-08-16,8.89,21.8000775069533,NA,NA,19.2,20.2,2.28802083333333,1.570625
2021-08-17,7.366,21.8093069847266,NA,NA,11.2,14.1,2.183125,1.50802083333333
2021-08-18,6.604,21.8398502510466,NA,NA,21.1,16.8,2.31020833333333,1.54666666666667
2021-08-19,1.016,21.86152710042,NA,NA,11.7,12.6,2.204375,1.46177083333333
2021-08-20,2.794,21.8765816863466,NA,NA,17.4,11,2.20114583333333,1.41541666666667
2021-08-21,0,21.8874921936933,NA,NA,17.9,9.63,2.329375,1.39833333333333
2021-08-22,0,21.8851990359733,NA,NA,12.5,7.86,2.2021875,1.33489583333333
2021-08-23,0,21.8751831928266,NA,NA,11.6,6.78,2.19479166666667,1.29739583333333
2021-08-24,0,21.8611933122466,NA,NA,8.83,6.03,2.1465625,1.2703125
2021-08-25,6.858,21.8470147579266,NA,NA,7.7,5.5,2.10864583333333,1.24895833333333
2021-08-26,0,21.8314640854466,NA,NA,7.05,5.06,2.09802083333333,1.22927083333333
2021-08-27,2.286,21.8164500116733,NA,NA,6.82,4.83,2.0896875,1.2196875
2021-08-28,0,21.8029233483533,NA,NA,7,4.58,2.0940625,1.20916666666667
2021-08-29,4.826,21.7888382067666,NA,NA,6.47,4.36,2.07625,1.19895833333333
2021-08-30,0,21.7772106692733,NA,NA,8.82,4.37,2.12375,1.1984375
2021-08-31,6.096,21.7634951324,NA,NA,10.7,4.32,2.14375,1.19020833333333
2021-09-01,16.51,21.82215917814,NA,NA,32.1,8.21,2.41208333333333,1.30385416666667
2021-09-02,0,21.89490242102,NA,NA,23.2,6.43,2.37114583333333,1.2978125
2021-09-03,0,21.8993611056933,NA,NA,17.3,5.33,2.3028125,1.24510416666667
2021-09-04,0,21.8942922410533,NA,NA,13.2,4.84,2.21989583333333,1.22583333333333
2021-09-05,0,21.8862661890333,NA,NA,12.1,4.45,2.19864583333333,1.20854166666667
2021-09-06,0,21.8768628237066,NA,NA,11.5,4.19,2.18708333333333,1.19833333333333
2021-09-07,0,21.86286774798,NA,NA,11.6,3.96,2.18197916666667,1.18875
2021-09-08,0,21.8484004633933,NA,NA,11.7,3.72,2.1953125,1.17895833333333
2021-09-09,1.016,21.8354784851733,NA,NA,10.6,3.56,2.16895833333333,1.17
2021-09-10,0,21.8172406730333,NA,NA,10.3,3.46,2.16614583333333,1.1684375
2021-09-11,0,21.7995483512933,NA,NA,9.23,3.31,2.14572916666667,1.16
2021-09-12,0,21.7841849039066,NA,NA,8.5,3.22,2.12854166666667,1.1590625
2021-09-13,0,21.7682159721666,NA,NA,8.2,3.07,2.12,1.15
2021-09-14,0,21.7512245456466,NA,NA,8.2,3.05,2.12,1.15
2021-09-15,0,21.7356161770666,NA,NA,7.81,3.02,2.11354166666667,1.15
2021-09-16,0.762,21.7200129037266,NA,NA,7.84,3,2.11,1.15
2021-09-17,0,21.7063464210266,NA,NA,8.12,3.17,2.12010416666667,1.15791666666667
2021-09-18,0,21.6925193883133,NA,NA,8.02,3.61,2.11,1.16041666666667
2021-09-19,0,21.6789973207,NA,NA,8.51,3.73,2.13208333333333,1.20541666666667
2021-09-20,1.27,21.66462889376,NA,NA,9.9,3.36,2.13583333333333,1.17
2021-09-21,36.322,21.6617384440333,NA,NA,14,6.01,2.1890625,1.190625
2021-09-22,52.324,21.89310949598,NA,NA,79,74.9,2.6815625,2.13708333333333
2021-09-23,0,22.1665184758733,NA,NA,37.8,28.7,2.59458333333333,1.86354166666667
2021-09-24,0,22.2231863864133,NA,NA,23.6,18.5,2.375625,1.6075
2021-09-25,0,22.2381604475666,NA,NA,18.6,14.8,2.31833333333333,1.52010416666667
2021-09-26,0,22.2380485021466,NA,NA,14,12.1,2.24333333333333,1.46020833333333
2021-09-27,0,22.2280625810466,NA,NA,12.5,9.71,2.2153125,1.3921875
2021-09-28,0,22.22493834972,NA,NA,11.6,8.39,2.19802083333333,1.349375
2021-09-29,0,22.21967181974,NA,NA,11,7.62,2.18677083333333,1.323125
2021-09-30,0,22.1833941105666,NA,NA,11.2,7.06,2.18416666666667,1.3046875
2021-10-01,0,22.1443980409,NA,NA,11.4,6.64,2.2,1.288125
2021-10-02,0,22.16586608534,NA,NA,9.4,6.37,2.15833333333333,1.27885416666667
2021-10-03,24.384,22.17157769952,NA,NA,9.49,6.38,2.1503125,1.27010416666667
2021-10-04,1.27,22.1803476066266,NA,NA,9.82,9.5,2.16833333333333,1.325625
2021-10-05,20.828,22.1769652664266,NA,NA,10.3,12.6,2.15166666666667,1.4309375
2021-10-06,0,22.1947161334733,NA,NA,13.6,12.6,2.23552083333333,1.490625
2021-10-07,0.254,22.1898735574333,NA,NA,10.3,9.84,2.1853125,1.39364583333333
2021-10-08,2.794,22.1692002705266,NA,NA,9.17,8.66,2.151875,1.35760416666667
2021-10-09,0.762,22.1807503803533,NA,NA,9.78,8.29,2.16052083333333,1.34
2021-10-10,0,22.1728933704133,NA,NA,9.57,7.96,2.15822916666667,1.33395833333333
2021-10-11,0,22.1624024710666,NA,NA,9.3,7.56,2.155,1.31895833333333
2021-10-12,0,22.15058171408,NA,NA,8.51,7.19,2.14072916666667,1.306875
2021-10-13,0,22.1393192855,NA,NA,8.2,6.77,2.13,1.29270833333333
2021-10-14,0,22.1026048842866,NA,NA,7.9,6.64,2.12552083333333,1.2884375
2021-10-15,0,22.1092310440933,NA,NA,8.81,6.46,2.13166666666667,1.28
2021-10-16,0,22.1005894171466,NA,NA,10.5,6.46,2.184375,1.28
2021-10-17,0,22.08555146568,NA,NA,7.79,6.46,2.12,1.28
2021-10-18,0,22.0660570274866,NA,NA,7.91,6.46,2.12447916666667,1.28
2021-10-19,0,22.05318095638,NA,NA,8.12,6.46,2.12604166666667,1.28
2021-10-20,0,22.03930691758,NA,NA,8.04,6.9,2.12645833333333,1.29697916666667
2021-10-21,5.588,22.02460400312,NA,NA,7.98,5.65,2.12520833333333,1.2503125
2021-10-22,0,22.01228326322,NA,NA,8.12,5.65,2.12822916666667,1.25
2021-10-23,0,21.9692895781466,NA,NA,8.11,5.65,2.12791666666667,1.25
2021-10-24,0,21.9809229102266,NA,NA,8.01,5.65,2.1275,1.25
2021-10-25,3.81,21.9713625415733,NA,NA,8.72,6.12,2.1278125,1.25375
2021-10-26,0,21.9673489411,NA,NA,9.89,7.25,2.17083333333333,1.30895833333333
2021-10-27,0,21.9487597572133,NA,NA,9.16,7.27,2.15,1.30541666666667
2021-10-28,4.572,21.9342936715066,NA,NA,9.19,7.17,2.14802083333333,1.30583333333333
2021-10-29,17.526,21.95535579516,NA,NA,25,10.7,2.34020833333333,1.385625
2021-10-30,3.81,21.9718342009466,NA,NA,17.8,10.5,2.32177083333333,1.40770833333333
2021-10-31,0,21.9829053582133,NA,NA,12.9,9.19,2.23489583333333,1.37291666666667
2021-11-01,0,21.9769765968933,NA,NA,11.5,8.63,2.2121875,1.35458333333333
2021-11-02,2.54,21.9706973629866,NA,NA,10.7,8.29,2.199375,1.34
2021-11-03,0,21.96149885628,NA,NA,9.61,8.01,2.18364583333333,1.3334375
2021-11-04,0,21.9504237027466,NA,NA,8.95,7.97,2.17489583333333,1.33
2021-11-05,0,21.9389295406533,NA,NA,8.33,7.76,2.16635416666667,1.32552083333333
2021-11-06,0,21.9262070260933,NA,NA,7.72,7.65,2.15770833333333,1.32
2021-11-07,0,21.9144494600733,NA,NA,7.42,7.65,2.15239583333333,1.32
2021-11-08,0,21.8989261120666,NA,NA,7.3,7.65,2.15,1.32
2021-11-09,0,21.8897460880933,NA,NA,7.3,7.53,2.15,1.31802083333333
2021-11-10,0,21.8743482728133,NA,NA,7.3,7.35,2.15,1.31
2021-11-11,0.254,21.86409510138,NA,NA,7.3,7.35,2.15,1.31
2021-11-12,24.384,21.8905734651533,NA,NA,13.6,19.5,2.25010526315789,1.5509375
2021-11-13,0,21.8950137170466,NA,NA,10,12.8,2.21,1.479375
2021-11-14,0,21.8864755934066,NA,NA,9.41,10.4,2.195625,1.41104166666667
2021-11-15,0,21.8779734361666,NA,NA,8.71,9.22,2.18177083333333,1.37083333333333
2021-11-16,0,21.8645637136,NA,NA,8.72,9.07,2.18,1.3653125
2021-11-17,0,21.85473559508,NA,NA,8.36,9.37,2.17458333333333,1.35260416666667
2021-11-18,0,21.8455829455333,NA,NA,7.91,12.3,2.16697916666667,1.47083333333333
2021-11-19,0,21.8338749831733,NA,NA,7.3,5.39,2.1503125,1.24208333333333
2021-11-20,0,21.8195503653066,NA,NA,7.22,5.55,2.14802083333333,1.24645833333333
2021-11-21,0,21.80729741208,NA,NA,7.11,5.28,2.14635416666667,1.270625
2021-11-22,0,21.7974013570266,NA,NA,7.02,5.01,2.14447916666667,1.28833333333333
2021-11-23,0,21.78232639014,NA,NA,6.82,5.01,2.13875,1.3
2021-11-24,0,21.76739029352,NA,NA,6.53,4.82,2.13375,1.294375
2021-11-25,0,21.75471078878,NA,NA,6.46,4.77,2.13,1.29
2021-11-26,0,21.7455605869466,NA,NA,7.36,4.77,2.13989583333333,1.29
2021-11-27,0,21.72690546466,NA,NA,7.08,4.77,2.15572916666667,1.29
2021-11-28,0,21.7139195961266,NA,NA,6.06,4.77,2.12,1.29
2021-11-29,0,21.70019232022,NA,NA,6.06,4.64,2.12,1.2865625
2021-11-30,0,21.6827780886866,NA,NA,6.06,4.53,2.12,1.28
2021-12-01,0,21.67019034822,NA,NA,6.06,4.53,2.12,1.28
2021-12-02,0,21.6566274687333,NA,NA,6.52,4.53,2.12697916666667,1.28
2021-12-03,0,21.5682008626484,NA,NA,5.95,4.42,2.1234375,1.2771875
2021-12-04,0,21.4960724101133,NA,NA,5.67,4.3,2.11,1.27
2021-12-05,0,21.6093069757866,NA,NA,5.8,4.3,2.11114583333333,1.27
2021-12-06,0,21.61541067368,NA,NA,6.98,4.3,2.13364583333333,1.27
2021-12-07,0,21.6010727182733,NA,NA,5.72,4.3,2.1228125,1.27
2021-12-08,0,21.5868939141866,NA,NA,5.3,4.21,2.1,1.2678125
2021-12-09,0,21.5709503087866,NA,NA,5.3,4.08,2.1,1.26
2021-12-10,6.096,21.5586228251866,NA,NA,5.66,4.27,2.1015625,1.26177083333333
2021-12-11,1.27,21.5550318798666,NA,NA,6.54,4.97,2.13125,1.2978125
2021-12-12,0,21.54465667244,NA,NA,6.28,4.76,2.12947916666667,1.2921875
2021-12-13,0,21.5288967454466,NA,NA,5.77,4.19,2.1146875,1.269375
2021-12-14,0,21.5143683679333,NA,NA,5.41,4.08,2.10510416666667,1.26
2021-12-15,0,21.49963228446,NA,NA,5.6,3.91,2.10791666666667,1.2540625
2021-12-16,0,21.4848303624933,NA,NA,5.3,3.87,2.1,1.25
2021-12-17,0,21.4703857067666,NA,NA,5.3,3.87,2.1,1.25
2021-12-18,2.286,21.46070180352,NA,NA,5.57,3.95,2.106875,1.25197916666667
2021-12-19,0.254,21.4523260781666,NA,NA,6.55,4.04,2.12052083333333,1.26
2021-12-20,0,21.4342672987733,NA,NA,5.41,3.87,2.1134375,1.25
2021-12-21,0,21.4202807151133,NA,NA,5.67,3.87,2.100625,1.25
2021-12-22,0,21.4065362053066,NA,NA,5.23,3.87,2.10791666666667,1.25
2021-12-23,0,21.3878501619066,NA,NA,4.86,3.87,2.0875,1.25
2021-12-24,0,21.3734420220666,NA,NA,4.8,3.87,2.08635416666667,1.25
2021-12-25,0,21.3621977765,NA,NA,4.8,3.87,2.0859375,1.25
2021-12-26,0,21.3506362773133,NA,NA,4.87,3.87,2.0878125,1.25
2021-12-27,0,21.3368392665533,NA,NA,4.73,3.87,2.08604166666667,1.25
2021-12-28,0,21.3250069703466,NA,NA,4.74,3.87,2.0834375,1.25
2021-12-29,3.556,21.3119040112,NA,NA,5.89,3.87,2.10375,1.25
2021-12-30,0.254,21.3033490532866,NA,NA,6.19,4.08,2.13,1.25822916666667
2021-12-31,0.508,21.29072249908,NA,NA,5.3,3.96,2.1,1.25635416666667
2022-01-01,6.858,21.2872137769466,NA,NA,8.62,5.43,2.14572916666667,1.2928125
2022-01-02,11.938,21.3184780197266,NA,NA,23.4,13.9,2.36270833333333,1.51854166666667
2022-01-03,9.906,21.42439147482,NA,NA,42.7,23,2.53770833333333,1.68479166666667
2022-01-04,0,21.53813461538,NA,NA,24,15.8,2.44322916666667,1.6365625
2022-01-05,0,21.5871270963466,NA,NA,18.1,11.8,2.34208333333333,1.526875
2022-01-06,0.508,21.6181226901,NA,NA,15.8,10.2,2.30614583333333,1.47760416666667
2022-01-07,0,21.6409687971466,NA,NA,14.5,9.06,2.28427083333333,1.44708333333333
2022-01-08,0,21.6503970891866,NA,NA,13.4,7.8,2.26947916666667,1.40510416666667
2022-01-09,3.048,21.6639090662266,NA,NA,13.4,7.44,2.25614583333333,1.3840625
2022-01-10,0,21.6779133333666,NA,NA,14.8,7.76,2.28447916666667,1.4025
2022-01-11,0,21.6835805390333,NA,NA,14.2,7.02,2.28458333333333,1.37802083333333
2022-01-12,0,21.6894313731533,NA,NA,12,6.64,2.24322916666667,1.36333333333333
2022-01-13,0,21.6944545804466,NA,NA,11.5,6.39,2.23479166666667,1.35447916666667
2022-01-14,0,21.70066198146,NA,NA,11.9,6.17,2.2365625,1.34645833333333
2022-01-15,0,21.6947827738466,NA,NA,10.4,5.67,2.21979166666667,1.33010416666667
2022-01-16,0,21.70349778224,NA,NA,10.3,9.19,2.20385416666667,1.34791666666667
2022-01-17,3.048,21.7223938294533,NA,NA,11.5,10.9,2.23625,1.536875
2022-01-18,0.254,21.71823126814,NA,NA,9.5,5.88,2.19875,1.33989583333333
2022-01-19,0,21.7108844315933,NA,NA,10.6,5.35,2.2028125,1.316875
2022-01-20,1.27,21.7131837335733,NA,NA,12.7,6.44,2.25125,1.33864583333333
2022-01-21,0,21.7186663616733,NA,NA,12.1,6.79,2.24552083333333,1.37145833333333
2022-01-22,0,21.7182272718733,NA,NA,11,6.07,2.22020833333333,1.3440625
2022-01-23,0,21.7150153224933,NA,NA,10.8,5.77,2.21635416666667,1.33197916666667
2022-01-24,0,21.70791026008,NA,NA,10.7,5.78,2.2240625,1.33
2022-01-25,0,21.70667886046,NA,NA,11,6.43,2.21489583333333,1.33541666666667
2022-01-26,0,21.7169509642066,NA,NA,12.8,7.76,2.25395833333333,1.40239583333333
2022-01-27,0,21.7229752363,NA,NA,13.2,7.05,2.25583333333333,1.37947916666667
2022-01-28,0.508,21.7278063230733,NA,NA,12.3,6.9,2.25302083333333,1.37
2022-01-29,0,21.7347180660866,NA,NA,11.2,6.76,2.22708333333333,1.3675
2022-01-30,0,21.7327324210866,NA,NA,10.4,6.16,2.21135416666667,1.34583333333333
2022-01-31,0,21.7299195488866,NA,NA,10.1,5.85,2.20041666666667,1.33697916666667
2022-02-01,0,21.72466955346,NA,NA,11.5,5.78,2.23354166666667,1.33
2022-02-02,0.508,21.7210172154933,NA,NA,9.96,5.68,2.21208333333333,1.32697916666667
2022-02-03,22.352,21.7562643374466,NA,NA,30.6,22.1,2.27041666666667,1.5153125
2022-02-04,4.318,21.97154217376,NA,NA,170,48.6,3.12168421052632,2.07371134020619
2022-02-05,0,22.1538875757266,NA,NA,61.9,31.7,2.78010416666667,1.84895833333333
2022-02-06,0,22.2527996215733,NA,NA,29.8,24.1,2.45354166666667,1.706875
2022-02-07,0.762,22.3205623173066,NA,NA,24.5,19.5,2.36927083333333,1.6184375
2022-02-08,0,22.3622924328133,NA,NA,22.3,16.4,2.34197916666667,1.55375
2022-02-09,0,22.39155629436,NA,NA,20.3,19.9,2.315,1.57526315789474
2022-02-10,0,22.4154418303666,NA,NA,19.1,15.3,2.29635416666667,1.56729166666667
2022-02-11,0,22.4325870132466,NA,NA,17.8,9.65,2.2784375,1.38
2022-02-12,0,22.4476975469066,NA,NA,16.4,9.81,2.2590625,1.38239583333333
2022-02-13,0,22.4565672607733,NA,NA,18,10,2.2734375,1.39
2022-02-14,0,22.4637188796933,NA,NA,17.2,10,2.26885416666667,1.39
2022-02-15,0,22.46341521338,NA,NA,16.2,9.68,2.25395833333333,1.3828125
2022-02-16,0,22.4679864429133,NA,NA,14.4,9.65,2.2296875,1.38
2022-02-17,2.286,22.47565113252,NA,NA,13.8,9.65,2.21666666666667,1.38
2022-02-18,5.588,22.4959934785933,NA,NA,14.7,10.8,2.22770833333333,1.40895833333333
2022-02-19,0,22.49574541034,NA,NA,13.9,9.74,2.218125,1.38510416666667
2022-02-20,0,22.4969404938866,NA,NA,13.5,9.45,2.21,1.37645833333333
2022-02-21,0,22.50309049852,NA,NA,13.4,9.3,2.20916666666667,1.37
2022-02-22,3.556,22.50525912258,NA,NA,13.6,9.02,2.208125,1.3640625
2022-02-23,3.048,22.5132163389066,NA,NA,13.8,8.96,2.21385416666667,1.36
2022-02-24,21.082,22.5472761700333,NA,NA,45,19.3,2.3371875,1.48875
2022-02-25,2.794,22.66416781924,NA,NA,88.6,22.3,2.83916666666667,1.67979166666667
2022-02-26,0,22.7073442336066,NA,NA,70.9,18.1,2.77395833333333,1.59052083333333
2022-02-27,0,22.7300426286466,NA,NA,53.5,15.7,2.65791666666667,1.53708333333333
2022-02-28,0,22.7472759292066,NA,NA,45.3,14.1,2.5896875,1.49885416666667
2022-03-01,0,22.7532753744933,NA,NA,38.1,13,2.519375,1.47125
2022-03-02,0,22.7594409146133,NA,NA,34.7,11.9,2.48125,1.44552083333333
2022-03-03,0,22.7564089970466,NA,NA,31.5,11.1,2.44979166666667,1.4246875
2022-03-04,0,22.7496917723133,NA,NA,28.4,10.4,2.41552083333333,1.40416666666667
2022-03-05,0,22.7489901277933,NA,NA,25.4,9.85,2.38229166666667,1.38770833333333
2022-03-06,0,22.74601205992,NA,NA,23.5,9.65,2.35479166666667,1.38
2022-03-07,3.048,22.74539718434,NA,NA,23.1,9.34,2.34072916666667,1.37083333333333
2022-03-08,3.302,22.74462465604,NA,NA,22.9,9.32,2.35052083333333,1.375
2022-03-09,13.208,22.7613597720066,NA,NA,40.1,14.1,2.46885416666667,1.464375
2022-03-10,0,22.7807255803666,NA,NA,41.3,12.5,2.55239583333333,1.4646875
2022-03-11,0,22.7881497946266,NA,NA,36.8,11.4,2.505,1.43052083333333
2022-03-12,6.858,22.8136007681933,NA,NA,38.6,12.5,2.50447916666667,1.44739583333333
2022-03-13,0,22.8144194533733,NA,NA,35.2,11.6,2.49677083333333,1.43739583333333
2022-03-14,0,22.8216154308533,NA,NA,30.7,11.1,2.44041666666667,1.4228125
2022-03-15,0,22.8268815612066,NA,NA,28.7,10.6,2.41666666666667,1.406875
2022-03-16,4.572,22.82958058976,NA,NA,27.8,10.3,2.4,1.39770833333333
2022-03-17,0.254,22.8385641472733,NA,NA,27.7,10.3,2.40375,1.39895833333333
2022-03-18,0,22.8355364257866,NA,NA,26,9.98,2.3859375,1.3909375
2022-03-19,0,22.8403334443866,NA,NA,24.8,9.54,2.36895833333333,1.38010416666667
2022-03-20,0,22.8411423387133,NA,NA,24,9.05,2.3575,1.36489583333333
2022-03-21,0,22.8369265771,NA,NA,22.5,8.96,2.34395833333333,1.36
2022-03-22,0,22.8330330144866,NA,NA,21.4,8.71,2.32677083333333,1.35479166666667
2022-03-23,25.908,22.8466831124933,NA,NA,32.1,14.9,2.37322916666667,1.42177083333333
2022-03-24,0.254,22.9065135685666,NA,NA,67.4,23.6,2.71010416666667,1.6896875
2022-03-25,0,22.9786220044866,NA,NA,50.8,18.1,2.63854166666667,1.5925
2022-03-26,0.254,23.00425290996,NA,NA,43.5,15.5,2.56895833333333,1.53166666666667
2022-03-27,0,23.0181075668667,NA,NA,38.4,13.7,2.52083333333333,1.49114583333333
2022-03-28,0,23.0170510039133,NA,NA,35.6,12.1,2.49125,1.45354166666667
2022-03-29,0,23.0226109597733,NA,NA,30.8,11.3,2.44572916666667,1.4265625
2022-03-30,0,23.02006868478,NA,NA,28.2,10.8,2.41010416666667,1.41135416666667
2022-03-31,0.254,23.0254513063066,NA,NA,27.5,10.8,2.39875,1.41
2022-04-01,0,23.0268823194466,NA,NA,25.9,10,2.38791666666667,1.39729166666667
2022-04-02,0,23.0192920103533,NA,NA,23.5,9.49,2.3553125,1.37739583333333
2022-04-03,0,23.0161321623,NA,NA,22,9.12,2.33614583333333,1.366875
2022-04-04,0,23.00914838658,NA,NA,20.9,8.63,2.31927083333333,1.3525
2022-04-05,21.59,23.0096128117341,NA,NA,42.3,11.7,2.3178125,1.34927083333333
2022-04-06,0.762,23.0992475155,NA,NA,354,33.4,3.59197916666667,1.81645833333333
2022-04-07,22.86,23.1887624401866,NA,NA,189,34,3.23833333333333,1.81614583333333
2022-04-08,1.016,23.20974618706,NA,NA,133,27.3,3.07333333333333,1.76666666666667
2022-04-09,0,23.17481127344,NA,NA,88.2,22.2,2.854375,1.66947916666667
2022-04-10,0,23.1425827315133,NA,NA,64.2,18.3,2.715,1.59364583333333
2022-04-11,0,23.1220516117933,NA,NA,52,16.1,2.62802083333333,1.54364583333333
2022-04-12,0,23.1079428922333,NA,NA,45.3,14.7,2.56958333333333,1.5109375
2022-04-13,0,23.0955324361466,NA,NA,42.1,13.7,2.53802083333333,1.4871875
2022-04-14,0,23.0747294703866,NA,NA,37.4,12.7,2.49135416666667,1.4653125
2022-04-15,0,23.0406603978933,NA,NA,34.1,11.6,2.45770833333333,1.43822916666667
2022-04-16,0,23.0647953508933,NA,NA,32.1,11,2.43239583333333,1.41854166666667
2022-04-17,0,23.058069734,NA,NA,32.1,10.5,2.42875,1.4065625
2022-04-18,24.384,23.0435487995333,NA,NA,43,18.6,2.48197916666667,1.51708333333333
2022-04-19,0,23.11393484452,NA,NA,49.1,17.8,2.60864583333333,1.59239583333333
2022-04-20,0,23.1107089934212,NA,NA,42.9,15,2.54833333333333,1.52260416666667
2022-04-21,0,23.1020792201066,NA,NA,38.1,13.5,2.49947916666667,1.4840625
2022-04-22,0,23.0960921132933,NA,NA,35.4,12.4,2.47104166666667,1.4571875
2022-04-23,0,23.0867920015066,NA,NA,33.3,11.5,2.446875,1.43395833333333
2022-04-24,0,23.0783860044333,NA,NA,31.3,10.9,2.42666666666667,1.41739583333333
2022-04-25,0,23.0719566108066,NA,NA,29.9,10.2,2.4065625,1.3978125
2022-04-26,0,23.0681600076133,NA,NA,28.6,9.87,2.3996875,1.388125
2022-04-27,0,23.0561863434733,NA,NA,26.1,9.09,2.3678125,1.3696875
2022-04-28,0,23.0422050049133,NA,NA,24.7,8.62,2.348125,1.350625
2022-04-29,0,23.0320082807466,NA,NA,23.9,8.62,2.3375,1.35
2022-04-30,6.35,23.02596192928,NA,NA,23.9,8.62,2.331875,1.35
2022-05-01,1.524,23.0286282883533,NA,NA,25,8.62,2.35427083333333,1.35
2022-05-02,0,23.02493149192,NA,NA,22.2,8.34,2.3175,1.34572916666667
2022-05-03,1.016,23.0155043488066,NA,NA,21.1,7.97,2.30083333333333,1.33
2022-05-04,0.254,23.0081132036533,NA,NA,21.6,7.87,2.30375,1.32895833333333
2022-05-05,0,22.9961001263333,NA,NA,20.3,7.63,2.290625,1.32
2022-05-06,22.606,22.99221315756,NA,NA,21.7,7.82,2.30208333333333,1.31145833333333
2022-05-07,2.032,23.01282954762,NA,NA,27.4,9.91,2.36760416666667,1.38479166666667
2022-05-08,0,23.01477518,NA,NA,28.3,8.88,2.389375,1.36625
2022-05-09,0,23.00934095668,NA,NA,27,8.14,2.37416666666667,1.3396875
2022-05-10,0,23.0013919826533,NA,NA,25.6,7.54,2.36458333333333,1.32010416666667
2022-05-11,0,22.9926246231666,NA,NA,23.5,7.35,2.33385416666667,1.31
2022-05-12,3.556,22.9841060734941,NA,NA,22.2,7.22,2.31770833333333,1.3078125
2022-05-13,9.144,22.9784189441866,NA,NA,23.7,7.04,2.32020833333333,1.3
2022-05-14,0.762,22.9778289453666,NA,NA,32.3,7.04,2.4190625,1.3
2022-05-15,0,22.9755670584333,NA,NA,28.9,7.04,2.4078125,1.3
2022-05-16,0,22.9668355154866,NA,NA,26,6.91,2.3671875,1.29760416666667
2022-05-17,0,22.95765544156,NA,NA,24,6.61,2.34072916666667,1.28708333333333
2022-05-18,0,22.9410700856866,NA,NA,22.8,6.38,2.32322916666667,1.27895833333333
2022-05-19,0,22.93253545878,NA,NA,21.5,6.09,2.31333333333333,1.26885416666667
2022-05-20,0,22.91843603054,NA,NA,19.7,5.85,2.28583333333333,1.25979166666667
2022-05-21,4.826,22.9048606127666,NA,NA,18.1,5.65,2.26364583333333,1.25
2022-05-22,5.334,22.89499403018,NA,NA,18.8,5.65,2.26010416666667,1.25
2022-05-23,35.306,22.8937904046133,NA,NA,23.6,8.14,2.28958333333333,1.25989583333333
2022-05-24,14.986,23.02347440314,NA,NA,200,28,3.10395833333333,1.72416666666667
2022-05-25,1.778,23.0996684222866,NA,NA,92.3,17.9,2.92666666666667,1.59354166666667
2022-05-26,12.446,23.0957158647866,NA,NA,57.9,14.7,2.67447916666667,1.51489583333333
2022-05-27,36.322,23.17032626336,NA,NA,282,39.8,3.08458333333333,1.73145833333333
2022-05-28,0,23.2515958408933,NA,NA,292,35.1,3.74291666666667,1.97864583333333
2022-05-29,0,23.1828364263,NA,NA,109,23.4,2.99114583333333,1.71
2022-05-30,0,23.14253217874,NA,NA,66.5,19,2.73864583333333,1.61760416666667
2022-05-31,0,23.1102572301666,NA,NA,50.4,16.5,2.6171875,1.564375
2022-06-01,0,23.0814850093266,NA,NA,41.9,14.2,2.5484375,1.5153125
2022-06-02,1.778,23.0711251375733,NA,NA,36.2,12,2.48385416666667,1.46135416666667
2022-06-03,0,23.05793545944,NA,NA,32.8,10.5,2.4503125,1.4215625
2022-06-04,0,23.04198016496,NA,NA,30,9.29,2.41552083333333,1.38708333333333
2022-06-05,0,23.0321269199133,NA,NA,27.3,8.41,2.389375,1.35770833333333
2022-06-06,0.508,23.0124152346733,NA,NA,24.5,7.89,2.35239583333333,1.33958333333333
2022-06-07,0,22.9989405727733,NA,NA,23.1,7.59,2.33385416666667,1.33
2022-06-08,1.778,22.99143253682,NA,NA,31.3,10.6,2.39416666666667,1.37770833333333
2022-06-09,1.27,22.9943877260666,NA,NA,26.2,9.37,2.3784375,1.40229166666667
2022-06-10,0,22.97333574294,NA,NA,21.8,7.95,2.3359375,1.34447916666667
2022-06-11,0,22.9622121846266,NA,NA,19.3,7.23,2.28833333333333,1.31947916666667
2022-06-12,0,22.94790944632,NA,NA,18.4,6.86,2.27885416666667,1.3078125
2022-06-13,0.762,22.9389678496066,NA,NA,17.5,6.37,2.2609375,1.28875
2022-06-14,1.778,22.9185384848266,NA,NA,17.1,6.07,2.25,1.27829787234043
2022-06-15,0,22.9030820243333,NA,NA,17.2,5.8,2.2659375,1.26791666666667
2022-06-16,11.176,22.89788153266,NA,NA,15.3,5.63,2.23072916666667,1.25916666666667
2022-06-17,7.62,22.90119598628,NA,NA,21.7,9.56,2.30666666666667,1.37072916666667
2022-06-18,0,22.8874429844066,NA,NA,15.1,6.57,2.240625,1.30177083333333
2022-06-19,0,22.8685404932133,NA,NA,14.2,5.72,2.21697916666667,1.2671875
2022-06-20,0,22.8431413212533,NA,NA,13.3,5.39,2.20114583333333,1.25
2022-06-21,0,22.82634556194,NA,NA,13.1,5.3,2.19927083333333,1.24875
2022-06-22,0.254,22.80574610606,NA,NA,12.6,5.07,2.19,1.239375
2022-06-23,0.508,22.78684396454,NA,NA,12.7,4.89,2.1890625,1.23
2022-06-24,0,22.7703250965533,NA,NA,12.4,4.81,2.1890625,1.22885416666667
2022-06-25,0,22.7563734802266,NA,NA,12.5,4.52,2.18458333333333,1.21854166666667
2022-06-26,0.508,22.7400402388266,NA,NA,12,4.39,2.18625,1.2065625
2022-06-27,0.762,22.72269923888,NA,NA,11.3,4.38,2.175625,1.21
2022-06-28,0,22.7004176045,NA,NA,9.22,4.22,2.13354166666667,1.20364583333333
2022-06-29,0,22.6853559751533,NA,NA,8.74,3.9,2.12,1.18885416666667
2022-06-30,0,22.6653324812066,NA,NA,8.52,3.78,2.118125,1.18
2022-07-01,0,22.64624890918,NA,NA,8.21,3.91,2.11,1.188125
2022-07-02,0,22.6247442489466,NA,NA,8.07,3.76,2.10958333333333,1.18
2022-07-03,0,22.6029057505866,NA,NA,7.7,3.76,2.1,1.18
2022-07-04,0,22.5914913639666,NA,NA,7.68,3.7,2.1,1.17916666666667
2022-07-05,2.54,22.5730546876066,NA,NA,7.7,4.24,2.10104166666667,1.18302083333333
2022-07-06,9.144,22.55917140744,NA,NA,8.81,5.52,2.1,1.22697916666667
2022-07-07,0,22.54940608026,NA,NA,12.6,6.36,2.209375,1.308125
2022-07-08,10.922,22.5378137598666,NA,NA,9.39,5.55,2.12135416666667,1.23854166666667
2022-07-09,18.034,22.53011909826,NA,NA,13.4,6.79,2.2059375,1.293125
2022-07-10,16.002,22.5424938377133,NA,NA,20.8,12.6,2.300625,1.45333333333333
2022-07-11,0,22.5350595828333,NA,NA,18.1,7.92,2.30072916666667,1.3546875
2022-07-12,6.858,22.5183797652066,NA,NA,13.7,6.43,2.22322916666667,1.2971875
2022-07-13,0.762,22.5076818092933,NA,NA,11.3,5.83,2.19177083333333,1.2690625
2022-07-14,0.762,22.4859139949,NA,NA,9.26,5.24,2.1434375,1.25041666666667
2022-07-15,0,22.4729838243333,NA,NA,8.54,4.71,2.1271875,1.2265625
2022-07-16,8.89,22.4549536682,NA,NA,8.64,4.36,2.11354166666667,1.20947916666667
2022-07-17,3.81,22.45265571496,NA,NA,24.2,5.36,2.27302083333333,1.2228125
2022-07-18,1.016,22.4494440653,NA,NA,14.3,6.14,2.27947916666667,1.28541666666667
2022-07-19,2.17948415,22.4330360937133,NA,NA,10.2,5.66,2.1696875,1.2659375
2022-07-20,2.17948415,22.39995894456,NA,NA,8.94,4.93,2.14,1.23666666666667
2022-07-21,2.15136,22.3849465692,NA,NA,8.1,4.36,2.12229166666667,1.21364583333333
2022-07-22,2.15136,22.3710895644866,NA,NA,7.62,3.89,2.10979166666667,1.18833333333333
2022-07-23,2.15136,22.3488082298266,NA,NA,7.28,3.66,2.1,1.1775
2022-07-24,2.15136,22.32637363834,NA,NA,7.05,3.55,2.09697916666667,1.17
2022-07-25,2.17948415,22.3079905119533,NA,NA,7.43,3.97,2.09197916666667,1.17625
2022-07-26,2.15136,22.3020035050466,NA,NA,10.4,4.41,2.16354166666667,1.21572916666667
2022-07-27,2.15136,22.2916861935333,NA,NA,9.76,4.76,2.1490625,1.21864583333333
2022-07-28,2.15136,22.27678631308,NA,NA,9.3,4.46,2.1503125,1.21770833333333
2022-07-29,2.15136,22.2603966244133,NA,NA,8.24,4.07,2.12385416666667,1.19666666666667
2022-07-30,2.15136,22.2433887632466,NA,NA,7.56,3.78,2.1121875,1.18520833333333
2022-07-31,2.17948415,22.2299461214333,NA,NA,8.2,4.36,2.09583333333333,1.17572916666667
2022-08-01,2.17948415,22.23790079014,NA,NA,14.4,6.06,2.2309375,1.285
2022-08-02,2.15136,22.2257974471466,NA,NA,10.1,4.85,2.1803125,1.2365625
2022-08-03,2.17948415,22.2073215074666,NA,NA,7.57,4.55,2.11354166666667,1.2003125
2022-08-04,2.17948415,22.19186814408,NA,NA,7.38,4.88,2.10385416666667,1.24322916666667
2022-08-05,2.15136,22.19267514018,NA,NA,39.8,21,2.11427083333333,1.24958333333333
2022-08-06,2.17948415,22.2633311829333,NA,NA,67.2,29.6,2.69979166666667,1.86
2022-08-07,2.17948415,22.2797487955133,NA,NA,36.1,19.4,2.59708333333333,1.67666666666667
2022-08-08,2.15136,22.2829653406,NA,NA,22.4,14.5,2.35291666666667,1.52604166666667
2022-08-09,2.17948415,22.2855279965533,NA,NA,19.2,12.1,2.32870967741935,1.46770833333333
2022-08-10,2.17948415,22.2816538158333,NA,NA,18.3,9.52,2.2684375,1.39947916666667
2022-08-11,2.15136,22.2788644217,NA,NA,18,7.72,2.3178125,1.34354166666667
2022-08-12,2.17948415,22.2641098554933,NA,NA,13.6,6.51,2.233125,1.29916666666667
2022-08-13,2.15136,22.2438897452266,NA,NA,11.5,5.72,2.19416666666667,1.2678125
2022-08-14,2.15136,22.22593491872,NA,NA,10.3,5.4,2.17,1.25041666666667
2022-08-15,2.17948415,22.23517004122,NA,NA,24.9,10.6,2.3096875,1.3740625
2022-08-16,2.15136,22.2430515782466,NA,NA,22.4,9.09,2.37791666666667,1.38666666666667
2022-08-17,2.17948415,22.2372591395733,NA,NA,17.8,7.47,2.2865625,1.33239583333333
2022-08-18,2.15136,22.2233903458733,NA,NA,15.8,6.66,2.27385416666667,1.303125
2022-08-19,2.17948415,22.21174527476,NA,NA,13.9,5.98,2.23427083333333,1.2765625
2022-08-20,2.15136,22.1955087430133,NA,NA,13,5.46,2.21479166666667,1.256875
2022-08-21,2.15136,22.1842020058266,NA,NA,15.8,5.91,2.2475,1.25302083333333
2022-08-22,2.17948415,22.1779289661333,NA,NA,17.2,6.3,2.286875,1.29447916666667
2022-08-23,2.15136,22.1635109854866,NA,NA,13.7,5.4,2.23510416666667,1.25589473684211
2022-08-24,2.15136,22.14427455626,NA,NA,12,4.97,2.203125,1.2375
2022-08-25,2.17948415,22.1303214413333,NA,NA,14.2,9.3,2.1925,1.23104166666667
2022-08-26,2.15136,22.1442560235733,NA,NA,13.6,13.3,2.25270833333333,1.5375
2022-08-27,2.15136,22.1317353704333,NA,NA,12.2,9.65,2.21208333333333,1.40708333333333
2022-08-28,2.15136,22.1136155480666,NA,NA,10.7,7.56,2.17895833333333,1.3375
2022-08-29,2.15136,22.0941319997,NA,NA,10.2,6.35,2.16760416666667,1.29333333333333
2022-08-30,2.15136,22.0757846399,NA,NA,10.2,5.74,2.15958333333333,1.26583333333333
2022-08-31,2.15136,22.05627676426,NA,NA,10.8,5.47,2.1853125,1.25739583333333
2022-09-01,2.15136,22.0325783034866,NA,NA,8.88,5.02,2.1421875,1.23770833333333
2022-09-02,2.17948415,22.00969008578,NA,NA,8.48,4.69,2.13395833333333,1.22604166666667
2022-09-03,2.15136,21.9876189547466,NA,NA,8.28,4.34,2.12989583333333,1.20864583333333
2022-09-04,2.15136,21.97421912294,NA,NA,8.15,4.35,2.1203125,1.2021875
2022-09-05,2.15136,22.0177919170066,NA,NA,19.1,12.9,2.23375,1.38166666666667
2022-09-06,2.17948415,22.0752760650133,NA,NA,30.2,16.8,2.45645833333333,1.58145833333333
2022-09-07,2.15136,22.0911043281666,NA,NA,12.9,10.8,2.23260416666667,1.43760416666667
2022-09-08,2.15136,22.0867408545466,NA,NA,9.49,8.8,2.155625,1.37333333333333
2022-09-09,2.15136,22.0784733281133,NA,NA,9.31,7.57,2.15,1.33583333333333
2022-09-10,2.17948415,22.0723394584066,NA,NA,10.6,8.8,2.1553125,1.31177083333333
2022-09-11,2.15136,22.10598712458,NA,NA,14.7,13.8,2.2471875,1.5065625
2022-09-12,5.9241315,22.165686914487,NA,NA,13.1,12.1,2.2240625,1.46114583333333
2022-09-13,0,22.1251771971133,NA,NA,11.6,10.3,2.19916666666667,1.41885416666667
2022-09-14,0,22.10819845874,NA,NA,10.6,8.86,2.18020833333333,1.37541666666667
2022-09-15,0,22.1374692638,NA,NA,10.1,8.05,2.16770833333333,1.346875
2022-09-16,0,22.15439550122,NA,NA,9.27,7.43,2.15197916666667,1.326875
2022-09-17,0,22.1492430147,NA,NA,9.26,6.95,2.15,1.30875
2022-09-18,0,22.13436776124,NA,NA,8.81,6.63,2.14302083333333,1.29802083333333
2022-09-19,0,22.1029846295266,NA,NA,8.76,6.32,2.14,1.28697916666667
2022-09-20,0,22.0949287054133,NA,NA,9.24,6.08,2.14791666666667,1.27822916666667
2022-09-21,0,22.0775292101133,NA,NA,8.89,5.79,2.14708333333333,1.26770833333333
2022-09-22,0,22.05948032148,NA,NA,8.42,5.63,2.13010416666667,1.26
2022-09-23,0,22.0345325777933,NA,NA,8.18,5.31,2.13322916666667,1.25083333333333
2022-09-24,0.254,22.0088413286933,NA,NA,7.8,5.12,2.12,1.24
2022-09-25,2.032,21.98914562852,NA,NA,7.92,4.89,2.12052083333333,1.2315625
2022-09-26,0.254,21.97252705368,NA,NA,7.93,4.89,2.1253125,1.23
2022-09-27,0,21.9467312023,NA,NA,8.53,4.89,2.12697916666667,1.23
2022-09-28,0,21.9236153472533,NA,NA,9.25,4.89,2.13614583333333,1.23
2022-09-29,0,21.9017299318539,NA,NA,8.4,4.85,2.15447916666667,1.22989583333333
2022-09-30,7.874,21.8829031807733,NA,NA,8.87,5.18,2.12510416666667,1.22864583333333
2022-10-01,12.446,21.98785938014,NA,NA,23,78.7,2.33541666666667,2.1875
2022-10-02,0,22.0908088542,NA,NA,16.3,30.9,2.28645833333333,1.86760416666667
2022-10-03,0,22.10272257434,NA,NA,14.1,21.5,2.24427083333333,1.67114583333333
2022-10-04,0,22.10693648768,NA,NA,12.4,18,2.2190625,1.5928125
2022-10-05,0,21.9997836404333,NA,NA,10.8,15.9,2.18333333333333,1.54729166666667
2022-10-06,0,22.0052943423066,NA,NA,10.3,14.4,2.17479166666667,1.51489583333333
2022-10-07,0,22.06345071232,NA,NA,10.5,12.4,2.17125,1.46947916666667
2022-10-08,0,22.1013763320066,NA,NA,9.51,10.7,2.16604166666667,1.42177083333333
2022-10-09,0,22.0828607793333,NA,NA,9.16,9.75,2.15,1.39291666666667
2022-10-10,0,22.06585296812,NA,NA,9.16,9.12,2.15,1.3740625
2022-10-11,0,22.0488893156533,NA,NA,10.1,8.63,2.1625,1.3578125
2022-10-12,4.318,22.0313553959333,NA,NA,9.79,8.35,2.16885416666667,1.34833333333333
2022-10-13,0.508,22.0206468998666,NA,NA,9.39,8.75,2.15083333333333,1.35447916666667
2022-10-14,0,22.00540528866,NA,NA,9.89,8.36,2.1678125,1.34885416666667
2022-10-15,0,21.9902630346333,NA,NA,9.83,7.84,2.15979166666667,1.333125
2022-10-16,13.462,21.97881682774,NA,NA,12.8,7.81,2.19885416666667,1.32020833333333
2022-10-17,0.762,21.9825195271693,NA,NA,12.2,10,2.22208333333333,1.3884375
2022-10-18,0,21.963509375944,NA,NA,10.5,8.92,2.17791666666667,1.365
2022-10-19,0,21.94162801972,NA,NA,10.2,8.26,2.17,1.34395833333333
2022-10-20,0,21.92531336096,NA,NA,9.92,7.98,2.16729166666667,1.33239583333333
2022-10-21,0,21.9091404198066,NA,NA,9.26,7.43,2.15416666666667,1.315
2022-10-22,0,21.89152307802,NA,NA,9.16,7.35,2.15,1.3109375
2022-10-23,0,21.8564812642666,NA,NA,9.16,7.35,2.15,1.31
2022-10-24,0,21.8581732835733,NA,NA,9.16,7.31,2.15,1.31
2022-10-25,0,21.84136283798,NA,NA,9.8,7.04,2.15,1.30104166666667
2022-10-26,1.27,21.82516012464,NA,NA,13.5,7.04,2.220625,1.3
2022-10-27,0,21.80328041478,NA,NA,9.18,6.86,2.17125,1.29583333333333
2022-10-28,0,21.7846533662666,NA,NA,9.16,6.75,2.15,1.29
2022-10-29,0,21.7655272839533,NA,NA,9.16,6.75,2.15,1.29
2022-10-30,0,21.74874456246,NA,NA,9.16,6.75,2.15,1.29
2022-10-31,8.89,21.73955739516,NA,NA,9.46,7.07,2.15302083333333,1.29416666666667
2022-11-01,0,21.72875323846,NA,NA,9.17,7.64,2.15322916666667,1.32
2022-11-02,1.016,21.71141863254,NA,NA,9.16,7.31,2.15,1.3115625
2022-11-03,0,21.6968275635933,NA,NA,9.16,7.04,2.15,1.3009375
2022-11-04,0,21.6799199088133,NA,NA,9.16,7,2.15,1.3
2022-11-05,7.62,21.6726197786333,NA,NA,9.92,7.41,2.16083333333333,1.30395833333333
2022-11-06,14.224,21.6796912724066,NA,NA,11.2,12.3,2.18010416666667,1.4103125
2022-11-07,0.254,21.68745362078,NA,NA,12.4,11.7,2.218125,1.45020833333333
2022-11-08,0,21.6809239708133,NA,NA,9.41,9.61,2.15927083333333,1.389375
2022-11-09,0,21.6661123079466,NA,NA,9.16,8.37,2.15,1.34822916666667
2022-11-10,2.794,21.6515294813,NA,NA,9.94,7.78,2.15333333333333,1.32666666666667
2022-11-11,60.706,21.8493564702866,NA,NA,170,166,2.61947916666667,2.35083333333333
2022-11-12,0,22.3515118540866,NA,NA,109,71.3,3.14083333333333,2.66802083333333
2022-11-13,0,22.4869461806266,NA,NA,30.8,35.3,2.46677083333333,1.91625
2022-11-14,0,22.5358638315,NA,NA,20.8,27.3,2.32322916666667,1.7571875
2022-11-15,21.59,22.5963467780133,NA,NA,81.6,60.7,2.30833333333333,1.76510416666667
2022-11-16,0,22.8121391836133,NA,NA,118,53.1,3.12104166666667,2.35333333333333
2022-11-17,0,22.91870457966,NA,NA,45.8,33.5,2.60510416666667,1.86979166666667
2022-11-18,0,22.9580690052066,NA,NA,35.2,27.8,2.47052083333333,1.76104166666667
2022-11-19,0,22.969382586,NA,NA,35.3,24.7,2.48614583333333,1.70625
2022-11-20,0,22.9716091059733,NA,NA,29.1,22.3,2.41375,1.6628125
2022-11-21,0,22.96578234936,NA,NA,26.3,20.6,2.38229166666667,1.6328125
2022-11-22,0,22.9567164188,NA,NA,23.3,18.1,2.34520833333333,1.58645833333333
2022-11-23,0,22.9457381747333,NA,NA,21.5,16.4,2.31802083333333,1.54979166666667
2022-11-24,0,22.9440000485,NA,NA,20.8,15.1,2.31,1.51927083333333
2022-11-25,0,22.93799995382,NA,NA,19.6,14.4,2.29385416666667,1.50347368421053
2022-11-26,0,22.9286094265,NA,NA,17.1,13.9,2.2621875,1.489375
2022-11-27,1.524,22.9195005860266,NA,NA,18.3,13.6,2.261875,1.48
2022-11-28,0,22.9122171902133,NA,NA,17.8,13.1,2.2778125,1.47395833333333
2022-11-29,0,22.8985903205066,NA,NA,15.1,12.4,2.22875,1.45302083333333
2022-11-30,10.414,22.8979512675133,NA,NA,16,14,2.23572916666667,1.48104166666667
2022-12-01,0,22.8912210549133,NA,NA,14.6,12.8,2.223125,1.46979166666667
2022-12-02,0.254,22.88525582766,NA,NA,13.2,11.9,2.19635416666667,1.44270833333333
2022-12-03,8.89,22.8926067104266,NA,NA,14.3,13.1,2.20604166666667,1.4590625
2022-12-04,0,22.89952474756,NA,NA,14.8,13.1,2.22,1.473125
2022-12-05,0,22.9001106002533,NA,NA,14.8,12.2,2.22,1.45229166666667
2022-12-06,25.4,22.9209979871466,NA,NA,49.2,22.8,2.24364583333333,1.48
2022-12-07,3.302,23.0243985398066,NA,NA,127,32.9,3.05614583333333,1.90322916666667
2022-12-08,5.08,23.07816850762,NA,NA,69.4,25.6,2.7621875,1.72572916666667
2022-12-09,4.826,23.12465867626,NA,NA,87.2,29.7,2.7859375,1.76479166666667
2022-12-10,2.286,23.1438883118333,NA,NA,80,26.4,2.803125,1.73635416666667
2022-12-11,0.254,23.1353151209533,NA,NA,60,23.4,2.695625,1.68364583333333
2022-12-12,0,23.1248668817533,NA,NA,48.2,20.6,2.60729166666667,1.635
2022-12-13,0,23.1106528605666,NA,NA,40.5,18.7,2.53510416666667,1.59395833333333
2022-12-14,7.874,23.0983565478466,NA,NA,36.9,17.6,2.48958333333333,1.5678125
2022-12-15,15.748,23.1424124406,NA,NA,153,48.9,2.8775,1.9259375
2022-12-16,0,23.1881639992533,NA,NA,129,37.6,3.08625,1.951875
2022-12-17,0,23.16758127774,NA,NA,83.1,30.4,2.83072916666667,1.8075
2022-12-18,0,23.14310359492,NA,NA,60.3,26.2,2.69875,1.73614583333333
2022-12-19,0,23.1204009038933,NA,NA,46.8,22.7,2.59604166666667,1.67322916666667
2022-12-20,0,23.10395401866,NA,NA,40.4,20.4,2.53270833333333,1.62885416666667
2022-12-21,0,23.09168393144,NA,NA,36.7,18.8,2.49197916666667,1.5971875
2022-12-22,17.272,23.1163308062,NA,NA,127,47.1,2.71666666666667,1.84479166666667
2022-12-23,2.032,23.1739012236133,NA,NA,151,40.8,3.1759375,2.02604166666667
2022-12-24,0,23.14181839556,NA,NA,87.9,29.9,2.865,1.79989583333333
2022-12-25,0,23.10321610802,NA,NA,62.5,26.3,2.71,1.735
2022-12-26,0,23.1119328148266,NA,NA,49.7,23.8,2.6175,1.6915625
2022-12-27,0,23.0961316763333,NA,NA,43.4,21.4,2.55916666666667,1.6459375
2022-12-28,0,23.0823178313,NA,NA,38.4,19.9,2.5115625,1.61614583333333
2022-12-29,0,23.07449558888,NA,NA,34.4,18.4,2.47,1.58854166666667
2022-12-30,0,23.0665388221333,NA,NA,31.9,17.4,2.440625,1.56770833333333
2022-12-31,4.826,23.0632501444333,NA,NA,34.1,17.8,2.45520833333333,1.56354166666667
2023-01-01,0,23.0609218195666,NA,NA,32.4,17.8,2.44604166666667,1.57729166666667
2023-01-02,0,23.0577972385666,NA,NA,30.5,16.4,2.42302083333333,1.5471875
2023-01-03,0.508,23.0512273262133,NA,NA,30.1,15.8,2.41864583333333,1.53166666666667
2023-01-04,0.762,23.0462080278556,NA,NA,28.5,15.3,2.40333333333333,1.52083333333333
2023-01-05,0,23.0143100645133,NA,NA,26.7,14.6,2.38354166666667,1.50760416666667
2023-01-06,0,23.00104980232,NA,NA,24.6,14.1,2.35854166666667,1.49447916666667
2023-01-07,0,22.98889046164,NA,NA,23.3,13.5,2.34229166666667,1.48145833333333
2023-01-08,7.874,22.9862121137666,NA,NA,23.4,13.4,2.333125,1.471875
2023-01-09,0,22.9906942765066,NA,NA,26.2,14.2,2.36895833333333,1.49614583333333
2023-01-10,0,22.99666639732,NA,NA,27.4,13.4,2.38666666666667,1.47989361702128
2023-01-11,0,22.9677175914466,NA,NA,25.8,12.9,2.37291666666667,1.46510416666667
2023-01-12,16.51,22.9369145677933,NA,NA,25.6,13.4,2.36,1.46
2023-01-13,0.762,22.97860077432,NA,NA,41.6,19.8,2.50041666666667,1.5975
2023-01-14,0,22.9931810033933,NA,NA,39.4,17.1,2.5190625,1.564375
2023-01-15,0,22.9947878522666,NA,NA,36.1,15.6,2.48614583333333,1.52989583333333
2023-01-16,0,22.99413316388,NA,NA,33.9,15,2.461875,1.51375
2023-01-17,6.096,22.8410768498933,NA,NA,34.7,15.4,2.461875,1.51833333333333
2023-01-18,0,22.8849207407,NA,NA,33.4,14.8,2.45875,1.51364583333333
2023-01-19,1.778,22.8450726170266,NA,NA,32.1,14.4,2.43822916666667,1.5
2023-01-20,0,22.8007783469666,NA,NA,30.9,13.8,2.43072916666667,1.48927083333333
2023-01-21,0,22.82388830752,NA,NA,29,13.4,2.40864583333333,1.478125
2023-01-22,1.27,22.8012896193333,NA,NA,28.6,13.1,2.4,1.47
2023-01-23,0.762,22.7974460100533,NA,NA,28.1,13.1,2.39802083333333,1.47
2023-01-24,0,22.8257949206377,NA,NA,26,12.7,2.37677083333333,1.4615625
2023-01-25,15.24,22.7880500877733,NA,NA,44.5,19.6,2.43552083333333,1.5421875
2023-01-26,0,22.8197853405333,NA,NA,65.2,20.8,2.725,1.6478125
2023-01-27,0,22.81536981554,NA,NA,52.9,18.2,2.6409375,1.58729166666667
2023-01-28,0,22.8399550478867,NA,NA,45.5,16.7,2.584375,1.55489583333333
2023-01-29,3.556,22.82257628322,NA,NA,40.8,15.8,2.525,1.53270833333333
2023-01-30,0,22.8163088882533,NA,NA,39.1,15.5,2.51552083333333,1.5259375
2023-01-31,4.064,22.8121993274266,NA,NA,36.4,14.9,2.48739583333333,1.5109375
2023-02-01,4.826,22.8170833647333,NA,NA,40.1,16.2,2.50833333333333,1.53385416666667
2023-02-02,3.302,22.8166522175133,NA,NA,41,15.8,2.52572916666667,1.53052083333333
2023-02-03,0,22.9322188046,NA,NA,40,15.5,2.52354166666667,1.5275
2023-02-04,0,22.85412915636,NA,NA,36.3,14.6,2.4890625,1.5059375
2023-02-05,0,22.8133096401666,NA,NA,35.2,14.4,2.47135416666667,1.5
2023-02-06,0,22.8118005000133,NA,NA,33.6,14,2.45927083333333,1.49458333333333
2023-02-07,0,22.8075771454933,NA,NA,31.4,13.5,2.43635416666667,1.48020833333333
2023-02-08,0,22.8094887596533,NA,NA,29.5,13.1,2.41458333333333,1.4715625
2023-02-09,0,22.8190790503533,NA,NA,29.7,12.8,2.41083333333333,1.465
2023-02-10,0,22.8001595250733,NA,NA,27.9,12.7,2.40072916666667,1.46
2023-02-11,0,22.78370050118,NA,NA,25.3,12.3,2.36479166666667,1.4521875
2023-02-12,38.608,22.8736594110933,NA,NA,240,56.1,2.71145833333333,1.69604166666667
2023-02-13,0,23.0810890792066,NA,NA,488,63.1,4.18302083333333,2.41822916666667
2023-02-14,0,23.0121195608933,NA,NA,162,35.8,3.225,1.9121875
2023-02-15,0.254,22.94806170408,NA,NA,100,29.6,2.9178125,1.79072916666667
2023-02-16,1.27,22.9493729291266,NA,NA,74.3,26.5,2.77333333333333,1.73552083333333
2023-02-17,16.51,22.9085095039533,NA,NA,149,42.9,2.98125,1.92604166666667
2023-02-18,0,22.9171665165266,NA,NA,125,32.3,3.03927083333333,1.84552083333333
2023-02-19,0,22.8779882670533,NA,NA,93,28.5,2.87020833333333,1.76885416666667
2023-02-20,0,22.8854997497866,NA,NA,73.2,26.1,2.76645833333333,1.72645833333333
2023-02-21,0,22.9098107383333,NA,NA,62.7,23.9,2.70208333333333,1.6928125
2023-02-22,0,22.8880926275066,NA,NA,53.8,22.2,2.64510416666667,1.65677083333333
2023-02-23,0,22.8729799958066,NA,NA,47.7,20.8,2.59864583333333,1.63572916666667
2023-02-24,0,22.8284969021466,NA,NA,42.8,19.2,2.5509375,1.60447916666667
2023-02-25,3.048,22.81141261238,NA,NA,40,18.5,2.52010416666667,1.5846875
2023-02-26,0,22.8200081324,NA,NA,38.1,18.2,2.50572916666667,1.58375
2023-02-27,8.382,22.8064769233266,NA,NA,37,18.2,2.48239583333333,1.56572916666667
2023-02-28,0.254,22.8263011034733,NA,NA,45.2,18.7,2.55604166666667,1.60145833333333
2023-03-01,0,22.8227854378266,NA,NA,38.7,16.9,2.52083333333333,1.55885416666667
2023-03-02,2.286,22.8069490822333,NA,NA,38.1,16.2,2.49739583333333,1.54
2023-03-03,19.05,22.8107654669466,NA,NA,64.2,24.3,2.50270833333333,1.53979166666667
2023-03-04,0,22.88513908672,NA,NA,242,37.5,3.36822916666667,1.9546875
2023-03-05,0,22.8807803586666,NA,NA,117,27.3,3.005625,1.75635416666667
2023-03-06,0,22.8619138338733,NA,NA,79.4,24.2,2.80791666666667,1.69604166666667
2023-03-07,0,22.8565411031066,NA,NA,65.1,21.8,2.718125,1.65677083333333
2023-03-08,0,22.8449444867266,NA,NA,53.1,19.3,2.6446875,1.60770833333333
2023-03-09,0,22.8399840707733,NA,NA,46.3,18,2.58375,1.57927083333333
2023-03-10,2.794,22.82131685978,NA,NA,43.9,17.7,2.55635416666667,1.57
2023-03-11,0,22.8350319970266,NA,NA,40,16.9,2.52822916666667,1.558125
2023-03-12,4.318,22.8984934609933,NA,NA,37.9,16.3,2.4975,1.54020833333333
2023-03-13,0,22.8543644072168,NA,NA,37.3,16,2.49625,1.53802083333333
2023-03-14,0,22.8300368135533,NA,NA,33.9,14.9,2.46583333333333,1.515
2023-03-15,0,22.7823978181533,NA,NA,31.3,14.2,2.43458333333333,1.49677083333333
2023-03-16,0,22.7765362440666,NA,NA,30.1,13.9,2.419375,1.48885416666667
2023-03-17,0.254,22.7634597102333,NA,NA,28.9,13.6,2.40614583333333,1.48
2023-03-18,0,22.7953117039333,NA,NA,28.1,13.3,2.39677083333333,1.47625
2023-03-19,0,22.7464830199466,NA,NA,27.2,12.6,2.38666666666667,1.46208333333333
2023-03-20,0,22.7368847367133,NA,NA,26.5,12.3,2.37833333333333,1.45
2023-03-21,0,22.7188627729266,NA,NA,25.6,11.9,2.36854166666667,1.44239583333333
2023-03-22,0,22.7118741517333,NA,NA,24.8,11.5,2.35916666666667,1.43239583333333
2023-03-23,0,22.70060133286,NA,NA,23.4,11.5,2.34114583333333,1.43
2023-03-24,0,22.6897662050933,NA,NA,23.6,11.4,2.34166666666667,1.42875
2023-03-25,3.81,22.6844243454866,NA,NA,23.8,11.1,2.34364583333333,1.42
2023-03-26,0,22.6776930838666,NA,NA,23.7,10.9,2.3415625,1.41635416666667
2023-03-27,0,22.66922259704,NA,NA,24.3,10.6,2.35,1.40875
2023-03-28,0,22.6584255337133,NA,NA,22.7,10.4,2.33760416666667,1.4
2023-03-29,0,22.6402695950866,NA,NA,21.9,10.2,2.32,1.3975
2023-03-30,0,22.62661814834,NA,NA,22,9.88,2.3225,1.38854166666667
2023-03-31,7.874,22.6315531380466,NA,NA,22.2,9.87,2.32041666666667,1.380625
2023-04-01,13.97,22.6320859902533,NA,NA,32.7,13.5,2.4009375,1.46333333333333
2023-04-02,0,22.6368981946666,NA,NA,36.7,11.9,2.49958333333333,1.4459375
2023-04-03,0,22.6536372069933,NA,NA,32.8,10.9,2.45041666666667,1.41895833333333
2023-04-04,0,22.6476633877666,NA,NA,31,10.2,2.42927083333333,1.3984375
2023-04-05,0,22.6208619258333,NA,NA,29.7,9.97,2.41927083333333,1.39
2023-04-06,0,22.6297990267466,NA,NA,28.4,9.65,2.39989583333333,1.38104166666667
2023-04-07,7.62,22.67779503862,NA,NA,31,10.8,2.4071875,1.39489583333333
2023-04-08,0,22.7102962757933,NA,NA,37.4,10.8,2.49010416666667,1.42177083333333
2023-04-09,0,22.7109153474533,NA,NA,36,9.98,2.4853125,1.39333333333333
2023-04-10,0,22.6657920518733,NA,NA,33.3,9.65,2.45520833333333,1.38
2023-04-11,0,22.61628485176,NA,NA,31.8,9.88,2.43822916666667,1.38572916666667
2023-04-12,0,22.6083114505533,NA,NA,30.8,9.52,2.4265625,1.37833333333333
2023-04-13,0,22.6024211533,NA,NA,29.3,9.3,2.41197916666667,1.37
2023-04-14,8.382,22.6179480479933,NA,NA,29.1,9.04,2.40197916666667,1.36260416666667
2023-04-15,0,22.62490270092,NA,NA,30.3,9.98,2.42270833333333,1.38697916666667
2023-04-16,4.572,22.6188513041666,NA,NA,28.7,9.34,2.39770833333333,1.37125
2023-04-17,0,22.59849077508,NA,NA,30.3,9.72,2.42041666666667,1.38375
2023-04-18,0,22.5813323046133,NA,NA,28.6,8.96,2.4034375,1.36166666666667
2023-04-19,0,22.5719136535666,NA,NA,27.7,8.77,2.39041666666667,1.35666666666667
2023-04-20,0,22.5763469119933,NA,NA,26.4,8.48,2.38020833333333,1.3478125
2023-04-21,0,22.5440161655466,NA,NA,24.9,8.16,2.36166666666667,1.338125
2023-04-22,7.62,22.5362253937266,NA,NA,25.9,8.17,2.36708333333333,1.3340625
2023-04-23,0,22.5224653484333,NA,NA,24.6,8.07,2.35635416666667,1.3353125
2023-04-24,0,22.50440581974,NA,NA,22.3,7.83,2.33208333333333,1.32757894736842
2023-04-25,0,22.4863896005866,NA,NA,21.7,7.65,2.32,1.32
2023-04-26,0,22.3633410531866,NA,NA,20.8,7.55,2.30989583333333,1.31875
2023-04-27,16.764,22.3044307874666,NA,NA,20.6,7.46,2.3,1.31
2023-04-28,42.926,22.64128539612,NA,NA,442,74.1,3.51135416666667,2.10114583333333
2023-04-29,0,22.90411196216,NA,NA,208,34.8,3.41604166666667,1.92166666666667
2023-04-30,4.064,22.8884409021466,NA,NA,112,27.5,2.99010416666667,1.75729166666667
2023-05-01,1.016,22.92416397946,NA,NA,74.8,21.8,2.79395833333333,1.66270833333333
2023-05-02,0,22.8555928889333,NA,NA,55.8,18.5,2.68302083333333,1.59604166666667
2023-05-03,0.254,22.8317009089466,NA,NA,44.6,16.2,2.59125,1.54645833333333
2023-05-04,0,22.81410859378,NA,NA,38.2,14.7,2.5353125,1.51104166666667
2023-05-05,0,22.82239705066,NA,NA,33.6,13.2,2.49333333333333,1.47885416666667
2023-05-06,0,22.78960243756,NA,NA,29.6,11.8,2.45302083333333,1.4425
2023-05-07,2.286,22.77519489716,NA,NA,28.3,11.1,2.43427083333333,1.42
2023-05-08,0,22.7711564199266,NA,NA,26.9,10.6,2.4271875,1.41197916666667
2023-05-09,3.048,22.7574077639933,NA,NA,24.1,9.9,2.39375,1.38916666666667
2023-05-10,0,22.7486751220733,NA,NA,22.1,9.38,2.3690625,1.3765625
2023-05-11,0,22.7295546345333,NA,NA,20.6,8.81,2.34729166666667,1.35770833333333
2023-05-12,6.096,22.7180707128733,NA,NA,19.7,8.5,2.3309375,1.34833333333333
2023-05-13,1.27,22.7080500742066,NA,NA,19.5,8.29,2.3321875,1.34
2023-05-14,0,22.6934033072933,NA,NA,18.2,8.17,2.31489583333333,1.33822916666667
2023-05-15,5.08,22.68036978328,NA,NA,18.1,8.25,2.30541666666667,1.33447916666667
2023-05-16,11.176,22.67516964128,NA,NA,18.4,9.73,2.31114583333333,1.3490625
2023-05-17,0,22.6668528109066,NA,NA,18.5,10.7,2.3225,1.4315625
2023-05-18,0,22.6442084653733,NA,NA,16.9,8.92,2.29645833333333,1.363125
2023-05-19,0,22.6270850121933,NA,NA,16,8.44,2.28020833333333,1.34708333333333
2023-05-20,0,22.6085486789333,NA,NA,16,8.19,2.278125,1.33364583333333
2023-05-21,0,22.5921327647666,NA,NA,14.9,8.06,2.268125,1.33958333333333
2023-05-22,0,22.57420056712,NA,NA,14.3,7.55,2.2540625,1.31875
2023-05-23,0,22.55543719596,NA,NA,12.5,7.35,2.22673684210526,1.31
2023-05-24,0,22.53615575878,NA,NA,12.9,7.35,2.2234375,1.31
2023-05-25,0,22.5137102275133,NA,NA,13.2,7.35,2.24083333333333,1.31
2023-05-26,0,22.4927055501933,NA,NA,11.8,7.2,2.2146875,1.30739583333333
2023-05-27,0,22.4706389649133,NA,NA,11.2,6.94,2.2,1.29864583333333
2023-05-28,5.334,22.4548615043,NA,NA,11.7,7.07,2.20447916666667,1.29416666666667
2023-05-29,20.574,22.4600042998733,NA,NA,18.5,9.75,2.27354166666667,1.36177083333333
2023-05-30,14.732,22.46617128864,NA,NA,23.5,11.9,2.38177083333333,1.39760416666667
2023-05-31,0,22.4645663879466,NA,NA,24.1,11.4,2.39604166666667,1.4640625
2023-06-01,0,22.45087103222,NA,NA,18.1,9.32,2.3221875,1.37916666666667
2023-06-02,0,22.4340451010933,NA,NA,15.2,8.34,2.275,1.345625
2023-06-03,0.254,22.4158795714266,NA,NA,13.6,7.64,2.24552083333333,1.32364583333333
2023-06-04,0,22.39901752404,NA,NA,12.9,7.35,2.23052083333333,1.31
2023-06-05,0,22.3821979369866,NA,NA,12.3,6.98,2.22072916666667,1.3021875
2023-06-06,0,22.3626788718,NA,NA,11.6,6.67,2.21,1.28927083333333
2023-06-07,0.254,22.3432654712811,NA,NA,11.2,6.46,2.2,1.28
2023-06-08,0,22.3219093588933,NA,NA,10.7,6.37,2.19072916666667,1.27885416666667
2023-06-09,0,22.30061735,NA,NA,10.7,6.11,2.19,1.269375
2023-06-10,0,22.2781726179867,NA,NA,10.2,5.83,2.18135416666667,1.2590625
2023-06-11,2.54,22.25916772246,NA,NA,10.2,5.65,2.18,1.25
2023-06-12,0.508,22.2413411761133,NA,NA,9.35,5.65,2.17010416666667,1.25
2023-06-13,0,22.21736082868,NA,NA,8.54,5.65,2.14927083333333,1.25
2023-06-14,0,22.19594058958,NA,NA,8.2,5.54,2.14,1.24791666666667
2023-06-15,0,22.1739175636066,NA,NA,8.2,5.29,2.14,1.2384375
2023-06-16,0,22.1542568307666,NA,NA,8.61,5.08,2.14645833333333,1.23
2023-06-17,0,22.1284272109333,NA,NA,8.13,4.84,2.14447916666667,1.22
2023-06-18,0,22.1053289894133,NA,NA,7.3,4.65,2.12,1.21
2023-06-19,19.812,22.0874680751733,NA,NA,7.47,4.71,2.12,1.21
2023-06-20,25.654,22.1224641316733,NA,NA,31.5,12.4,2.38677083333333,1.41197916666667
2023-06-21,4.826,22.1258071086466,NA,NA,22.2,9.39,2.38083333333333,1.3559375
2023-06-22,19.05,22.1625790561,NA,NA,98.4,23.7,2.66677083333333,1.60208333333333
2023-06-23,0.254,22.2183589961866,NA,NA,84.8,18.9,2.91604166666667,1.63666666666667
2023-06-24,0,22.2254809428266,NA,NA,42.8,13.6,2.60791666666667,1.49604166666667
2023-06-25,0,22.2190553956066,NA,NA,30.9,10.9,2.4828125,1.42510416666667
2023-06-26,2.286,22.20380838944,NA,NA,24.2,8.9,2.40375,1.36854166666667
2023-06-27,0.254,22.1913323746685,NA,NA,20.9,8.11,2.35302083333333,1.33833333333333
2023-06-28,0,22.1730414820466,NA,NA,18.2,7.4,2.319375,1.31614583333333
2023-06-29,0,22.1454322747133,NA,NA,15.8,6.82,2.28395833333333,1.29666666666667
2023-06-30,0,22.12132064992,NA,NA,13.5,6.41,2.24385416666667,1.28
2023-07-01,0,22.0985935317133,NA,NA,13.4,6.14,2.23572916666667,1.27010416666667
2023-07-02,0.762,22.0791673797266,NA,NA,12.8,5.81,2.2309375,1.25885416666667
2023-07-03,0,22.0584033276133,NA,NA,11.4,5.63,2.2090625,1.24927083333333
2023-07-04,0,22.0364845042933,NA,NA,10.1,5.54,2.1825,1.24822916666667
2023-07-05,0,22.0555835119,NA,NA,9.49,5.29,2.16885416666667,1.2384375
2023-07-06,10.668,22.14385659672,NA,NA,9,5.21,2.1575,1.22791666666667
2023-07-07,0,22.0820295558666,NA,NA,8.6,6.5,2.15135416666667,1.27875
2023-07-08,0,21.9511291936733,NA,NA,8.2,5.62,2.14052083333333,1.25510416666667
2023-07-09,8.89,21.9537907072733,NA,NA,9.61,6.37,2.15229166666667,1.26333333333333
2023-07-10,0,21.9437877021333,NA,NA,12.1,5.86,2.2275,1.2671875
2023-07-11,0,21.92475033694,NA,NA,8,5.09,2.13989583333333,1.23458333333333
2023-07-12,0,21.9069486174,NA,NA,7.34,4.65,2.12260416666667,1.21
2023-07-13,19.812,21.8886777361533,NA,NA,7.73,5.35,2.12,1.21
2023-07-14,17.78,21.91349015626,NA,NA,23.7,18,2.33885416666667,1.53604166666667
2023-07-15,7.112,21.90666777976,NA,NA,21.4,9.61,2.27895833333333,1.38302083333333
2023-07-16,3.302,21.8992749861466,NA,NA,31.5,9.34,2.50260416666667,1.38333333333333
2023-07-17,0.508,21.8821204619933,NA,NA,17.9,7.49,2.331875,1.3221875
2023-07-18,0,21.8645118120866,NA,NA,14.7,6.72,2.25552083333333,1.29520833333333
2023-07-19,6.604,21.8526024378866,NA,NA,14.1,6.84,2.25833333333333,1.29072916666667
2023-07-20,23.368,21.8349125139066,NA,NA,11.5,6.19,2.210625,1.27447916666667
2023-07-21,0,21.8247387682733,NA,NA,10.6,5.73,2.18614583333333,1.25729166666667
2023-07-22,0,21.8046518335933,NA,NA,10.7,5.34,2.1915625,1.24
2023-07-23,3.556,21.7871595749533,NA,NA,8.98,5.65,2.16479166666667,1.23895833333333
2023-07-24,0,21.7696295515933,NA,NA,8.54,6.23,2.14936842105263,1.2759375
2023-07-25,0,21.7696144157333,NA,NA,7.93,5.96,2.13739583333333,1.25729166666667
2023-07-26,0,21.7584928056,NA,NA,7.33,5.9,2.12260416666667,1.26778947368421
2023-07-27,0,21.7046622443933,NA,NA,7.18,5.18,2.1196875,1.23604166666667
2023-07-28,1.778,21.6875284508733,NA,NA,6.95,5,2.10625,1.22020833333333
2023-07-29,0,21.6744768937066,NA,NA,7.01,5.13,2.116875,1.2359375
2023-07-30,0,21.6842534603866,NA,NA,6.99,4.65,2.10947916666667,1.21
2023-07-31,0,21.6248374171666,NA,NA,6.59,4.65,2.11135416666667,1.21
2023-08-01,0,21.5967325229066,NA,NA,5.62,4.58,2.08052083333333,1.20927083333333
2023-08-02,0,21.57013332202,NA,NA,7.07,4.34,2.10979166666667,1.19885416666667
2023-08-03,6.858,21.5508896995133,NA,NA,6.03,4.34,2.08375,1.19208333333333
2023-08-04,0.508,21.5350862132133,NA,NA,7.26,4.52,2.12020833333333,1.20875
2023-08-05,0,21.5159277111866,NA,NA,7.37,4.19,2.11583333333333,1.19010416666667
2023-08-06,12.954,21.4989876866466,NA,NA,7.55,4.19,2.128125,1.19
2023-08-07,0,21.4837289914,NA,NA,8.95,4.19,2.15333333333333,1.19
2023-08-08,0,21.469845901056,NA,NA,6.66,4.13,2.11239583333333,1.18916666666667
2023-08-09,0,NA,NA,NA,5.65,3.97,2.08364583333333,1.18
2023-08-10,4.826,NA,NA,NA,6.23,3.97,2.0828125,1.18
2023-08-11,0,NA,NA,NA,6.62,3.93,2.111875,1.18
2023-08-12,0,NA,NA,NA,5.44,3.76,2.07645833333333,1.17010416666667
2023-08-13,0,NA,NA,NA,5.22,3.69,2.06947916666667,1.16854166666667
2023-08-14,6.858,21.3374223158656,NA,NA,5.24,3.55,2.0659375,1.16
2023-08-15,0,21.3223074922133,NA,NA,5.97,3.55,2.08822916666667,1.16
2023-08-16,0,21.2983774477866,NA,NA,4.86,3.49,2.06083333333333,1.15895833333333
2023-08-17,0,21.2754747436133,NA,NA,4.67,3.36,2.0521875,1.15
2023-08-18,0,21.25051176416,NA,NA,4.56,3.18,2.050625,1.14302083333333
2023-08-19,0,21.2332891869155,NA,NA,5.01,3.11,2.05854166666667,1.13958333333333
2023-08-20,0,NA,NA,NA,4.23,2.95,2.04333333333333,1.13
2023-08-21,0,21.1744926850317,NA,NA,4.29,2.8,2.03979166666667,1.12052083333333
2023-08-22,0,21.15704633006,NA,NA,4.28,2.8,2.04177083333333,1.12
2023-08-23,0,21.1307889598333,NA,NA,4.06,2.8,2.03416666666667,1.12
2023-08-24,0,21.1073865724666,NA,NA,4.08,2.8,2.03416666666667,1.12
2023-08-25,1.016,21.0905265232133,NA,NA,4.5,2.85,2.04177083333333,1.12302083333333
2023-08-26,0,21.0670823249066,NA,NA,5.12,2.8,2.06010416666667,1.12
2023-08-27,0.508,21.0429025138133,NA,NA,5.35,2.8,2.07447916666667,1.12
2023-08-28,14.986,21.0372225700466,NA,NA,25.9,3.62,2.30614583333333,1.1521875
2023-08-29,34.544,21.0281709760933,NA,NA,14.2,4.77,2.29614583333333,1.16614583333333
2023-08-30,0,21.0432683220733,NA,NA,13.9,7.27,2.25708333333333,1.324375
2023-08-31,0,21.0213559926866,NA,NA,9.04,4.97,2.1978125,1.2334375
2023-09-01,0,20.99438573844,NA,NA,6.37,4.2,2.13666666666667,1.195625
2023-09-02,0,20.9711114813733,NA,NA,5.36,3.72,2.115,1.1721875
2023-09-03,0,20.95019202444,NA,NA,4.36,3.47,2.09229166666667,1.1578125
2023-09-04,0,20.9297474738466,NA,NA,3.96,3.12,2.08260416666667,1.141875
2023-09-05,0,20.90668601798,NA,NA,3.74,2.94,2.07364583333333,1.12989583333333
2023-09-06,0,20.8835088701933,NA,NA,3.48,2.8,2.06677083333333,1.12
2023-09-07,26.67,20.8685412030666,NA,NA,3.52,2.85,2.061875,1.1209375
2023-09-08,2.794,20.8636736004066,NA,NA,6.76,3.11,2.1484375,1.13697916666667
2023-09-09,6.096,20.8453761439866,NA,NA,4.52,3.24,2.09666666666667,1.13489583333333
2023-09-10,9.144,20.8363373380866,NA,NA,5.62,4.53,2.12354166666667,1.19385416666667
2023-09-11,0,20.82307582706,NA,NA,5.59,4.04,2.13385416666667,1.19177083333333
2023-09-12,0.508,20.8035072081666,NA,NA,4.58,3.68,2.09802083333333,1.16802083333333
2023-09-13,0,20.78307339754,NA,NA,4.31,3.51,2.09677083333333,1.15979166666667
2023-09-14,0,20.7617900305733,NA,NA,3.69,3.29,2.07604166666667,1.14875
2023-09-15,0,20.7378289651266,NA,NA,3.48,3.1,2.06020833333333,1.13854166666667
2023-09-16,0,20.7150402045066,NA,NA,3.58,2.98,2.07333333333333,1.13
2023-09-17,9.906,20.7005298601466,NA,NA,4.65,3.3,2.08947916666667,1.14072916666667
2023-09-18,0,20.7284877417466,NA,NA,4.61,3.47,2.10177083333333,1.15802083333333
2023-09-19,0,20.7916273064333,NA,NA,4.38,3.25,2.09989583333333,1.14729166666667
2023-09-20,0,20.7269037215466,NA,NA,3.1,2.98,2.05239583333333,1.13166666666667
2023-09-21,0,20.6244057756666,NA,NA,3.68,2.91,2.061875,1.12864583333333
2023-09-22,0,20.5959606992066,NA,NA,4.9,2.8,2.0959375,1.12
2023-09-23,6.35,20.5904597881866,NA,NA,6.41,3.45,2.14552083333333,1.14291666666667
2023-09-24,0,20.5673976829266,NA,NA,6.12,3.93,2.14770833333333,1.178125
2023-09-25,0,20.54953202312,NA,NA,5.2,3.76,2.12145833333333,1.17
2023-09-26,1.778,20.53015362652,NA,NA,5,3.55,2.110625,1.16197916666667
2023-09-27,0.762,20.5114064901933,NA,NA,5.28,3.55,2.1196875,1.16
2023-09-28,0,20.4901142315333,NA,NA,4.98,3.55,2.11229166666667,1.16
2023-09-29,0,20.4690437656733,NA,NA,6.09,3.5,2.126875,1.15927083333333
2023-09-30,0,20.4495459306533,NA,NA,4.46,3.36,2.11125,1.15
2023-10-01,0,20.4285258177533,NA,NA,4.32,3.28,2.093125,1.14822916666667
2023-10-02,0,20.4055703129066,NA,NA,4.23,3.16,2.08895833333333,1.14
2023-10-03,0,20.3829410033266,NA,NA,4.25,3.1,2.0896875,1.13864583333333
2023-10-04,0,20.35891100228,NA,NA,4.28,2.98,2.09041666666667,1.13
2023-10-05,0,20.33530505508,NA,NA,4.31,2.98,2.09135416666667,1.13
2023-10-06,22.352,20.3151692160866,NA,NA,4.56,3,2.09302083333333,1.13
2023-10-07,0.762,20.3137929018466,NA,NA,5.77,3.28,2.13010416666667,1.14625
2023-10-08,0,20.2870830043733,NA,NA,7.2,3.2,2.16333333333333,1.15
2023-10-09,5.334,20.2641468314666,NA,NA,6.1,3.16,2.1425,1.1509375
2023-10-10,0,20.2466768520133,NA,NA,5.69,3.3,2.13322916666667,1.16489583333333
2023-10-11,0,20.2235399666133,NA,NA,5.3,3.03,2.12208333333333,1.15791666666667
2023-10-12,0,20.2029519500466,NA,NA,5.08,2.92,2.11489583333333,1.155
2023-10-13,0,20.1796013642866,NA,NA,5.28,2.75,2.113125,1.15
2023-10-14,5.334,20.16519881922,NA,NA,5.9,2.83,2.1371875,1.1553125
2023-10-15,0,20.1483084482933,NA,NA,5.89,2.93,2.13572916666667,1.17
2023-10-16,0,20.1223678321533,NA,NA,5.87,2.84,2.13458333333333,1.17
2023-10-17,0,20.0980922105666,NA,NA,5.91,2.75,2.13760416666667,1.17
2023-10-18,0,20.0742020289,NA,NA,5.15,2.66,2.11541666666667,1.17
2023-10-19,0,20.0520235481533,NA,NA,5.08,2.48,2.11385416666667,1.16368421052632
2023-10-20,4.572,20.0333749198,NA,NA,5.8,2.66,2.12479166666667,1.16614583333333
2023-10-21,0,20.01716441374,NA,NA,6.56,2.87,2.150625,1.18958333333333
2023-10-22,0,19.9972548133933,NA,NA,6.71,2.87,2.15645833333333,1.196875
2023-10-23,0,19.9707819444866,NA,NA,6.84,2.73,2.15895833333333,1.2
2023-10-24,0,20.0469734160133,NA,NA,6.9,2.49,2.16010416666667,1.19395833333333
2023-10-25,0,20.0975501669466,NA,NA,7.02,2.45,2.16322916666667,1.19
2023-10-26,0,20.1385843825666,NA,NA,7.02,2.36,2.16333333333333,1.18604166666667
2023-10-27,0,20.1197738055066,NA,NA,7.17,2.29,2.165,1.18
2023-10-28,0,20.1165849345666,NA,NA,7.9,2.36,2.18072916666667,1.18197916666667
2023-10-29,0,20.0948809605333,NA,NA,8.3,2.61,2.19,1.1934375
2023-10-30,0,20.07653190232,NA,NA,9.75,2.8,2.21020833333333,1.2115625
2023-10-31,0,20.0514347981666,NA,NA,9.35,2.8,2.225625,1.21
2023-11-01,0,20.0313790343666,NA,NA,7.38,2.8,2.17416666666667,1.21
2023-11-02,0,20.0059057816133,NA,NA,7.02,2.8,2.16489583333333,1.21
2023-11-03,0,19.9827022085133,NA,NA,7.17,2.8,2.16510416666667,1.21
2023-11-04,0,19.9602654690333,NA,NA,8.17,2.8,2.18802083333333,1.21
2023-11-05,0,19.9413793625333,NA,NA,7.53,2.84,2.17520833333333,1.2103125
2023-11-06,0,19.9185946481333,NA,NA,7.43,2.82,2.1728125,1.2134375
2023-11-07,0,19.6384685434133,NA,NA,7.51,2.8,2.1740625,1.21
2023-11-08,0,19.3105821066466,NA,NA,7.46,3.27,2.1740625,1.226875
2023-11-09,0,19.3002717386466,NA,NA,8.71,2.58,2.19458333333333,1.15166666666667
2023-11-10,2.794,19.28305047684,NA,NA,7.12,2.74,2.17260416666667,1.15385416666667
2023-11-11,0,19.2640027213533,NA,NA,6.83,2.8,2.16041666666667,1.16
2023-11-12,0,19.2432515072466,NA,NA,6.54,2.8,2.1528125,1.16
2023-11-13,0,19.2271469522066,NA,NA,6.43,2.8,2.14916666666667,1.16
2023-11-14,0,19.60082860684,NA,NA,6.48,2.71,2.1509375,1.15708333333333
2023-11-15,0,20.1040320115733,NA,NA,6.34,2.62,2.14729166666667,1.15
2023-11-16,0,20.0940592781533,NA,NA,6.32,2.62,2.14583333333333,1.15
2023-11-17,1.016,20.0849719675666,NA,NA,8.17,2.62,2.18125,1.15
2023-11-18,0,20.08260363008,NA,NA,6.23,2.62,2.15583333333333,1.15
2023-11-19,0,20.06785710636,NA,NA,5.47,2.62,2.12677083333333,1.15
2023-11-20,0,20.0513322439733,NA,NA,5.35,2.55,2.12052083333333,1.148125
2023-11-21,50.038,20.0640859793666,NA,NA,13.4,10,2.206875,1.2471875
2023-11-22,0,20.1295295416466,NA,NA,16.1,13.2,2.35760416666667,1.56989583333333
2023-11-23,0,20.1355758931133,NA,NA,8.18,7.17,2.21364583333333,1.3625
2023-11-24,0,20.1299077383333,NA,NA,6.97,5.58,2.15875,1.29583333333333
2023-11-25,0,20.1165098547066,NA,NA,7.2,4.55,2.17427083333333,1.25510416666667
2023-11-26,0,20.09943680444,NA,NA,5.5,3.96,2.12916666666667,1.2225
2023-11-27,0,20.08352571866,NA,NA,5.41,3.58,2.12510416666667,1.20635416666667
2023-11-28,0,20.0616025993533,NA,NA,5.29,3.21,2.12104166666667,1.18458333333333
2023-11-29,0,20.0372211266533,NA,NA,5.07,3.08,2.11354166666667,1.1775
2023-11-30,0,20.0164142645333,NA,NA,5.42,2.98,2.12125,1.17
2023-12-01,2.286,19.9966288981266,NA,NA,5.8,2.98,2.12875,1.17
2023-12-02,9.652,19.9808820589066,NA,NA,7.04,3.06,2.14947916666667,1.17
2023-12-03,6.858,19.9799816500733,NA,NA,12.9,5.43,2.25697916666667,1.26208333333333
2023-12-04,0,19.9636514558266,NA,NA,11.6,4.7,2.27260416666667,1.26052083333333
2023-12-05,0.508,19.9449610165333,NA,NA,8.31,4.06,2.1990625,1.2284375
2023-12-06,0,19.92894258104,NA,NA,7.63,3.71,2.18135416666667,1.21197916666667
2023-12-07,0,19.9039573723533,NA,NA,7.15,3.4,2.16833333333333,1.19427083333333
2023-12-08,0,19.8833889874466,NA,NA,6.68,3.22,2.1578125,1.18520833333333
2023-12-09,3.048,19.86441271518,NA,NA,6.64,3.16,2.15166666666667,1.18
2023-12-10,32.004,19.89600664996,NA,NA,14.1,13.2,2.23354166666667,1.395
2023-12-11,0,20.0053407095066,NA,NA,20.4,14.2,2.41239583333333,1.55895833333333
2023-12-12,0,20.03556617272,NA,NA,11.8,9.12,2.27125,1.421875
2023-12-13,0,20.03894791348,NA,NA,9.7,7.23,2.2303125,1.35666666666667
2023-12-14,0,20.0319997045333,NA,NA,8.03,6.07,2.1890625,1.3121875
2023-12-15,0,20.0250062378666,NA,NA,8.2,5.41,2.18572916666667,1.2865625
2023-12-16,0,20.0133762027066,NA,NA,8.62,4.94,2.1990625,1.26458333333333
2023-12-17,8.636,20.0063416744,NA,NA,9.58,5.81,2.20635416666667,1.25895833333333
2023-12-18,0,20.0328835788133,NA,NA,11.1,9.95,2.2534375,1.43041666666667
2023-12-19,0,20.03881378878,NA,NA,8.75,7.56,2.2075,1.36770833333333
2023-12-20,0,20.0324391440066,NA,NA,7.93,6.38,2.18666666666667,1.32354166666667
2023-12-21,0,20.0241394476266,NA,NA,7.64,5.73,2.1796875,1.29739583333333
2023-12-22,0,20.0107583982733,NA,NA,8.99,5.26,2.1946875,1.27895833333333
2023-12-23,0,19.9954778234667,NA,NA,8.93,4.94,2.21572916666667,1.2640625
2023-12-24,0,19.9793244140666,NA,NA,7.07,4.71,2.16572916666667,1.25479166666667
2023-12-25,4.318,19.96479268968,NA,NA,7.67,4.49,2.16729166666667,1.24385416666667
2023-12-26,21.844,19.97313584546,NA,NA,13.3,8.79,2.2246875,1.290625
2023-12-27,16.764,20.1791182156466,NA,NA,67.4,38.2,2.6525,1.8709375
2023-12-28,0,20.4218980094866,NA,NA,32.3,21.6,2.50489583333333,1.730625
2023-12-29,0,20.5104269053266,NA,NA,22.2,15,2.3575,1.5721875
2023-12-30,0,20.5530661215466,NA,NA,19.4,11.9,2.31229166666667,1.49197916666667
2023-12-31,0,20.5748056124,NA,NA,17.3,9.84,2.29072916666667,1.43510416666667
2024-01-01,0,20.5895373998866,NA,NA,14.1,8.55,2.23260416666667,1.39510416666667
2024-01-02,0,20.5861093024333,NA,NA,12.9,7.63,2.21385416666667,1.36479166666667
2024-01-03,0,20.57734678842,NA,NA,12.6,7.06,2.2034375,1.34291666666667
2024-01-04,0,20.5719691622266,NA,NA,13.4,6.58,2.20822916666667,1.32802083333333
2024-01-05,0,20.5559143607066,NA,NA,12.5,6.02,2.21489583333333,1.30822916666667
2024-01-06,14.224,20.55859390746,NA,NA,14.5,9.37,2.20885416666667,1.35427083333333
2024-01-07,0,20.59160746602,NA,NA,17.4,10.7,2.284375,1.46708333333333
2024-01-08,0,20.60449347784,NA,NA,16.3,8.87,2.26333333333333,1.40541666666667
2024-01-09,46.482,20.7256739703866,NA,NA,185,79.6,2.52479166666667,1.80197916666667
2024-01-10,0.254,21.18087571852,NA,NA,184,48.6,3.455625,2.2603125
2024-01-11,0,21.3220465859533,NA,NA,45.8,30.6,2.64135416666667,1.78354166666667
2024-01-12,4.318,21.4003414424866,NA,NA,27.3,25.1,2.42802083333333,1.67479166666667
2024-01-13,0.254,21.4628301651933,NA,NA,22,23.2,2.35895833333333,1.64208333333333
2024-01-14,0,21.5070977601733,NA,NA,17.9,20.2,2.29104166666667,1.58447916666667
2024-01-15,0,21.5408511276,NA,NA,16.9,18.5,2.27447916666667,1.55020833333333
2024-01-16,0,21.5777996600866,NA,NA,15.7,16.7,2.26114583333333,1.52114583333333
2024-01-17,0,21.5903024299333,NA,NA,16.2,14.6,2.255,1.46947916666667
2024-01-18,4.572,21.59878160864,NA,NA,15.4,13.3,2.26020833333333,1.43770833333333
2024-01-19,0.762,21.6076194023266,NA,NA,12.8,12.8,2.21104166666667,1.42520833333333
2024-01-20,0,21.60691930636,NA,NA,12.1,11.8,2.20072916666667,1.40270833333333
2024-01-21,0,21.5953073043533,NA,NA,11.2,10.8,2.18125,1.3734375
2024-01-22,0,21.5843017857666,NA,NA,10.3,10.2,2.17375,1.35895833333333
2024-01-23,0,21.58251760256,NA,NA,11.5,10,2.18510416666667,1.35
2024-01-24,0,NA,NA,NA,12,10,2.19229166666667,1.35
2024-01-25,2.54,NA,NA,NA,14.5,10,2.2225,1.35
2024-01-26,2.032,NA,NA,NA,13.1,10.1,2.221875,1.35291666666667
2024-01-27,17.526,NA,NA,NA,13.3,10.8,2.2040625,1.35
2024-01-28,16.51,NA,NA,NA,293,57.9,3.25552083333333,2.01135416666667
2024-01-29,0,NA,NA,NA,119,34.3,3.08427083333333,1.85635416666667
2024-01-30,0,NA,NA,NA,59,26.7,2.718125,1.70739583333333
2024-01-31,0.762,NA,NA,NA,44.9,23.3,2.59697916666667,1.6446875
2024-02-01,0,NA,NA,NA,36.1,20.2,2.51364583333333,1.58854166666667
2024-02-02,0,NA,NA,NA,30.2,17.8,2.44989583333333,1.539375
2024-02-03,0,NA,NA,NA,24.8,16,2.388125,1.50052083333333
2024-02-04,0,NA,NA,NA,21.6,14.9,2.344375,1.47510416666667
2024-02-05,0,NA,NA,NA,19.1,14,2.31,1.45520833333333
2024-02-06,0,NA,NA,NA,17.2,13.1,2.28197916666667,1.43479166666667
2024-02-07,0,NA,NA,NA,16.4,12.4,2.26583333333333,1.414375
2024-02-08,0,NA,NA,NA,17.2,11.7,2.27520833333333,1.3971875
2024-02-09,0,NA,NA,NA,17.5,11.3,2.2784375,1.385625
2024-02-10,2.032,NA,NA,NA,18.4,11.3,2.286875,1.38239583333333
2024-02-11,12.446,NA,NA,NA,24.3,14.7,2.345,1.4440625
2024-02-12,6.604,NA,NA,NA,22.4,14.5,2.3646875,1.465625
2024-02-13,17.018,NA,NA,NA,166,54.5,2.97552083333333,1.975625
2024-02-14,0,NA,NA,NA,70.6,31.1,2.80364583333333,1.7921875
2024-02-15,0,NA,NA,NA,48.8,26.3,2.6259375,1.69416666666667
2024-02-16,0,NA,NA,NA,37,23,2.53302083333333,1.63875
2024-02-17,0,NA,NA,NA,30,19.9,2.4503125,1.58354166666667
2024-02-18,0,NA,NA,NA,24.8,17.5,2.38572916666667,1.53177083333333
2024-02-19,0,NA,NA,NA,21.7,15.9,2.34645833333333,1.499375
2024-02-20,0,NA,NA,NA,20,14.9,2.319375,1.47447916666667
2024-02-21,0,NA,NA,NA,19.2,14,2.30677083333333,1.45458333333333
2024-02-22,0,NA,NA,NA,19,13.5,2.30208333333333,1.4409375
2024-02-23,0.254,NA,NA,NA,20.2,13,2.3125,1.42958333333333
2024-02-24,0,NA,NA,NA,20.1,12.5,2.32239583333333,1.41708333333333
2024-02-25,0,NA,NA,NA,17.9,11.7,2.29364583333333,1.39833333333333
2024-02-26,2.286,22.26003840906,NA,NA,17.2,11.3,2.27458333333333,1.38645833333333
2024-02-27,2.54,22.26177198954,NA,NA,17.1,11.1,2.275625,1.38
2024-02-28,8.89,22.2714780221133,NA,NA,18.4,12,2.28739583333333,1.389375
2024-02-29,0,22.4066989480133,NA,NA,18.8,12.1,2.30291666666667,1.414375
2024-03-01,7.874,22.6186638293066,NA,NA,18,11.3,2.29041666666667,1.38427083333333
2024-03-02,2.286,22.6611456925266,NA,NA,19.2,13.9,2.29947916666667,1.43270833333333
2024-03-03,0,22.69939166294,NA,NA,19.7,13.6,2.31177083333333,1.4478125
2024-03-04,0,22.72691569984,NA,NA,19.7,12.8,2.31260416666667,1.42427083333333
2024-03-05,0,22.7492576778466,NA,NA,19.6,12.2,2.31041666666667,1.41145833333333
2024-03-06,15.24,22.76992851704,NA,NA,20.2,12.3,2.31020833333333,1.4
2024-03-07,0.762,22.8356766947466,NA,NA,29.4,15.1,2.41197916666667,1.47145833333333
2024-03-08,1.778,22.9001276842933,NA,NA,27.6,13.9,2.414375,1.45083333333333
2024-03-09,13.208,22.9636077808533,NA,NA,72.7,18.3,2.55510416666667,1.5
2024-03-10,0,23.04176391698,NA,NA,116,20.9,2.99572916666667,1.59791666666667
2024-03-11,0,23.0774227543066,NA,NA,76,18.7,2.80677083333333,1.55635416666667
2024-03-12,0,23.0985079064466,NA,NA,56.9,17.2,2.688125,1.52385416666667
2024-03-13,0,23.11260993226,NA,NA,47.6,16,2.61489583333333,1.49885416666667
2024-03-14,0,23.15132296634,NA,NA,42.3,15,2.564375,1.47645833333333
2024-03-15,0,23.2120078242266,NA,NA,38.9,14.2,2.52927083333333,1.4575
2024-03-16,0,23.2145977547,NA,NA,35.9,13.4,2.50520833333333,1.44010416666667
2024-03-17,0,23.2127241050733,NA,NA,31.8,12.6,2.4634375,1.42104166666667
2024-03-18,0,23.1891750047666,NA,NA,28.2,12,2.42416666666667,1.40572916666667
2024-03-19,0,23.1484561944933,NA,NA,25.8,11.3,2.39145833333333,1.3878125
2024-03-20,0,23.1416278735466,NA,NA,24.6,11,2.37791666666667,1.3784375
2024-03-21,0,23.1120214819933,NA,NA,22.9,10.6,2.35770833333333,1.36854166666667
2024-03-22,5.08,23.0959395558133,NA,NA,22.6,10.4,2.34697916666667,1.36
2024-03-23,9.652,23.1161098626066,NA,NA,36.9,15.5,2.46447916666667,1.46104166666667
2024-03-24,0,23.1142239744133,NA,NA,35.2,13.1,2.5040625,1.43791666666667
2024-03-25,0,23.1114995695666,NA,NA,31.8,12.1,2.46197916666667,1.4075
2024-03-26,3.556,23.1090618469,NA,NA,29.9,11.5,2.43354166666667,1.39208333333333
2024-03-27,1.524,23.1111424531866,NA,NA,30.2,11.5,2.4396875,1.39
2024-03-28,0,23.1014422651533,NA,NA,28,11.2,2.41958333333333,1.38645833333333
2024-03-29,0,23.0803245933933,NA,NA,27.6,10.5,2.4075,1.36697916666667
2024-03-30,0,23.0744788445226,NA,NA,26.3,10.2,2.4,1.358125
2024-03-31,2.54,NA,NA,NA,25.6,10.4,2.38416666666667,1.354375
2024-04-01,7.112,NA,NA,NA,25,10.6,2.37916666666667,1.36989583333333
2024-04-02,0,NA,NA,NA,26.3,11.9,2.39239583333333,1.39520833333333
2024-04-03,23.622,NA,NA,NA,45.3,20.9,2.50083333333333,1.53135416666667
2024-04-04,0,NA,NA,NA,53.7,19.5,2.66583333333333,1.579375
2024-04-05,0,NA,NA,NA,43.9,16.8,2.58291666666667,1.52104166666667
2024-04-06,0,NA,NA,NA,38.7,15,2.53145833333333,1.4790625
2024-04-07,0,NA,NA,NA,35.3,13.7,2.4946875,1.45010416666667
2024-04-08,0,NA,NA,NA,33,12.9,2.476875,1.42541666666667
2024-04-09,2.032,NA,NA,NA,29.6,12.3,2.43416666666667,1.41270833333333
2024-04-10,0,NA,NA,NA,27.5,11.9,2.41510416666667,1.4034375
2024-04-11,17.526,NA,NA,NA,78.8,16.3,2.41322916666667,1.40010416666667
2024-04-12,2.794,NA,NA,NA,288,29.5,3.53947916666667,1.75895833333333
2024-04-13,0,NA,NA,NA,112,20,2.99229166666667,1.59125
2024-04-14,0,NA,NA,NA,76.1,17.2,2.7790625,1.52697916666667
2024-04-15,0,NA,NA,NA,60.8,15.2,2.69166666666667,1.48427083333333
2024-04-16,0,NA,NA,NA,48.8,13.7,2.60114583333333,1.45
2024-04-17,0,NA,NA,NA,44.7,12.8,2.555,1.4246875
2024-04-18,0,NA,NA,NA,39.9,12,2.52291666666667,1.40635416666667
2024-04-19,0.508,NA,NA,NA,36,11.4,2.47364583333333,1.39
2024-04-20,0,NA,NA,NA,33.6,10.8,2.45260416666667,1.37572916666667
2024-04-21,0,NA,NA,NA,31,10.3,2.41989583333333,1.35989583333333
2024-04-22,0,NA,NA,NA,29.4,9.88,2.40427083333333,1.3484375
2024-04-23,0,NA,30.137741316331,0.0108068954530951,27.6,9.58,2.38302083333333,1.34
2024-04-24,0,NA,30.2607206921992,0.0111971618366264,25.9,9.3,2.36375,1.33010416666667
2024-04-25,0,NA,29.7396142238283,0.00968436869364261,24.5,9.12,2.34510416666667,1.326875
2024-04-26,0,NA,29.3108598788159,0.00855421325977933,24.6,8.71,2.34447916666667,1.3146875
2024-04-27,0,NA,29.2589110309826,0.00843910002542921,23.4,8.4,2.33166666666667,1.30541666666667
2024-04-28,0,NA,29.2838266265,0.00852084391324901,22,8.19,2.31677083333333,1.29885416666667
2024-04-29,0,NA,29.2423216162226,0.00841105119431237,20.5,7.85,2.29666666666667,1.2884375
2024-04-30,1.016,NA,29.0311924808211,0.00788008706497585,19.7,7.54,2.2828125,1.27854166666667
2024-05-01,0,NA,29.1990198402843,0.00829281815941278,19.2,7.29,2.27739583333333,1.27
2024-05-02,0,NA,28.9281038157788,0.00765350679807095,18.7,6.99,2.26416666666667,1.26020833333333
2024-05-03,4.572,NA,28.7421526952383,0.00722294767615086,19.6,6.7,2.28135416666667,1.24947916666667
2024-05-04,6.858,NA,28.351918668687,0.00637317677143152,17.9,6.75,2.26052083333333,1.24895833333333
2024-05-05,2.286,NA,28.8652732126573,0.00748724321125996,18.2,7.31,2.2621875,1.26447916666667
2024-05-06,28.956,NA,32.790365768898,0.0325905447473719,29.4,12.6,2.30614583333333,1.33635416666667
2024-05-07,0.508,NA,34.8790382100596,0.0324079216191254,28.2,9.69,2.43177083333333,1.42614583333333
2024-05-08,0,NA,32.1418291344544,0.0179286365917045,22.6,7.6,2.32895833333333,1.32666666666667
2024-05-09,1.016,NA,30.9663485767213,0.0134460067710329,20.8,6.83,2.29958333333333,1.29677083333333
2024-05-10,0.254,NA,30.2687696553347,0.0112338363684544,18.4,6.33,2.27125,1.2771875
2024-05-11,0.508,NA,29.0568065383901,0.0079427370190895,16.9,6.06,2.24427083333333,1.2675
2024-05-12,0,NA,28.6713438431149,0.00707161404863448,16.4,5.84,2.23989583333333,1.25927083333333
2024-05-13,0,NA,28.0132049644928,0.00571371519714664,15.3,5.58,2.22010416666667,1.24947916666667
2024-05-14,10.668,NA,28.5705876026279,0.00693695872763546,16.7,5.65,2.2240625,1.24354166666667
2024-05-15,6.604,NA,29.8048670043017,0.00986764665738365,20.8,7.17,2.29395833333333,1.27
2024-05-16,0.762,23.0586453856968,29.1401657286338,0.00814066390685578,18.5,11.5,2.27645833333333,1.4309375
2024-05-17,7.874,23.0429093469133,28.4556081582678,0.00659897208380974,16.1,7.88,2.2309375,1.33302083333333
2024-05-18,10.922,23.0691143660466,34.5697658682933,0.0308381033469594,34,15.6,2.4046875,1.4909375
2024-05-19,0,23.0955012153133,33.6388439487834,0.0248936043805069,29.8,10.4,2.41635416666667,1.41708333333333
2024-05-20,0,23.0958436454133,32.1236618014227,0.0178353023747298,26.8,8.49,2.37708333333333,1.35427083333333
2024-05-21,0,23.0893366243066,30.9104559524892,0.0132545286034612,23.9,7.43,2.340625,1.31895833333333
2024-05-22,4.318,23.0643065075733,30.3702210236437,0.0115184687386667,22,7.18,2.315,1.29791666666667
2024-05-23,0,23.0465019906467,29.9968406140668,0.0104037571996069,22.5,7.03,2.31833333333333,1.30875
2024-05-24,1.016,23.0360882192466,29.5322652240681,0.00912652358152698,20.7,6.39,2.30270833333333,1.28041666666667
2024-05-25,0,23.02659508778,28.9859804004632,0.00776723207012454,18.4,6.06,2.26635416666667,1.26760416666667
2024-05-26,15.748,23.0113241040133,29.9213262650901,0.0113878003057293,21,7.06,2.2559375,1.26020833333333
2024-05-27,0.762,23.0077131274066,32.0479002643092,0.0176228913482103,30,7.94,2.42739583333333,1.35510416666667
2024-05-28,0,22.9895698269733,30.2427365818608,0.011153179550532,20.2,6.36,2.30052083333333,1.28375
2024-05-29,0,22.9738699438866,29.2584887768173,0.00843386226654509,17.8,5.68,2.25979166666667,1.25552083333333
2024-05-30,0,22.9515110816533,28.5289941387299,0.00675797806928918,16.5,5.13,2.24125,1.2359375
2024-05-31,0,22.9280207264666,27.7490553996028,0.00522227830341634,15.3,4.6,2.22145833333333,1.2103125
2024-06-01,0,22.90429554066,27.5055816744623,0.0048035804882066,14.7,4.42,2.2090625,1.20010416666667
2024-06-02,0.254,22.88805701078,27.4799396718605,0.00475946021530512,14.5,4.42,2.20458333333333,1.2
2024-06-03,0,22.8719375696466,27.8500206829217,0.005401517832791,14.5,4.35,2.20822916666667,1.19916666666667
2024-06-04,11.176,22.8581487512333,29.1217003156508,0.00884217124095231,13.2,4.19,2.18989583333333,1.19
2024-06-05,18.034,22.87583907484,30.5851637369611,0.0128642144287937,16,7.83,2.20416666666667,1.21
2024-06-06,0.254,22.8927426834,31.1370580130847,0.0141890282143143,16.4,10.4,2.25,1.448125
2024-06-07,0,22.8883706178066,29.4748270522546,0.00900021506283992,13.3,7.44,2.20333333333333,1.32822916666667
2024-06-08,0,22.8787104423933,28.1924076538896,0.00605755159824808,11.3,5.94,2.1615625,1.26958333333333
2024-06-09,0,22.8616729589,27.9284605027547,0.00556286442822312,10.8,5.21,2.1559375,1.23729166666667
2024-06-10,0,22.8394854366,27.448169839723,0.00469737462250555,9.84,4.72,2.13864583333333,1.21729166666667
2024-06-11,0,22.80094579054,27.0259177184525,0.00403034171997073,9.65,4.42,2.13958333333333,1.2
2024-06-12,0,22.7717981204466,26.8116126582133,0.00372308302460014,9.19,4.33,2.13135416666667,1.19833333333333
2024-06-13,0,22.7602836273466,26.8566300099944,0.00378104082154884,9.22,4.1,2.13395833333333,1.1878125
2024-06-14,0,22.7410862116733,26.7645214664861,0.00365020682134712,8.93,3.97,2.13447916666667,1.18
2024-06-15,0,22.7235057354466,26.6316256537483,0.003464717217669,8.38,3.83,2.12760416666667,1.17739583333333
2024-06-16,0,22.7002852281666,26.274765970728,0.00300516471159094,7.85,3.55,2.11552083333333,1.16
2024-06-17,0,22.6151351757933,26.1675390082573,0.00287336121333842,7.77,3.51,2.11677083333333,1.15989583333333
2024-06-18,0,22.5957261078466,26.0936306372391,0.00278815698527078,7.66,3.43,2.118125,1.15395833333333
2024-06-19,0,22.58262809408,25.8947935246162,0.00256231216744574,7.37,3.29,2.11552083333333,1.14854166666667
2024-06-20,0,22.5729562295866,25.7576180643842,0.00241493990947018,5.94,3.11,2.09270833333333,1.13927083333333
2024-06-21,0,22.5557302222133,25.5041132033735,0.0021588054911019,5.07,2.92,2.0634375,1.12885416666667
2024-06-22,0,22.53345513172,25.4221064318016,0.00207950355423077,4.79,2.75,2.05927083333333,1.11958333333333
2024-06-23,0,22.5172713506933,25.3085275356039,0.00197248084075713,4.44,2.62,2.05125,1.11
2024-06-24,0,22.5001357089,25.3148979965637,0.00198191730485848,4.68,2.62,2.05489583333333,1.11
2024-06-25,0,22.4161454230666,24.744575752349,0.00149826333584964,5.1,2.62,2.07645833333333,1.11
2024-06-26,3.81,22.39586731698,24.9304558069721,0.00167315185567232,5.13,2.62,2.0765625,1.11
2024-06-27,5.334,22.3845315569066,26.9451146316413,0.00393474051732428,6.52,2.89,2.11354166666667,1.12333333333333
2024-06-28,0,22.3585361919133,26.2720078489566,0.00299827354278136,6.15,2.74,2.1178125,1.1190625
2024-06-29,0,22.3330381123533,25.9427476513197,0.00261248044021149,5.2,2.62,2.09260416666667,1.11
2024-06-30,0,22.3116576361066,25.7820812043039,0.00243893121837326,5.15,2.62,2.09229166666667,1.11
2024-07-01,0,22.2897488034533,25.1516109200065,0.0018506439958368,4.64,2.58,2.08614583333333,1.10947916666667
2024-07-02,0,22.2616016986266,24.2152826202741,0.00113205171815467,4.16,2.45,2.0725,1.1
2024-07-03,0,22.22315831264,24.0137329674794,0.00101369388007431,3.88,2.45,2.0646875,1.1
2024-07-04,13.97,22.1967316505666,25.9399371847902,0.00341550305646396,5.51,3.67,2.0875,1.12552083333333
2024-07-05,19.304,22.1870684779533,28.5818170675065,0.00720893381089246,8.2,4.32,2.14833333333333,1.20729166666667
2024-07-06,0,22.1787250724066,28.5110302527989,0.00684574958783563,10,4.07,2.24489583333333,1.19104166666667
2024-07-07,0,22.1666523008533,26.7675563301771,0.00365288930431216,6.26,3.33,2.13885416666667,1.15489583333333
2024-07-08,0,22.1648882987933,26.1608538841535,0.00286529541685063,6.15,2.92,2.1275,1.12916666666667
2024-07-09,0,22.1471626082266,25.8227622185998,0.0024825026532154,6.3,2.69,2.14416666666667,1.11822916666667
2024-07-10,0,22.12844529404,25.5986629777627,0.00225271810738918,4.77,2.45,2.09760416666667,1.10010416666667
2024-07-11,0,22.1041158727133,25.0910287853719,0.00177859083169629,4.58,2.35,2.0921875,1.09787234042553
2024-07-12,0,22.07878004158,24.5498767713025,0.0013538048473431,4.26,2.24,2.0796875,1.08458333333333
2024-07-13,0,22.054037706,24.4013915205385,0.0012607928643653,4.4,2.21,2.08447916666667,1.08875
2024-07-14,0,22.0298941110733,23.9505718157117,0.000983199717848453,4.24,2.08,2.081875,1.07666666666667
2024-07-15,0,21.9989917801933,23.1579297515324,0.000600903467459302,3.96,1.95,2.07166666666667,1.06916666666667
2024-07-16,0,21.9665452918733,22.2874119313516,0.000335642688962736,3.8,1.84,2.06572916666667,1.06
2024-07-17,0.254,21.9463422656466,22.7599276922277,0.000690810708353358,4.12,3.72,2.0709375,1.13875
2024-07-18,0,21.9357430674733,25.316181561748,0.0020715816941969,5.27,2.28,2.10197916666667,1.08177083333333
2024-07-19,0,21.9131046164333,24.7352304372904,0.00148863866706493,5.18,2.26,2.10854166666667,1.09041666666667
2024-07-20,0.254,21.8918507718866,25.3458580536795,0.00203313979217648,5.37,2.45,2.10989583333333,1.093125
2024-07-21,0,21.8739927049866,25.2586078131696,0.00193072781381185,5.13,2.55,2.10875,1.10885416666667
2024-07-22,0.508,21.8532489339266,25.1779091073392,0.00186905295467762,5.1,4.32,2.09770833333333,1.17354166666667
2024-07-23,0.254,21.83700505904,25.2479268342682,0.00191847415070026,5.52,3.87,2.1203125,1.18145833333333
2024-07-24,0,21.8260886572,25.5541826015638,0.00221047973359996,5.25,3.53,2.10770833333333,1.15677083333333
2024-07-25,0,21.81394130532,25.9414721264994,0.00261751184069269,7.19,3.65,2.13427083333333,1.16854166666667
2024-07-26,0,21.8000918935133,25.3639589636616,0.00201996698039368,7.09,3.2,2.174375,1.14666666666667
2024-07-27,0,21.8042168399666,24.858419793943,0.00158411789146736,4.74,5.83,2.0965625,1.23760416666667
2024-07-28,0,21.791138308,24.4540309687413,0.00128948736294456,4.36,3.92,2.085,1.185
2024-07-29,0.254,21.77686384328,24.273727429466,0.00116461536348542,4.38,3.48,2.0796875,1.1584375
2024-07-30,0,21.7640350280266,24.2491128718877,0.00115280923937985,4.98,3.21,2.09333333333333,1.14645833333333
2024-07-31,0,21.74597994518,24.0246149352678,0.00102279816771491,6.4,2.86,2.1259375,1.1275
2024-08-01,0,21.72607029488,23.4889784931007,0.000737218009867354,4.41,2.57,2.1071875,1.10927083333333
2024-08-02,1.27,21.70121511472,22.8571473703342,0.000480055026398223,3.56,2.4,2.05875,1.09875
2024-08-03,1.778,21.68082306508,23.3434294045878,0.000678980988606806,3.75,2.36,2.05854166666667,1.094375
2024-08-04,0,21.6600121067866,22.4896863206129,0.000378621164212369,5.16,2.55,2.09385416666667,1.1053125
2024-08-05,0,21.6170050841733,21.2948284636104,0.000131734593306041,4.71,2.24,2.10760416666667,1.08885416666667
2024-08-06,0,21.5989806726733,20.4186871202725,4.32486386024798e-05,3.28,2.14,2.04822916666667,1.08
2024-08-07,1.016,21.58318612802,20.2131966831068,2.67167893370183e-05,4.41,2.14,2.06041666666667,1.08
2024-08-08,50.546,21.59292762746,27.776141005489,0.0133582343372047,10.2,9.11,2.16354166666667,1.14770833333333
2024-08-09,0.254,21.69255635378,32.8560612799126,0.0234453982315614,20.2,27.2,2.38302083333333,1.76166666666667
2024-08-10,0,21.69194042918,27.9484840130316,0.00562944331284312,9.9,13.1,2.24239583333333,1.49291666666667
2024-08-11,0,21.65154461716,26.3801200356669,0.00314509651384436,6.68,10.1,2.15385416666667,1.40447916666667
2024-08-12,0,21.6356102531266,25.5344392914248,0.00218995215665354,5.37,7.67,2.11677083333333,1.33864583333333
2024-08-13,0,21.6180253810066,25.2010919155551,0.00187362550247254,4.8,5.83,2.09802083333333,1.26833333333333
2024-08-14,0,21.5980043847266,24.9351105593541,0.00165099069446969,4.59,4.81,2.091875,1.2259375
2024-08-15,0,21.57726920564,24.7067793743676,0.00147385022245823,4.31,4.18,2.08177083333333,1.19583333333333
2024-08-16,0,21.55219912624,24.7474696054445,0.00149944427340404,4.27,3.86,2.08,1.17916666666667
2024-08-17,0,21.52858328828,25.0943296784155,0.00178470880621104,5.55,3.63,2.09947916666667,1.16822916666667
2024-08-18,0,21.5056223884733,24.8361635040309,0.00157085955514384,5.14,3.44,2.12052083333333,1.15927083333333
2024-08-19,0,21.4888752337533,24.4765013467533,0.00130680759233464,3.95,3.24,2.0715625,1.14947916666667
2024-08-20,0,21.4661064544666,23.5119932864832,0.000758875232857764,3.56,3.03,2.0603125,1.13875
2024-08-21,0,21.4397745039133,22.7945042573122,0.000463288459248045,3.42,2.86,2.0528125,1.129375
2024-08-22,0,21.41297454058,22.589615968839,0.000406667315830171,3.34,2.69,2.05197916666667,1.12
2024-08-23,0,21.3952960559133,22.4998916202575,0.000381661550801465,3.32,2.51,2.04864583333333,1.11
2024-08-24,0,21.37154094806,22.3795629368597,0.000343049725019588,3.37,2.34,2.050625,1.10020833333333
2024-08-25,0,21.3508266494666,22.0115048434029,0.000256648682331299,3.26,2.25,2.04770833333333,1.0925
2024-08-26,0,21.3247129450266,21.4483889951448,0.000149527202674987,3.26,2.21,2.04708333333333,1.09
2024-08-27,0,21.2997014109333,20.949332198889,9.18944645928046e-05,3.34,2.2,2.04979166666667,1.09
2024-08-28,0,21.2789443023333,20.3824547675241,3.85402262238046e-05,3.25,2.2,2.0471875,1.09
2024-08-29,1.524,21.2626540707533,20.2626174862844,2.67023947441245e-05,4.12,2.19,2.05802083333333,1.09
2024-08-30,0,21.2404847314666,20.3053788586276,3.19194972116588e-05,5.47,2.31,2.106875,1.0959375
2024-08-31,20.32,21.2280911096533,23.8873942493139,0.00555915239221176,6.33,3.31,2.135625,1.10375
2024-09-01,0,21.2322279949533,29.0627801627132,0.00843588286338821,6.3,4.39,2.14291666666667,1.22677083333333
2024-09-02,0,21.21212212796,26.3796538718957,0.0031579307090923,4.99,3.64,2.10447916666667,1.1759375
2024-09-03,0,21.1872851308133,24.9189840722712,0.00164051633285676,3.92,3.22,2.0746875,1.15510416666667
2024-09-04,0,21.1610459436,24.3136540560852,0.00119813097923466,3.59,2.94,2.06072916666667,1.1384375
2024-09-05,0,21.1347384202266,23.9643878318748,0.00098487338199522,4.62,2.76,2.07864583333333,1.12875
2024-09-06,0,21.1098105080133,23.881339966679,0.000948781342399995,4.7,2.57,2.10364583333333,1.11833333333333
2024-09-07,0,21.0867672851133,23.9039677193315,0.000956852794860042,3.37,2.4,2.0509375,1.1084375
2024-09-08,0,21.0598891448133,22.9779373632875,0.000527829999284193,3.17,2.31,2.04625,1.1
2024-09-09,0,21.03456245514,22.6358390281416,0.000417720791778757,3.1,2.23,2.04104166666667,1.0984375
2024-09-10,0,21.00632238716,22.5638548147664,0.000399577424166695,3.2,2.15,2.04427083333333,1.09
2024-09-11,0,20.9838122662333,22.141145892575,0.000285406407013252,2.97,2.14,2.038125,1.09
2024-09-12,0,20.9596198669,21.6449818491693,0.000174398995245181,3.02,2.14,2.03760416666667,1.09
2024-09-13,0,20.93523494742,21.4606874828635,0.000137160782712133,3.97,2.14,2.06572916666667,1.09
2024-09-14,0,20.9125589814266,21.4358361912969,0.000152840810595193,3.2,2.14,2.04708333333333,1.09
2024-09-15,0,20.88788023644,20.2915244551256,3.51961696694262e-05,3.27,2.14,2.04708333333333,1.09
2024-09-16,0,20.8628236943933,19.5064438284562,6.67260390395009e-06,3.75,2.14,2.0453125,1.09
2024-09-17,3.302,20.8479117252333,22.8183934666017,0.000757522761864299,4.97,2.99,2.096875,1.11791666666667
2024-09-18,6.096,20.8493873467,25.5255851739943,0.00219891182240629,8.45,6.15,2.1690625,1.25302083333333
2024-09-19,12.446,20.8466571472666,25.8552785542626,0.00253099055119636,9.53,6.28,2.20135416666667,1.28645833333333
2024-09-20,0,20.8549461536333,25.4983110547405,0.00215197802274518,10.1,5.44,2.22145833333333,1.26458333333333
2024-09-21,0.508,20.83789038722,24.9963809474532,0.0017015524059539,9.2,4.11,2.2071875,1.205
2024-09-22,0,20.81658209354,24.6063412742699,0.00139771000072499,6.78,3.66,2.16135416666667,1.17770833333333
2024-09-23,6.604,20.7972044961933,25.0016590981986,0.00184392089646801,5.43,3.41,2.115,1.1621875
2024-09-24,27.178,20.8017790726,28.1404193440093,0.007047966909468,14.8,7.31,2.20416666666667,1.18739583333333
2024-09-25,28.956,20.85553969914,31.9496577086877,0.0319073378267076,87.3,13.7,2.390625,1.45270833333333
2024-09-26,8.382,21.0386320033466,35.8246243436614,0.0427918509718846,92.8,25.8,2.97385416666667,1.72729166666667
2024-09-27,36.322,21.3063393597266,46.0076447289181,0.216267245996716,797,99.2,3.95770833333333,2.154375
2024-09-28,0,21.69018706718,37.1909851246044,0.0510407870572719,225,42.2,3.71104166666667,2.15854166666667
2024-09-29,3.81,21.7845184922666,32.6638020019908,0.0202411146508644,93,23.8,2.6896875,1.71479166666667
2024-09-30,4.826,21.8180661518666,31.7146914777303,0.0161859607737858,102,21.2,2.998125,1.6590625
2024-10-01,10.16,21.89548177978,36.2132820978764,0.042278783419765,52.8,17.8,2.598125,1.595
2024-10-02,0.254,21.9918264241066,37.8254068035225,0.0546521360876978,33.7,15.3,2.42833333333333,1.54677083333333
2024-10-03,0,22.0528676990266,34.0823313143065,0.0273979171069866,28.5,13.5,2.370625,1.50208333333333
2024-10-04,0.254,22.0858404457133,32.2575060960997,0.0183875395143515,23.1,12.5,2.30791666666667,1.47697916666667
2024-10-05,0.254,22.0992461720133,31.1210060700443,0.0139934347968987,20.2,11.4,2.26520833333333,1.455625
2024-10-06,0,22.1084258962666,30.2288215944421,0.0110786080654387,18.6,10.4,2.24020833333333,1.4290625
2024-10-07,0,22.1066494058733,29.8786917566533,0.0100669841440969,17.6,9.55,2.22614583333333,1.40916666666667
2024-10-08,0,22.101475889,29.0927016895301,0.00802534915229851,17.1,8.5,2.21489583333333,1.380625
2024-10-09,0,22.0918470343266,28.3711713960504,0.00641556030365335,16.8,7.67,2.2134375,1.35583333333333
2024-10-10,0,22.0812248076666,27.7584975807527,0.00523524832673671,15,7.07,2.19010416666667,1.336875
2024-10-11,0,22.06905802394,27.3381441529057,0.00451331038181614,13.8,6.24,2.16635416666667,1.31458333333333
2024-10-12,0,22.0568273499,27.0450748358802,0.00405544581133266,13.5,5.87,2.16145833333333,1.29927083333333
2024-10-13,0,22.0395955978933,26.8776530442077,0.0038157332318203,13.3,5.61,2.15458333333333,1.29
2024-10-14,0,22.0269219876466,26.9735304645129,0.00395912941878056,13.3,5.5,2.1575,1.2875
2024-10-15,0.254,22.0069924059666,26.3416233056449,0.00308708271363841,13.1,5.27,2.15197916666667,1.28322916666667
2024-10-16,0,21.9881577014466,26.3056156842332,0.00304217478567153,12.9,5.19,2.15,1.28
2024-10-17,0,21.94493093412,26.0545509569697,0.00274124953566097,12.7,5.13,2.14625,1.28
2024-10-18,0,21.9422685713133,25.8214589811802,0.002485702379319,12.3,4.83,2.14072916666667,1.2715625
2024-10-19,0,21.9256242205533,25.7691723292685,0.00243124785514091,12,4.79,2.13583333333333,1.27
2024-10-20,0,21.8934162094466,25.9083445859152,0.00258417576084578,12,4.83,2.13322916666667,1.27145833333333
2024-10-21,0,21.8650131936933,26.031778391333,0.00271987476204661,11.8,4.86,2.1315625,1.27875
2024-10-22,0,21.83010745282,26.0677354535655,0.00276230082737267,11.5,4.64,2.1265625,1.27
2024-10-23,0,21.7933991958666,26.1203673993113,0.00283068585129013,11.4,4.46,2.123125,1.2665625
2024-10-24,0,21.78353785838,26.5680597447228,0.00338298879380249,11.5,4.3,2.12416666666667,1.26
2024-10-25,0,21.7893222545666,26.0716533952014,0.00276854050406026,11.3,4.32,2.12229166666667,1.260625
2024-10-26,0,21.7765097740533,26.4424433282524,0.00322730253032768,12.1,4.45,2.12770833333333,1.27
2024-10-27,0,21.7577367619,25.8716666506408,0.00253645015939884,12.7,4.41,2.14791666666667,1.27
2024-10-28,0,21.7693033063733,25.7999069072053,0.00248201330963698,12.5,4.36,2.1425,1.27
2024-10-29,0,21.8677334524133,26.3990874722521,0.00316406643758311,11.7,4.32,2.13447916666667,1.27
2024-10-30,0,21.82060408092,26.6259415456121,0.00346756173705596,10.8,4.36,2.11260416666667,1.27135416666667
2024-10-31,0,21.7015978072066,26.90231029082,0.00385037737746886,10.8,4.48,2.11197916666667,1.28
2024-11-01,0,21.6315917072733,27.2859262041571,0.00443715388352723,11.1,4.43,2.11729166666667,1.28
2024-11-02,0,21.59629498166,26.7731128454475,0.00366234792870667,10.6,4.39,2.10979166666667,1.28
2024-11-03,0,21.62674068912,26.2415495156326,0.00296313886448112,10.2,4.34,2.10239583333333,1.28
2024-11-04,0,21.5975342239533,26.1602462496774,0.00286789850080419,10.4,4.3,2.1025,1.28
2024-11-05,1.016,21.6490620364,26.5349530874579,0.00334506080348779,10.6,4.25,2.106875,1.28
2024-11-06,0.254,21.6023311926,27.1227282976105,0.00417892848340886,11.7,4.21,2.11791666666667,1.28
2024-11-07,0,21.55050705698,27.369038799296,0.00456737466095676,13.3,4.16,2.16510416666667,1.28
2024-11-08,0,21.5409690174666,27.3441218474886,0.00452589182305745,11,4.07,2.11666666666667,1.28
2024-11-09,0,21.5148680511266,26.6494230065315,0.00349067297931886,10.3,3.83,2.105,1.27
2024-11-10,3.048,21.49595337132,26.4616570613951,0.00325458497845478,10.2,3.79,2.09979166666667,1.27
2024-11-11,0,21.4785973853733,27.2330863945754,0.00435607626779713,10.8,3.9,2.10989583333333,1.2740625
2024-11-12,0,21.4600083013933,27.0048208136304,0.00400390623111024,10.2,3.87,2.10385416666667,1.27875
2024-11-13,0,21.4345834034666,26.2635023002114,0.00299155118593005,9.54,3.61,2.089375,1.27
2024-11-14,24.638,21.43018716046,29.4384494879495,0.0115537839235126,14.8,6.04,2.1403125,1.30541666666667
2024-11-15,0,21.43688065736,32.2011315258725,0.0183483959080326,18.4,7.05,2.24958333333333,1.41083333333333
2024-11-16,0,21.4205475158666,29.3317674879707,0.008694758755907,12.5,5.22,2.14635416666667,1.34020833333333
2024-11-17,0,21.4027856091333,27.7736719544302,0.00526757428021752,11,4.55,2.12083333333333,1.313125
2024-11-18,0,21.3857967801866,27.4467161997624,0.00469492280024699,10.6,4.2,2.11,1.29947916666667
2024-11-19,4.572,21.36795150134,27.5890515744122,0.00495382154243064,10.3,4.05,2.100625,1.29
2024-11-20,2.54,21.35918274316,28.8258733535328,0.00750128902748422,11.4,4.12,2.12041666666667,1.29104166666667
2024-11-21,0,21.33604435916,28.1650612246354,0.00600775749025164,11.3,4.28,2.12277777777778,1.3
2024-11-22,0,21.3162173816266,27.41003039304,0.00463770396026894,10.5,4.14,2.10705263157895,1.29614583333333
2024-11-23,0,21.2936430207133,27.2929097702867,0.00444525641104381,10.3,4.05,2.10489361702128,1.29
2024-11-24,0,21.2717664579133,26.92307571672,0.00387814829868397,10.3,4.05,2.10260416666667,1.29
2024-11-25,0,21.2532600467,26.6943479525931,0.00355785294731222,10.3,4.05,2.10135416666667,1.29
2024-11-26,0,21.2354399942866,27.2150154074292,0.00433476318221892,10.5,4.05,2.10697916666667,1.29
2024-11-27,0,21.2129775787933,26.5903944892632,0.00340908405262626,10.8,4.05,2.1041935483871,1.29
2024-11-28,3.556,21.1985289268,27.5475187659488,0.00490944102624529,12.5,4.17,2.14094736842105,1.29385416666667
2024-11-29,0,21.18042299146,27.1923044460394,0.00428812640267082,10.3,4.05,2.11351648351648,1.2915625
2024-11-30,0,21.1581451535333,26.3935992014095,0.00315612694245643,9.21,4.05,2.0841935483871,1.29
2024-12-01,0,21.13804288318,26.2332549987231,0.00296054273535037,9.2,4.05,2.08031914893617,1.29
2024-12-02,0,21.11765502962,25.9284099455663,0.00260017622259163,9,3.95,2.07829787234043,1.28791666666667
2024-12-03,0,21.0949297596866,25.7653329868343,0.00242706184140204,8.54,3.82,2.07,1.28
2024-12-04,0,21.06958099064,25.5309911919858,0.00218264519014264,8.28,3.82,2.061875,1.28
2024-12-05,0,21.050238373901,26.148108915324,0.00287703586004577,9.05,4.14,2.0733734939759,1.2896875
2024-12-06,0,21.0249625234466,26.0006314966476,0.00268617938676819,8.39,4.28,2.06789473684211,1.3
2024-12-07,0,21.0006072762466,26.1736409376136,0.00289876815211189,12,4.28,2.10416666666667,1.3
2024-12-08,0,20.9789938676066,25.9020458489376,0.00257192510303723,13.3,4.33,2.16822916666667,1.3
2024-12-09,5.842,20.9641936440533,27.2698334050117,0.00449816378144011,10.5,5.63,2.10697916666667,1.3309375
2024-12-10,6.858,20.9469847706733,27.9395483614718,0.00559206460523199,10.7,5.83,2.10802083333333,1.358125
2024-12-11,26.67,20.99100459712,39.0014194545595,0.0746080687051173,26.2,21.1,2.27145833333333,1.56666666666667
2024-12-12,0,21.0584627773333,36.2283969802852,0.042036371109707,24.8,16.3,2.33677083333333,1.56072916666667
2024-12-13,0,21.0734839944333,32.7516137180343,0.0206094539291321,18.9,12.1,2.250625,1.44270833333333
2024-12-14,0,21.07540514968,31.2783265276423,0.0145615423986524,17.1,10.2,2.22197916666667,1.38583333333333
2024-12-15,13.462,21.0786071083933,31.0879842265335,0.0140030826091768,18.7,10,2.2228125,1.36135416666667
2024-12-16,1.016,21.1111465598666,36.5449733305645,0.044121915522059,25.4,15.2,2.3128125,1.48614583333333
2024-12-17,0,21.1457995868266,36.357624404161,0.0419686395494158,24.4,13.5,2.318125,1.47177083333333
2024-12-18,0.508,21.16420559184,34.6536038363599,0.0305307932391505,21.9,12,2.28510416666667,1.42979166666667
2024-12-19,0,21.17417008296,33.5818402097729,0.0246427445600222,20.2,10.8,2.263125,1.40229166666667
2024-12-20,0,21.1780612478133,32.8292512014506,0.020889797273745,18,10.1,2.23572916666667,1.37875
2024-12-21,0,21.1785291606866,32.1609174290165,0.0179814855659208,16.3,9.33,2.20791666666667,1.35885416666667
2024-12-22,0,21.1690696478133,30.9892961814603,0.0135287574209858,14.8,8.6,2.1840625,1.3365625
2024-12-23,0,21.15523766972,30.2474122823903,0.0111335144080738,14.1,8.25,2.17125,1.3240625
2024-12-24,0,21.1410433801,30.1202036786113,0.0107648000861865,13.9,7.99,2.16583333333333,1.31614583333333
2024-12-25,0,21.13448715496,30.3673924657254,0.0114966813602186,13.8,7.86,2.166875,1.31
2024-12-26,0,21.1282131661533,30.0191195885583,0.010459073211548,13,7.86,2.15375,1.31
2024-12-27,1.016,21.1172542540266,29.7139234553493,0.00960749515056572,12.7,7.55,2.14479166666667,1.30239583333333
2024-12-28,8.89,21.11350975216,30.9968280284164,0.0136477732246773,16.4,8.45,2.18083333333333,1.3171875
2024-12-29,9.906,21.1202079446733,33.8139294514793,0.0277489086676403,25.9,10.6,2.30010416666667,1.36645833333333
2024-12-30,0.254,21.15511913046,39.3358835458694,0.0682953582674062,21.6,12.7,2.30543209876543,1.44677083333333
2024-12-31,3.81,21.1836030706133,37.3767132809132,0.0499594492408844,20.2,11.8,2.25854166666667,1.424375
2025-01-01,0.254,21.2034224052866,36.3172863913687,0.0417611155878986,18.9,10.7,2.24666666666667,1.39958333333333
2025-01-02,0,21.2063753965866,34.306341457572,0.0285542055600691,17.2,9.89,2.22011627906977,1.373125
2025-01-03,0,21.2113948074266,33.5321167907568,0.0243198533747071,16.3,9.39,2.20693181818182,1.35885416666667
2025-01-04,0,21.2071868884866,32.6507825354734,0.0201057569570208,15.2,8.93,2.18780487804878,1.34458333333333
2025-01-05,0,21.2005540349333,31.8158502321717,0.0165674826106296,14.9,8.56,2.17677419354839,1.3325
2025-01-06,5.588,21.22160152226,33.4709605503601,0.024473759976994,18.7,11.1,2.23395833333333,1.38291666666667
2025-01-07,0,21.23153304418,33.9480662626442,0.0267213334130484,16.4,10.6,2.20770833333333,1.39677083333333
2025-01-08,2.54,21.2208400877919,32.2831113841201,0.0184688868469154,14.3,9.6,2.16802083333333,1.36635416666667
2025-01-09,0,21.21484253654,32.164500122779,0.0180140581894854,12.7,8.97,2.1559375,1.34760416666667
2025-01-10,0,21.1997142194933,32.2642393082588,0.0187449719305867,7.77,8.19,2.03282608695652,1.324375
2025-01-11,0,21.1942487253866,32.2630052664795,0.0184257753789333,12.7,8.18,2.14885416666667,1.32
2025-01-12,1.27,21.1806863953866,31.4315509277785,0.0151119603952678,12.2,7.76,2.13489583333333,1.31104166666667
2025-01-13,0,21.1682189925,31.2731626560719,0.0145554675613216,12.9,7.55,2.1468085106383,1.3
2025-01-14,0,21.1541090241066,32.5058478721716,0.0194602531576312,12.4,7.55,2.13333333333333,1.3
2025-01-15,0,21.1394742959466,32.9171734951602,0.0215830904692115,11.5,7.33,2.1315625,1.29520833333333
2025-01-16,0,21.1244758076133,32.9964795501036,0.0218111281832866,10.9,7.24,2.1071875,1.29
2025-01-17,0,21.11241742262,32.5392706811271,0.0195801350338917,14.1,7.33,2.15822916666667,1.29052083333333
2025-01-18,0.762,21.1031497805,33.1685798495373,0.0226375992034661,17.6,8.14,2.215,1.31020833333333
2025-01-19,4.064,21.10881988346,35.9364505060105,0.0398121596618692,20.9,11.1,2.25229166666667,1.368125
2025-01-20,0,21.13408403156,36.9572069121592,0.0467576044605561,22.2,12.1,2.29208333333333,1.44541666666667
2025-01-21,0,21.1487290001533,38.0013380265584,0.0605601110482075,19.7,10.3,2.26357142857143,1.38572916666667
2025-01-22,0,21.15337895614,37.8018945992396,0.0552927878389988,13.1,9.29,NA,1.36041666666667
2025-01-23,0,21.1579169167533,35.3131971776124,0.03622838283449,7.82,8.51,NA,1.333125
2025-01-24,0,21.1591341296266,33.0283294480623,0.0218188645707933,11.1,8.51,NA,1.33
2025-01-25,0,21.1552349222866,32.5375931867368,0.0195976871090086,16.1,8.27,2.21,1.32489583333333
2025-01-26,0,21.14797395552,32.0146950126599,0.0173544341439881,16.6,8.18,2.20479166666667,1.32
2025-01-27,0,21.1411025248466,31.7511749560803,0.0163037820654991,16.9,8.24,2.21231578947368,1.32
2025-01-28,0,21.1360734730133,31.7664600602241,0.0163767011296235,16.9,8.21,2.21243902439024,1.32260416666667
2025-01-29,0,21.05142365332,32.9803358071604,0.0220395257565971,17.2,8.18,2.21645161290323,1.32
2025-01-30,2.032,20.9630465157066,33.6675953182654,0.0250049118352887,19.8,8.18,2.23483870967742,1.32
2025-01-31,30.226,21.0288807630066,42.6825055785973,0.126367899781808,65.4,27.3,2.508125,1.5728125
2025-02-01,0.254,21.2610389296266,41.9976610739179,0.105859292895856,103,33.8,2.91375,1.87104166666667
2025-02-02,0,21.41438487304,36.040386492259,0.0398186738893269,37.1,22.7,2.49239583333333,1.67583333333333
2025-02-03,0,21.5117366764733,34.1244714672926,0.027491715660647,28.8,18.8,2.378125,1.58854166666667
2025-02-04,0,21.5728190629866,33.4591531843233,0.0239552865423105,23.7,16.3,2.3115625,1.53572916666667
2025-02-05,0,21.61027392246,32.0374948969572,0.0174882297192916,20.6,14.5,2.27072916666667,1.4928125
2025-02-06,11.176,21.6542583819466,31.8357478569872,0.0166974712272863,23.8,16.1,2.29,1.50385416666667
2025-02-07,0.254,21.7222666482666,33.0311053260405,0.0218654526233748,24.3,16.7,2.31333333333333,1.53822916666667
2025-02-08,4.064,21.78819236012,33.4126595068846,0.0237097610173567,26.7,19,2.32510416666667,1.56364583333333
2025-02-09,0.508,21.8635941693533,34.4329291561851,0.029237031458171,29.4,18.9,2.365,1.58770833333333
2025-02-10,0,21.91675096,NA,NA,28.8,16.7,2.3690625,1.54104166666667
2025-02-11,0,21.9729449632666,NA,NA,28,17,2.35375,1.52770833333333
2025-02-12,20.828,22.05007960368,NA,NA,36.5,22.7,2.354375,1.5921875
2025-02-13,25.654,22.1983544345533,NA,NA,260,71.1,3.10645833333333,2.13760416666667
2025-02-14,0,22.4632930275266,NA,NA,148,48.7,3.25979166666667,2.15239583333333
2025-02-15,68.072,22.8633607321733,NA,NA,1140,345,3.245,2.71572916666667
2025-02-16,11.684,23.6088599329,NA,NA,1060,226,5.68489583333333,4.05729166666667
2025-02-17,0,23.5931924695266,NA,NA,406,87.9,4.05020833333333,2.61291666666667
2025-02-18,0,23.4998202983,NA,NA,200,56,3.33895833333333,2.18010416666667
2025-02-19,0,23.4522340036666,NA,NA,133,44.8,3.0346875,2.0159375
2025-02-20,0,23.42600840376,NA,NA,94.4,37.9,2.849375,1.91260416666667
2025-02-21,0.508,23.4013974954,NA,NA,72.7,33.3,2.71322916666667,1.83729166666667
2025-02-22,0,23.3841233829666,NA,NA,61.5,30.6,2.63958333333333,1.7915625
2025-02-23,0,23.3783464298266,NA,NA,56.3,28.5,2.6015625,1.75875
2025-02-24,0,23.3718136328,NA,NA,51.7,26.4,2.5659375,1.72354166666667
2025-02-25,0,23.3659945190466,NA,NA,48.2,24.4,2.53770833333333,1.69010416666667
2025-02-26,0,23.3596292655,NA,NA,44.4,22.1,2.5,1.64729166666667
2025-02-27,0,23.3551362129333,NA,NA,42.7,20.9,2.47791666666667,1.62270833333333
2025-02-28,0,23.3487879934733,NA,NA,41.2,19.6,2.4696875,1.59677083333333
2025-03-01,0,23.3446159410266,NA,NA,37.7,18.6,2.43260416666667,1.57864583333333
2025-03-02,0,23.331219556,NA,NA,34.4,17.3,2.39625,1.55072916666667
2025-03-03,0,23.31964676736,NA,NA,33.4,16.5,2.3825,1.5321875
2025-03-04,0,23.312296645647,NA,NA,32.8,15.9,2.37697916666667,1.520625
2025-03-05,25.654,NA,NA,NA,52.2,39.7,2.481875,1.780625
2025-03-06,0,NA,NA,NA,49,33.6,2.56427083333333,1.8725
2025-03-07,0.508,NA,NA,NA,42.4,27.2,2.4803125,1.74229166666667
2025-03-08,0,NA,NA,NA,40,24.1,2.45677083333333,1.68875
2025-03-09,0,NA,NA,NA,36.7,22.4,2.4221875,1.6471875
2025-03-10,0,NA,NA,NA,34.6,21.1,2.39677083333333,1.62833333333333
2025-03-11,0,NA,NA,NA,34,20.2,2.38958333333333,1.6071875
2025-03-12,0,NA,NA,NA,31.7,19.3,2.3684375,1.59322916666667
2025-03-13,0,23.2052750909046,NA,NA,30.1,17.9,2.34927083333333,1.565625
2025-03-14,0,23.2011738453866,NA,NA,28.9,16.9,2.33364583333333,1.54052083333333
2025-03-15,0.762,23.19480829212,NA,NA,28.2,16.5,2.33125,1.53072916666667
2025-03-16,2.794,23.1975130653066,NA,NA,27.2,16.3,2.315625,1.5290625
2025-03-17,0,23.1975356941666,NA,NA,24.8,15.2,2.29302083333333,1.50604166666667
2025-03-18,0,23.2216312456037,NA,NA,23.5,14.7,2.27385416666667,1.49
2025-03-19,0,23.2450388664533,NA,NA,22.8,14.4,2.26375,1.4878125
2025-03-20,0,23.2232008176733,NA,NA,22,13.7,2.25427083333333,1.46916666666667
2025-03-21,0,23.2237241787466,NA,NA,21,13.3,2.24052083333333,1.45864583333333
2025-03-22,0,23.21250705784,NA,NA,21.6,12.9,2.243125,1.45
2025-03-23,0,23.2023836152133,NA,NA,21.8,12.6,2.2509375,1.4403125
2025-03-24,1.27,23.1905119058266,NA,NA,20.9,12.6,2.24291666666667,1.44
2025-03-25,0,23.18287254256,NA,NA,19,12.2,2.21458333333333,1.433125
2025-03-26,0,23.1692721980733,NA,NA,18.1,11.8,2.20291666666667,1.42302083333333
2025-03-27,0,23.1540583109666,NA,NA,17.3,11.4,2.18958333333333,1.41260416666667
2025-03-28,0,23.13844894332,NA,NA,17.4,11.2,2.19125,1.40854166666667
2025-03-29,0,23.1290445289733,NA,NA,17.1,10.8,2.18510416666667,1.39677083333333
2025-03-30,0,23.1146501263,NA,NA,18.1,10.6,2.19364583333333,1.39
2025-03-31,4.572,23.1036565965133,NA,NA,17.9,10.6,2.20302083333333,1.39
2025-04-01,0,23.0951763687866,NA,NA,15.9,10.4,2.17114583333333,1.38572916666667
2025-04-02,0,23.0799530405,NA,NA,15.3,9.9,2.159375,1.3721875
2025-04-03,0,23.1198392227365,NA,NA,15.4,9.9,2.15989583333333,1.37
2025-04-04,0.254,23.0922741300733,NA,NA,15.5,9.9,2.1621875,1.37
2025-04-05,0.254,23.0766631681119,NA,NA,15.1,9.82,2.15552083333333,1.36989583333333
2025-04-06,4.572,23.06430405986,NA,NA,15.3,9.54,2.15791666666667,1.36
2025-04-07,16.256,23.0749606544133,NA,NA,20.1,11.9,2.20447916666667,1.40802083333333
2025-04-08,0,23.0699881497533,NA,NA,20.7,10.5,2.24739583333333,1.39875
2025-04-09,0,23.0561547230133,NA,NA,16.6,9.83,2.18260416666667,1.37
2025-04-10,3.556,23.0434217682066,NA,NA,16.4,9.54,2.17302083333333,1.36041666666667
2025-04-11,7.874,23.03875143126,NA,NA,19.3,10.5,2.18916666666667,1.36364583333333
2025-04-12,0,23.0484787439533,NA,NA,32.1,11.6,2.3540625,1.428125
2025-04-13,0,23.0465256185733,NA,NA,29.6,10.2,2.3475,1.38166666666667
2025-04-14,0,23.04203111736,NA,NA,28.2,9.7,2.328125,1.3665625
2025-04-15,0.508,23.0425434387466,NA,NA,26.7,9.54,2.3153125,1.36
2025-04-16,0,23.03199439372,35.3083879808255,0.0346460933196721,24.3,9.41,2.284375,1.35833333333333
2025-04-17,0,23.0148350740466,34.5064491180061,0.029656501936117,22.5,9.05,2.263125,1.34791666666667
2025-04-18,0,23.00718372198,34.1887478246588,0.0278594368894657,21.4,8.74,2.24614583333333,1.33885416666667
2025-04-19,0,22.9933079847666,33.9820302640169,0.0267337297918673,20.6,8.43,2.23572916666667,1.3296875
2025-04-20,0,22.98580604312,33.7209854615139,0.0253240659375575,19.5,8.18,2.223125,1.32
2025-04-21,3.556,22.97438910888,33.5418704740975,0.0244134779966588,18.8,8.02,2.21041666666667,1.31697916666667
2025-04-22,0.508,22.9650917445266,33.2596237113133,0.0229854470161696,18.2,7.86,2.20375,1.31
2025-04-23,0,22.9446052830866,32.5726481718252,0.0197899492443217,17.4,7.73,2.19052083333333,1.30802083333333
2025-04-24,0,22.9318355626266,32.2486747970151,0.0183764525297393,18.6,7.43,2.2,1.29854166666667
2025-04-25,0.254,22.9046088479666,32.1385948780199,0.0178993016406653,17.7,7.24,2.20260416666667,1.29
2025-04-26,1.27,22.9070505169466,32.5171488826399,0.0195970481330536,16.2,7.24,2.17572916666667,1.29
2025-04-27,0,22.8817421601466,31.3319390939233,0.0147832590990838,14.7,7.13,2.15333333333333,1.28854166666667
2025-04-28,0,22.8650844718466,30.7251577152554,0.0127887424934194,14,6.93,2.13958333333333,1.28
2025-04-29,0,22.84428949862,31.0374828416892,0.0139157810181107,13.7,6.9,2.13302083333333,1.28
2025-04-30,0,22.83487454412,31.3494154132648,0.0149056702758229,13.7,6.64,2.13333333333333,1.27114583333333
2025-05-01,0,22.8058217354066,31.1673638997707,0.0142245942147707,13.1,6.57,2.12364583333333,1.2696875
2025-05-02,2.794,22.7967435163266,31.3460317244163,0.0148528004750889,13,6.35,2.12104166666667,1.26
2025-05-03,9.906,22.7756953796066,31.1849865187619,0.0142532379309777,13.6,7.53,2.12239583333333,1.27958333333333
2025-05-04,11.938,22.7991830373133,35.4556030947433,0.036445029135978,20.1,14.4,2.2171875,1.4596875
2025-05-05,0.254,22.7905219285666,32.9316450641305,0.0214497055688038,15.8,8.96,2.1771875,1.358125
2025-05-06,0,22.7728243117733,31.4212943569228,0.0150752301692889,13.6,7.86,2.13666666666667,1.3140625
2025-05-07,0,22.7630719225067,30.9815859187945,0.0135495692624448,13,7.2,2.12104166666667,1.29291666666667
2025-05-08,13.462,22.7489915264866,31.2868389063344,0.0149011941169187,13.3,7.16,2.11104166666667,1.27791666666667
2025-05-09,0.254,22.7795494790866,32.7242436327943,0.0205116370055461,23.8,8.35,2.26364583333333,1.33
2025-05-10,0,22.7640503084933,31.0685064956233,0.0138182470572439,16.7,7,2.19604166666667,1.28739583333333
2025-05-11,0,22.7517202772733,30.3767526711273,0.0115522518817074,13.5,6.61,2.13260416666667,1.27
2025-05-12,52.324,22.7463145273533,32.9226532467703,0.0272175847643747,29.6,8.86,2.15125,1.28114583333333
2025-05-13,28.956,23.2305121873533,63.600505489295,0.898692195817985,504,119,3.71010416666667,2.50854166666667
2025-05-14,5.334,23.49502372928,53.2529664207861,0.359785848233003,568,79.9,4.19229166666667,2.39927083333333
2025-05-15,0,23.5304090221533,45.3238979361919,0.153099509819911,303,47,3.7559375,2.09791666666667
2025-05-16,2.54,23.4884690526933,40.652810427374,0.0833311488974082,140,33.5,3.09885416666667,1.85229166666667
2025-05-17,3.048,23.4405238933133,38.1825257396419,0.0571618017655886,106,27.9,2.89375,1.7625
2025-05-18,0,23.4193470768066,35.751218235156,0.0377000064669257,72.8,22.4,2.72614583333333,1.6590625
2025-05-19,0,23.4017777401733,33.9352858478643,0.0264724687360917,56.5,20.3,2.61239583333333,1.6184375
2025-05-20,0,23.36259379602,32.5292782860216,0.01953723882678,47.7,17.2,2.53635416666667,1.55708333333333
2025-05-21,6.858,23.3762228636733,32.6413330958324,0.0200632618743699,47.1,17.3,2.52135416666667,1.54427083333333
2025-05-22,0.508,23.33597851016,32.0019102009887,0.017311329292348,42.6,15,2.4834375,1.50697916666667
2025-05-23,0,23.32717588362,31.0890012875101,0.013887380486109,37.9,13.6,2.43927083333333,1.47125
2025-05-24,0,23.3295072056866,30.3043027759577,0.011328256597395,33,12.6,2.38729166666667,1.444375
2025-05-25,0,23.31904358086,29.8738060565554,0.0100638070667294,29.6,11.8,2.34604166666667,1.42541666666667
2025-05-26,3.81,23.2988837642666,30.2101246257977,0.0110294442495969,30.7,11.9,2.35010416666667,1.41854166666667
2025-05-27,17.526,23.3103638894733,31.4509790860592,0.0157520824846029,34.4,14.2,2.36010416666667,1.45645833333333
2025-05-28,4.826,23.3280584591133,37.1933694824536,0.0492697060602213,73.8,23.1,2.65385416666667,1.63895833333333
2025-05-29,14.732,23.33556204922,40.802741910174,0.099397798835516,69.9,18.6,2.65104166666667,1.584375
2025-05-30,7.874,23.3844028219133,43.0123486907184,0.114278846691428,94,22.2,2.79666666666667,1.58989583333333
2025-05-31,0,23.39356071656,40.8474897221018,0.0860769736435256,93.6,22.3,2.8334375,1.67625
2025-06-01,0,23.4034812487466,35.9382426998348,0.0392041711295733,65.4,18.1,2.68604166666667,1.575625
2025-06-02,0,23.36828937518,32.9164021930723,0.0213649059053757,49.7,16,2.55947916666667,1.52635416666667
2025-06-03,0,23.37631752524,31.4303821506823,0.0151250236320594,42.9,14.5,2.49052083333333,1.4909375
2025-06-04,0,23.3307006407733,30.8935274390987,0.0132374385487039,38,13.5,2.43947916666667,1.46583333333333
2025-06-05,0,23.3198293467933,30.446949723591,0.0117844382149017,35.6,12.6,2.40666666666667,1.44541666666667
2025-06-06,0,23.3178782695,30.002912701382,0.0104511842864516,33,11.8,2.3853125,1.42572916666667
2025-06-07,0.254,23.3017039796066,29.6969526366115,0.0095762322557401,30.2,11.2,2.35229166666667,1.40854166666667
2025-06-08,0,23.2660689200666,29.4580739813372,0.00894768957779082,27.7,10.7,2.32666666666667,1.3953125
2025-06-09,0.762,23.2841525262666,28.9224696518706,0.00765039756140849,26,10,2.303125,1.37760416666667
2025-06-10,0,23.22828042228,28.4020079076505,0.00651954713651693,23.9,9.41,2.28291666666667,1.3584375
2025-06-11,0,23.24056594508,27.8198069942111,0.00541972896360495,22.2,9.05,2.2575,1.348125
2025-06-12,0,23.2052944459,28.0391595516842,0.00575766422179683,20.7,8.63,2.23875,1.33770833333333
2025-06-13,2.286,23.1769884894733,27.9208347408602,0.00553619226757934,19.9,8.12,2.22197916666667,1.32
2025-06-14,0.254,23.1532321327866,28.2672419289137,0.00620179613987499,20,8.93,2.22114583333333,1.3340625
2025-06-15,19.558,23.1839282563066,29.2464383972916,0.00890270000593337,34.4,10.3,2.3053125,1.3671875
2025-06-16,11.684,23.16413105096,32.6506956940216,0.0209093663231843,34,11,2.4296875,1.40177083333333
2025-06-17,0.254,23.16191237366,30.7582167547109,0.0127623467448363,39.4,11.1,2.43541666666667,1.40770833333333
2025-06-18,0,23.1285458948,29.5089644634402,0.00907141610257213,28.3,9.36,2.34479166666667,1.36114583333333
2025-06-19,2.794,23.1388170309191,28.865300424996,0.00748811720413748,23.7,8.5,2.28,1.33385416666667
2025-06-20,0,23.08884513346,28.2869551705058,0.00624098976025309,21.3,7.98,2.250625,1.31770833333333
2025-06-21,0,23.0768516878,27.8660943229826,0.00543412364591463,19,7.45,2.2175,1.29916666666667
2025-06-22,0,23.0815408072,27.697970135065,0.0051245326726894,17.5,7.11,2.19541666666667,1.288125
2025-06-23,0,23.0118866285,27.4590107068398,0.00471673427237678,16.3,6.84,2.17572916666667,1.2790625
2025-06-24,0,23.0143343917866,27.3618682248439,0.00455237217091705,15.3,6.57,2.16125,1.26979166666667
2025-06-25,0,22.9635395945533,27.1170801424436,0.00416260390808192,14.6,6.51,2.14708333333333,1.26572916666667
2025-06-26,2.54,22.9836722864866,27.0879921313446,0.0041309584055417,16,7.72,2.15541666666667,1.26083333333333
2025-06-27,9.906,22.9338714107266,27.1096025898741,0.00415865503650527,24.4,11.1,2.1740625,1.36161290322581
2025-06-28,3.302,22.95574427698,28.9737866871419,0.010878498251438,33.2,11.3,2.41302083333333,1.45364583333333
2025-06-29,0.508,22.93803741882,36.9812872180042,0.0531015539603883,40.3,9.7,2.4503125,1.36916666666667
2025-06-30,0,22.9584473517533,31.4770898633439,0.015372351942866,27,7.68,2.33802083333333,1.31041666666667
2025-07-01,22.86,22.8847296692,32.6161543766895,0.0253601460840914,23.4,8.43,2.24552083333333,1.2921875
2025-07-02,0.254,22.9298176477733,36.3415675758587,0.0431326124768035,27.3,9.83,2.334375,1.3896875
2025-07-03,0,22.9031995645266,32.2975375392914,0.0186650856472416,19.9,7.9,2.23645833333333,1.31989583333333
2025-07-04,0,22.8954890677133,30.2970230734702,0.0113036884161142,17.2,7.01,2.19291666666667,1.2865625
2025-07-05,0,22.8646510767266,29.2703413718865,0.00845668915627374,15.7,6.58,2.16864583333333,1.27
2025-07-06,1.778,22.85172929832,28.6041990738535,0.00690265377319817,14.5,6.35,2.14760416666667,1.26010416666667
2025-07-07,0.254,22.8213476809866,28.6333747800515,0.00696921912978406,14.7,8.48,2.14802083333333,1.25854166666667
2025-07-08,11.43,22.8218778856666,29.1892440136749,0.0093289399655708,14.8,16.6,2.14885416666667,1.45322916666667
2025-07-09,4.318,22.84669610036,32.2427738593586,0.0186230828287487,15.5,15.4,2.15604166666667,1.56322916666667
2025-07-10,1.27,22.78805588236,30.2144311736165,0.0110466291551713,15.8,12.3,2.1709375,1.45385416666667
2025-07-11,0,22.7966173342067,29.3876355351304,0.00875362376563829,14.1,9.88,2.14552083333333,1.38197916666667
2025-07-12,0,22.80623195218,28.8163471639201,0.00737851940817195,12.3,8.39,2.10791666666667,1.3334375
2025-07-13,0,22.80479419534,28.3246329042914,0.00631665357899803,12.1,7.72,2.11125,1.30322916666667
2025-07-14,0.254,22.7905756783533,27.9954249220767,0.00567328721319889,11.6,7.18,2.09697916666667,1.29854166666667
2025-07-15,0,22.7465528547066,27.8208986403005,0.00534718094525585,11.7,7.51,2.0978125,1.28291666666667
2025-07-16,1.016,22.67054945748,27.8548996053471,0.0054073133542382,11.6,9.2,2.09260416666667,1.32354166666667
2025-07-17,6.604,22.6327324862933,27.8117291963106,0.00535553531016893,13.6,18,2.11322916666667,1.51354166666667
2025-07-18,3.556,22.70080229512,27.8198576278128,0.00535404003565232,15,16.5,2.14729166666667,1.54052083333333
2025-07-19,34.29,22.80944270268,31.2435446323325,0.0203278381932145,248,45.5,2.415625,1.70114583333333
2025-07-20,2.794,22.9362968448733,33.7775530658521,0.0259963985975846,105,36.6,3.24208333333333,2.02447916666667
2025-07-21,0.254,22.98245247604,30.9825414560704,0.0135475417066799,42.5,22.1,2.50802083333333,1.666875
2025-07-22,0,22.9599414559533,29.6382231853193,0.00942258931061497,31.5,17.7,2.38229166666667,1.56875
2025-07-23,0,22.903625630578,28.5810635211403,0.00685968025700018,25.9,15.3,2.31,1.51270833333333
2025-07-24,0,22.83585912432,27.8798677183582,0.00545315292815483,20.1,13.9,2.24020833333333,1.48020833333333
2025-07-25,0,22.8234698984,27.7379162431736,0.00519926708627748,17.3,11.2,2.195,1.41802083333333
2025-07-26,1.27,22.89320380262,27.4930830753822,0.00477543815443845,17,12.2,2.17604166666667,1.405625
2025-07-27,2.794,22.8874029218333,27.5174864860288,0.00481577342232507,21.7,11.6,2.24,1.433125
2025-07-28,0.254,22.825626146091,27.3320287841163,0.0045305558036952,17.6,10.4,2.20447916666667,1.39291666666667
2025-07-29,1.27,22.7841887950133,27.8058548183911,0.00532011220070872,19,9.15,2.2025,1.355
2025-07-30,0.254,22.7270832861371,27.3401663810459,0.0045181941691681,17.2,20.9,2.18666666666667,1.32875
2025-07-31,19.05,22.7071138833081,27.5121309190077,0.00490475752580316,21.8,37.5,2.22989583333333,1.93625
2025-08-01,25.4,22.8271120458866,29.5075696487539,0.0105830154648666,49.8,115,2.40302083333333,2.15614583333333
2025-08-02,1.016,22.88508678558,30.844662069367,0.0133535820345142,61.3,59.1,2.67166666666667,2.4084375
2025-08-03,0,22.9047717457866,28.5009503966221,0.00669899350529652,41.2,34.6,2.49010416666667,1.8853125
2025-08-04,0,22.94111554322,27.6140191265445,0.00497878385014881,33,27.1,2.38479166666667,1.74552083333333
2025-08-05,4.064,22.9253671554466,27.4735593056423,0.00474018116055077,28,24.1,2.34166666666667,1.68416666666667
2025-08-06,7.62,22.8915482492466,28.5272602216999,0.00716672027882409,28,22.2,2.281875,1.64510416666667
2025-08-07,0,22.8602358015,29.0415656081325,0.00791230921718169,35.6,20.5,2.42583333333333,1.6203125
2025-08-08,0.508,22.8764088925133,28.3090369906437,0.00628520259131034,27.2,18.7,2.3259375,1.58333333333333
2025-08-09,0,22.8485720977933,27.6789385606744,0.00509052383614572,23.3,16.2,2.27791666666667,1.53302083333333
2025-08-10,0,22.8221225570933,27.229970841916,0.00434221803857877,20.4,14.5,2.23770833333333,1.49208333333333
2025-08-11,0,22.8896659576933,26.9488716925968,0.00391440850194699,18.7,13.6,2.20927083333333,1.4684375
2025-08-12,0,22.84380200404,27.114670178171,0.00416141676263307,20.5,12.7,2.229375,1.4478125
2025-08-13,0.254,22.8460391640733,27.0884605077404,0.00412169316493942,18.5,12.1,2.20979166666667,1.42958333333333
2025-08-14,1.27,22.83730467388,27.0205164360532,0.00401788180555775,18.1,11.6,2.19125,1.41760416666667
2025-08-15,0,22.7316673608133,26.8768359867477,0.00380670737965773,17.7,11.1,2.205625,1.4059375
2025-08-16,0,22.7090329559933,26.5063934044091,0.00329764583659551,15.6,10.3,2.16791666666667,1.3865625
2025-08-17,0,22.6933020518866,26.3656390678802,0.00311532273664992,14.2,9.78,2.14375,1.36875
2025-08-18,0,22.71281866936,26.0812855578109,0.0027703079525471,13.2,9.32,2.129375,1.35708333333333
2025-08-19,0,22.62658173236,25.766861282319,0.00242100865819191,12.3,9.14,2.11114583333333,1.34833333333333
2025-08-20,0.508,22.6565168168466,25.968741509506,0.00266045341323361,13.4,9.04,2.11625,1.34645833333333
2025-08-21,36.068,22.5447846265937,30.0576792165256,0.0291342380169006,16.7,11,2.1609375,1.33979166666667
2025-08-22,9.906,22.5817934737866,36.4220857561053,0.0431554787848923,26.7,13.7,2.28583333333333,1.49552083333333
2025-08-23,0,22.5975096916133,32.2780143709812,0.0186312712524443,22.5,11.2,2.27895833333333,1.41552083333333
2025-08-24,0.254,22.6575017966733,30.4373606420145,0.0117335057879166,19.4,11,2.21520833333333,1.3896875
2025-08-25,0,22.6911032560133,29.2007298456317,0.0083061945032087,17.1,10.6,2.20052083333333,1.40270833333333
2025-08-26,0,22.6354343122333,27.855895070805,0.0054132558599463,14.4,9.28,2.15072916666667,1.35885416666667
2025-08-27,0,22.5760882536333,26.9581405118942,0.00392766756479308,12.8,8.61,2.12291666666667,1.3371875
2025-08-28,0,22.5567471721733,26.4758011931057,0.00326506604323967,11.8,8.07,2.1021875,1.31864583333333
2025-08-29,0,22.5398884217066,26.4534225079357,0.00323293425083375,10.9,7.77,2.08770833333333,1.309375
2025-08-30,0,22.54681814792,26.1978195557306,0.00291231194810709,10.3,7.55,2.0746875,1.3
2025-08-31,0,22.5189602728933,26.047059246243,0.00273223102402039,9.91,7.46,2.0659375,1.29927083333333
2025-09-01,0,22.4781682809866,25.7978864417285,0.00245561434687915,9.39,7.16,2.0575,1.28947916666667
2025-09-02,0,22.4790955647133,25.5114656304601,0.00216528133249171,8.87,6.86,2.04572916666667,1.27979166666667
2025-09-03,0,22.4039997196466,25.3763201281334,0.00203622720013529,8.81,6.64,2.0428125,1.27
2025-09-04,3.81,22.4652460417323,25.7561961027541,0.00242938810170596,9.73,6.71,2.0534375,1.27020833333333
2025-09-05,0,22.43696732114,26.2184733697821,0.00294376270885083,9.69,6.83,2.06572916666667,1.27854166666667
2025-09-06,0,22.4496214495866,26.2246563698725,0.0029437520072092,9.04,6.55,2.0496875,1.2690625
2025-09-07,0,22.36607634786,25.7822568719949,0.00244594042709451,8.34,6.46,2.03645833333333,1.26395833333333
2025-09-08,0,22.30801384016,24.7976092066867,0.00153898004768775,7.72,6.29,2.021875,1.25989583333333
2025-09-09,0,22.2956118261866,24.393255663356,0.00124793426612439,7.44,6.07,2.0134375,1.25
2025-09-10,0,22.2559449332066,24.2437884028085,0.00115022297845614,7.38,6.07,2.01177083333333,1.25
2025-09-11,0,22.2342149334866,24.2796871560323,0.00117579360671827,7.13,6.07,2.00697916666667,1.25
2025-09-12,0,22.2567902435133,24.3156823553079,0.0011986624002385,7.06,5.98,2.005,1.24885416666667
2025-09-13,0,22.2123589015066,24.141605224605,0.00108773776818447,6.91,5.79,2.00114583333333,1.24
2025-09-14,0,22.14300419304,23.6712077477055,0.000815993349134512,6.78,5.72,1.99864583333333,1.239375
2025-09-15,0,22.1558246660866,NA,NA,6.75,5.52,1.99677083333333,1.23
2025-09-16,0,22.1669214993666,NA,NA,6.79,5.52,1.9965625,1.23
2025-09-17,1.27,22.07741931278,NA,NA,6.94,5.52,2.0003125,1.23
2025-09-18,0,21.9955706262533,NA,NA,6.73,5.52,1.99927083333333,1.23
2025-09-19,0,22.0796157108933,NA,NA,5.81,5.52,1.98020833333333,1.23
2025-09-20,0,22.1080912089333,NA,NA,5.36,5.52,1.96177083333333,1.23
2025-09-21,0,22.0694336230533,NA,NA,5.3,5.52,1.95989583333333,1.23
2025-09-22,0,22.03548533772,NA,NA,5.39,5.43,1.96229166666667,1.22864583333333
2025-09-23,0.254,21.9696094792933,NA,NA,5.38,5.26,1.9609375,1.22
2025-09-24,11.43,22.04666819064,NA,NA,5.85,5.36,1.9709375,1.22
2025-09-25,7.366,21.97344254842,NA,NA,7.8,7.12,2.01125,1.27666666666667
2025-09-26,1.524,21.9907850469666,NA,NA,7.32,6.57,2.0165625,1.271875
2025-09-27,6.604,21.9474943393733,NA,NA,8.18,7.08,2.01875,1.2796875
2025-09-28,0,21.9405376883133,NA,NA,8.33,6.79,2.03791666666667,1.27833333333333
2025-09-29,0,21.91173035028,NA,NA,7.25,6.35,2.01333333333333,1.26177083333333
2025-09-30,1.016,21.8463061698933,NA,NA,7.95,6.35,2.01625,1.26
2025-10-01,0,21.8409564676133,NA,NA,7.14,6.32,2.01322916666667,1.26
2025-10-02,0,21.8834542159933,NA,NA,6.41,6.07,1.99666666666667,1.25104166666667
2025-10-03,0,21.8139672311,NA,NA,5.71,5.94,1.96989583333333,1.24739583333333
2025-10-04,0,21.80261278848,NA,NA,5.49,5.79,1.96666666666667,1.24
2025-10-05,0,21.7766737697838,NA,NA,5.42,5.67,1.9628125,1.23854166666667
2025-10-06,0,21.7987319639666,NA,NA,5.57,5.44,1.96552083333333,1.23
2025-10-07,2.032,21.7657239002733,NA,NA,5.9,5.45,1.971875,1.23041666666667
2025-10-08,0.254,21.7769510618,NA,NA,6.57,5.84,1.9946875,1.24708333333333
2025-10-09,0,21.6658718326,NA,NA,5.71,5.65,1.973125,1.24635416666667
2025-10-10,0,21.63786644538,NA,NA,5.63,5.22,1.96833333333333,1.2325
2025-10-11,0,21.6419168415485,NA,NA,5.61,5.16,1.96854166666667,1.23
2025-10-12,0,21.6309083956266,NA,NA,5.87,5.1,1.97291666666667,1.23
2025-10-13,0,21.6155815640333,NA,NA,6.1,5.05,1.9809375,1.23
2025-10-14,0,21.58023103868,25.8862285532575,0.00255530366762205,7.81,5,2.00479166666667,1.23
2025-10-15,0,21.5490709985533,25.3428135301327,0.0020136290535253,8.99,4.94,2.04697916666667,1.23
2025-10-16,0,21.5397503059933,25.021785231479,0.00172408994359825,7.85,4.8,2.038125,1.2284375
2025-10-17,0,21.5285962761466,24.1565267054016,0.0010984132414742,5.33,4.59,1.96072916666667,1.22
2025-10-18,0,21.5095803409333,24.4642817192294,0.00131419684788983,5.6,4.54,1.96635416666667,1.22
2025-10-19,1.524,21.4954050835333,25.1875013488416,0.00186952911321383,5.62,4.77,1.96895833333333,1.22635416666667
2025-10-20,0,21.4241927105066,24.5756637528608,0.00137578064900113,5.94,5.16,1.97541666666667,1.248125
2025-10-21,6.858,21.41064316856,24.7046744970285,0.00163224306157688,7.04,5.21,1.99020833333333,1.25020833333333
2025-10-22,0,21.4045461644133,25.6764911954995,0.0023451291518702,7.66,5.58,2.02354166666667,1.2684375
2025-10-23,0,21.4583514492333,25.3019937065237,0.00197164341035461,7.16,5.39,2.00885416666667,1.26666666666667
2025-10-24,0,21.3695948661,24.9089185023333,0.00162689501816861,6.45,5.21,1.99229166666667,1.26
2025-10-25,0,21.3727209956533,24.4354143460846,0.00127865492774597,6.37,5.16,1.986875,1.26
2025-10-26,0,21.3346680948733,24.7215063122025,0.00147882134600891,6.68,5.1,1.995,1.26
2025-10-27,1.778,21.32168117732,24.9755095825986,0.00167901910884629,6.7,5.05,1.994375,1.26
2025-10-28,0.254,21.2743734224733,25.2436401173141,0.00190724452762935,6.84,5,1.99916666666667,1.26
2025-10-29,10.16,21.3404874583933,26.1289779316176,0.00326130553257121,8.83,5.4,2.01114583333333,1.260625
2025-10-30,10.414,21.38838873377,31.7270562403015,0.01644058946556,17.6,11.5,2.18541666666667,1.44166666666667
2025-10-31,0,21.34451474608,28.8090191104689,0.00750979568021943,14.4,6.91,2.14854166666667,1.34822916666667
2025-11-01,0,21.2481470233133,26.8928532148012,0.00384475697738193,11.2,5.53,2.10489583333333,1.295625
2025-11-02,0,21.25016948392,26.1832481773716,0.00289201103917374,9.64,4.96,2.0528125,1.27260416666667
2025-11-03,0,21.1859500780266,25.9610584841016,0.00263551913397156,10.2,4.58,2.08,1.25864583333333
2025-11-04,0,21.2135017890733,25.7095389956564,0.00236456922018101,7.07,4.35,2.0146875,1.25
2025-11-05,0,21.1448205281351,25.4164123021314,0.00207807807986546,6.79,4.1,1.99802083333333,1.24072916666667
2025-11-06,0,21.1693969420533,25.6327840250462,0.0022872790057558,6.42,4.06,1.99239583333333,1.24
2025-11-07,2.286,21.1390200702866,25.4047494928603,0.00207101533445809,6.35,4.01,1.98489583333333,1.24
2025-11-08,2.794,21.12089515268,26.9736592583331,0.00395196060830845,7.63,4.18,2.011875,1.24739583333333
2025-11-09,0,21.1323804730333,27.1180879572968,0.00418267790967465,7.41,4.04,2.01479166666667,1.24770833333333
2025-11-10,0,21.08799698632,26.4449682838572,0.00323062914681944,6.81,3.77,2.00375,1.23770833333333
2025-11-11,0,21.0639130856266,25.5550475030175,0.00220666288402641,6.2,3.6,1.9821875,1.23
2025-11-12,0,21.0495474778839,25.7617575503337,0.00243716523342843,6.47,3.55,1.98854166666667,1.23
2025-11-13,0,21.0641444694666,26.0154435542307,0.00269672072067077,6.63,3.51,1.994375,1.23
2025-11-14,0,20.9699782900066,25.8191947299562,0.00248714406492377,6.87,3.46,1.9984375,1.23
2025-11-15,0,20.9653086524066,26.414421718632,0.00319215586480596,7.12,3.42,2.00416666666667,1.23
2025-11-16,0,20.9631262412266,27.0479630969608,0.0040815786126085,6.92,3.38,2.0025,1.23
2025-11-17,0,20.9357595073733,25.9021341525552,0.00257140437921233,6.61,3.33,1.99489583333333,1.23
2025-11-18,1.524,20.8842081169533,25.5348051755095,0.00218914966613178,6.63,3.29,1.99239583333333,1.23
2025-11-19,1.016,20.87486774278,26.2217063781991,0.00294191933676914,7.72,3.24,2.01510416666667,1.23
2025-11-20,0,20.8560750462187,26.3560381106366,0.00310706164691856,7.23,3.27,2.0109375,1.2309375
2025-11-21,0,20.8384461680066,26.5545242593881,0.00336161355719117,7.02,3.4,2.005,1.24
2025-11-22,2.286,20.8039053362333,27.0488412944274,0.00408566239641022,7.71,3.4,2.01510416666667,1.24
2025-11-23,0,20.7942433216291,26.582263277674,0.0034000216887441,7.36,3.36,2.01375,1.24
2025-11-24,0,20.7814254370733,25.7957387180754,0.00245718886466336,6.6,3.19,1.996875,1.23052083333333
2025-11-25,1.27,20.74369123856,25.7308613730523,0.00239018673874387,7.22,3.19,1.99,1.23
2025-11-26,0,20.7343463685866,26.4025076460328,0.00316486120432208,11.8,3.19,2.09604166666667,1.23
2025-11-27,0,20.7546848682533,25.5856793741041,0.00224458715816242,8.12,3.16,2.04791666666667,1.23
2025-11-28,0,20.8394461837866,25.134503706887,0.00181897181018061,5.33,3,1.96229166666667,1.220625
2025-11-29,0,20.7680233573666,24.511626317274,0.00132377016676997,5.34,3,1.96,1.22
2025-11-30,1.27,20.6646123145066,24.888716587285,0.00162130526885063,5.84,3,1.97041666666667,1.22
2025-12-01,0,20.64851380382,24.9349722802571,0.00164886840411363,6.09,3,1.98229166666667,1.22
2025-12-02,11.684,20.6927062689866,27.6502245959248,0.00556115633452071,7.83,3.68,2.0075,1.24229166666667
2025-12-03,0,20.61687491104,28.2899357555091,0.00629404123851081,8.47,3.82,2.03802083333333,1.26427083333333
2025-12-04,0,20.5715294729866,27.0564368753813,0.00407638562858813,7.68,3.31,2.0228125,1.24
2025-12-05,0.508,20.573653189,26.5917668388059,0.00341015517756783,9.04,3.52,2.02927083333333,1.24145833333333
2025-12-06,8.382,20.56299769342,26.7231788572859,0.00360216916203454,8.38,3.61,2.04791666666667,1.25
2025-12-07,0,20.5368744478933,27.0012493946438,0.00399474250161622,7.48,3.48,2.01614583333333,1.2459375
2025-12-08,2.032,20.54320223644,27.6149915417389,0.00499730589650448,NA,3.74,2.03079545454545,1.249375
2025-12-09,0,20.5092481065667,27.8936202881441,0.00547473370401225,8.83,3.91,2.04666666666667,1.26583333333333
2025-12-10,8.128,20.4788044471933,28.0754507719746,0.00589797717139363,8.82,3.82,2.03791666666667,1.25854166666667
2025-12-11,0,20.4573844079066,29.7369630134657,0.00970281073477965,10.9,4.05,2.08020833333333,1.269375
2025-12-12,0,20.446573907959,28.7125286085344,0.00716170562370327,11.3,4.05,2.0834375,1.27
2025-12-13,0,20.4892317559466,27.68266236381,0.0051010198945391,12.1,3.84,2.11854166666667,1.26291666666667
2025-12-14,0,20.4640338459666,27.8134656569601,0.00535014123475381,NA,3.69,2.02604166666667,1.256875
2025-12-15,0,20.44465804694,27.5802684505142,0.00498596286883887,NA,3.36,1.87104166666667,1.240625
2025-12-16,0,20.4192906453,27.7668425491371,0.00534633857376436,NA,3.19,1.84802083333333,1.23083333333333
2025-12-17,0,20.40026726704,26.2481727296262,0.0029696391662761,NA,3.19,1.95197916666667,1.23
2025-12-18,5.842,20.3715811157933,26.6818569296556,0.00360972552238401,7.51,3.3,2.00916666666667,1.23020833333333
2025-12-19,4.572,20.34104139616,30.6950798884389,0.012784941656361,11.9,6.53,2.0859375,1.33520833333333
2025-12-20,0,20.3674288455653,29.6024027082212,0.0093534232765068,10.3,5.16,2.0825,1.32385416666667
2025-12-21,0,20.30312576714,28.4819084070467,0.00665522942232202,9.58,4.33,2.0609375,1.28864583333333
2025-12-22,0,20.2755214552333,27.135293160226,0.00419732756315671,8.44,3.88,2.04072916666667,1.26479166666667
2025-12-23,0.762,20.23685347906,27.4297522813167,0.00469482081884622,8.66,3.77,2.03625,1.25989583333333
2025-12-24,0,20.2538257734533,27.9190277438716,0.00552969736433669,9.66,3.53,2.05677083333333,1.24864583333333
2025-12-25,4.064,20.2367306438133,27.9133906555123,0.00552619731058437,8.86,3.88,2.0440625,1.2534375
2025-12-26,0,20.2007060701874,28.0116295268985,0.00570071619516024,8.54,4.01,2.04052083333333,1.2725
2025-12-27,0,20.19776399666,27.6394884165564,0.00502257119208034,9.87,3.78,2.0528125,1.26
2025-12-28,0,20.14286803076,27.3571687883787,0.00454345295541772,10.5,3.59,2.0775,1.25
2025-12-29,0,20.14057112654,27.3831555217413,0.0046016193822967,7.08,3.36,2.0228125,1.24114583333333
2025-12-30,0,20.09592018968,26.4066348075665,0.00318621678100883,6.04,3.19,1.98104166666667,1.23010416666667
2025-12-31,0,20.1287027140733,25.81912157399,0.00247831105743078,6.16,3.19,1.98239583333333,1.23
