"Reservoir","Site","Site_code","Date","Depth_m","Distance","Dry_start","Dry_end","Max_Depth_Site_m","Temp_C","DO_mgL","DOsat_percent","SpCond_uScm"
"CCR",92,"C1",2024-05-22,0.1,345.0336,NA,NA,2.4,26.5,9.55,117.1,113.9
"CCR",92,"C1",2024-05-22,1,345.0336,NA,NA,2.4,25,9.31,116.4,113.1
"CCR",92,"C1",2024-05-22,2,345.0336,NA,NA,2.4,23.3,9.63,110.8,109.1
"CCR",96,"B2",2024-05-22,0.1,240.792,NA,NA,1.8,27.2,9.49,116.8,114.6
"CCR",96,"B2",2024-05-22,1,240.792,NA,NA,1.8,25,9.2,108.8,111.7
"CCR",96,"B2",2024-05-22,1.5,240.792,NA,NA,1.8,22.5,8.34,94.1,101.1
"CCR",98,"B1",2024-05-22,0.1,188.6712,NA,NA,0.7,27.3,8.37,104.2,110.7
"CCR",98,"B1",2024-05-22,0.5,188.6712,NA,NA,0.7,20,8.48,91.1,43.4
"CCR",101,"S1",2024-05-22,0.1,0,NA,NA,0.1,19.5,9.61,102.6,34.5
"CCR",100,"S2",2024-05-22,0.1,124.0536,NA,NA,0.1,19,8.18,85.2,35.5
"CCR",98,"B1",2024-06-19,0.1,188.6712,103.632,178.6128,0.4,26.3,6.69,79.4,112.8
"CCR",98,"B1",2024-06-19,0.4,188.6712,103.632,178.6128,0.4,19.8,2.11,21.6,59.3
"CCR",101,"S1",2024-06-19,0.1,0,103.632,178.6128,0.1,20.9,9.58,102.8,51.4
"CCR",100,"S2",2024-06-19,0.1,100.584,103.632,178.6128,0.1,20.7,5.97,65.1,52.1
"CCR",96,"B2",2024-06-19,0.1,240.792,103.632,178.6128,1.3,28.4,8.01,99.5,113.7
"CCR",96,"B2",2024-06-19,0.5,240.792,103.632,178.6128,1.3,27,7.42,90.4,112.5
"CCR",96,"B2",2024-06-19,1,240.792,103.632,178.6128,1.3,25.9,6.03,72.2,103.9
"CCR",92,"C1",2024-06-19,0.1,345.0336,103.632,178.6128,1.8,27.8,9.1,112,114.9
"CCR",92,"C1",2024-06-19,0.5,345.0336,103.632,178.6128,1.8,27.7,9,110.3,114.9
"CCR",92,"C1",2024-06-19,1,345.0336,103.632,178.6128,1.8,26.7,8.65,104.4,113.7
"CCR",92,"C1",2024-06-19,1.5,345.0336,103.632,178.6128,1.8,26.7,8.26,99.6,113.6
"CCR",98,"B1",2024-07-11,0.1,204.216,68.58,202.692,0.1,22.8,3.22,39.3,57.1
"CCR",100,"S2",2024-07-11,0.1,65.532,68.58,202.692,0.1,21.5,6.82,75.4,56.2
"CCR",101,"S1",2024-07-11,0.1,0,68.58,202.692,0.1,21.6,8.7,96.6,52.7
"CCR",96,"B2",2024-07-11,0.1,240.792,68.58,202.692,0.8,29.5,7.69,97.5,113.8
"CCR",96,"B2",2024-07-11,0.5,240.792,68.58,202.692,0.8,29.2,7.65,97,111.7
"CCR",96,"B2",2024-07-11,0.8,240.792,68.58,202.692,0.8,29.2,7.65,97.2,111.9
"CCR",92,"C1",2024-07-11,0.1,345.0336,68.58,202.692,1.3,28.6,8.5,106.7,115.9
"CCR",92,"C1",2024-07-11,0.5,345.0336,68.58,202.692,1.3,28.5,8.47,106.4,116
"CCR",92,"C1",2024-07-11,1,345.0336,68.58,202.692,1.3,28.5,8.5,106.3,116.1
"CCR",92,"C1",2024-08-14,0.1,345.0336,68.58,231.648,0.7,27.1,8.01,97.5,116
"CCR",92,"C1",2024-08-14,0.5,345.0336,68.58,231.648,0.7,27.1,7.99,97.8,116
"CCR",96,"B2",2024-08-14,0.1,245.364,68.58,231.648,0.25,26.6,7.26,87.8,96.4
"CCR",98,"B1",2024-08-14,0.1,236.22,68.58,231.648,0.25,25.1,3.37,39.7,59.8
"CCR",100,"S2",2024-08-14,0.1,65.532,68.58,231.648,0.1,19.5,7.93,85.1,50.4
"CCR",101,"S1",2024-08-14,0.1,0,68.58,231.648,0.1,19.6,9.16,98.8,49.5
"CCR",92,"C1",2024-09-16,0.1,335.8896,0.9144,326.7456,0.35,22,9.08,101.2,117.1
"CCR",101,"S1",2024-09-16,0.1,0,0.9144,326.7456,0.1,17,9.4,93.9,65.7
"CCR",92,"C1",2024-09-30,0.1,345.0336,NA,NA,0.9,22.2,8.62,96.5,110.1
"CCR",92,"C1",2024-09-30,0.5,345.0336,NA,NA,0.9,22.1,8.73,97.9,110.2
"CCR",92,"C1",2024-09-30,0.9,345.0336,NA,NA,0.9,21.8,8.21,88.1,110
"CCR",96,"B2",2024-09-30,0.1,240.792,NA,NA,0.2,18.6,8.08,84.1,30.1
"CCR",98,"B1",2024-09-30,0.1,188.6712,NA,NA,0.1,18.5,8.73,91.3,31.3
"CCR",100,"S2",2024-09-30,0.1,124.0536,NA,NA,0.1,18.5,8.72,90.8,31.3
"CCR",101,"S1",2024-09-30,0.1,0,NA,NA,0.1,18.6,9.59,100.3,31.7
"CCR",92,"C1",2024-10-28,0.1,345.0336,82.296,196.2912,0.85,16.7,10.18,99.8,132
"CCR",92,"C1",2024-10-28,0.5,345.0336,82.296,196.2912,0.85,16,10.22,99.2,132.1
"CCR",92,"C1",2024-10-28,0.8,345.0336,82.296,196.2912,0.85,15.5,10.33,98.4,132.7
"CCR",98,"B1",2024-10-28,0.1,197.8152,82.296,196.2912,0.1,12.8,5.98,55.2,42.1
"CCR",96,"B2",2024-10-28,0.1,240.792,82.296,196.2912,0.2,16.7,7.92,80.7,76.1
"CCR",100,"S2",2024-10-28,0.1,80.772,82.296,196.2912,0.1,9.7,8.9,75.9,52.1
"CCR",101,"S1",2024-10-28,0.1,0,82.296,196.2912,0.1,9.3,10.93,92.2,49.7
"CCR",92,"C1",2024-12-17,0.1,345.0336,NA,NA,0.32,8.6,10.94,91.6,33.3
"CCR",96,"B2",2024-12-17,0.1,240.792,NA,NA,0.15,8.1,11.24,92,30.1
"CCR",98,"B1",2024-12-17,0.1,188.6712,NA,NA,0.09,8,11.6,95,31
"CCR",100,"S2",2024-12-17,0.1,124.0536,NA,NA,0.1,8.5,11.34,94.3,31.3
"CCR",101,"S1",2024-12-17,0.1,0,NA,NA,0.1,8.6,11.65,97.7,30.9
"CCR",92,"C1",2025-02-26,0.1,345.0336,NA,NA,2.5,5.1,12.47,96.1,133.9
"CCR",92,"C1",2025-02-26,0.5,345.0336,NA,NA,2.5,5,12.5,95.6,134.4
"CCR",92,"C1",2025-02-26,1,345.0336,NA,NA,2.5,4.8,12.62,96.2,134.7
"CCR",92,"C1",2025-02-26,1.5,345.0336,NA,NA,2.5,4.8,12.65,96.8,136
"CCR",92,"C1",2025-02-26,2,345.0336,NA,NA,2.5,4.7,12.7,96.4,136.1
"CCR",92,"C1",2025-02-26,2.5,345.0336,NA,NA,2.5,4.7,12.71,96.2,136.2
"CCR",96,"B2",2025-02-26,0.1,240.792,NA,NA,2,5.7,12.04,94,55.7
"CCR",96,"B2",2025-02-26,0.5,240.792,NA,NA,2,5.6,12.23,96.3,100.5
"CCR",96,"B2",2025-02-26,1,240.792,NA,NA,2,5.2,12.47,97.2,135.5
"CCR",96,"B2",2025-02-26,1.5,240.792,NA,NA,2,5.1,12.58,96.3,135.7
"CCR",96,"B2",2025-02-26,2,240.792,NA,NA,2,5.1,12.58,96.8,135.2
"CCR",98,"B1",2025-02-26,0.1,188.6712,NA,NA,1.2,5.5,12.56,97.7,25.1
"CCR",98,"B1",2025-02-26,0.5,188.6712,NA,NA,1.2,5.5,12.47,96.4,40.8
"CCR",98,"B1",2025-02-26,1,188.6712,NA,NA,1.2,5.5,12.07,94.6,123.8
"CCR",100,"S2",2025-02-26,0.1,124.0536,NA,NA,0.1,6.5,12.38,98.8,23.6
"CCR",101,"S1",2025-02-26,0.1,0,NA,NA,0.1,6.9,12.18,98.8,23.5
"CCR",92,"C1",2025-04-16,0.1,345.0336,NA,NA,2.1,13.3,10.43,97.3,120.4
"CCR",92,"C1",2025-04-16,0.5,345.0336,NA,NA,2.1,13.1,10.46,96.8,120.9
"CCR",92,"C1",2025-04-16,1,345.0336,NA,NA,2.1,13.1,10.49,97.8,120.7
"CCR",92,"C1",2025-04-16,1.5,345.0336,NA,NA,2.1,12.9,10.46,96.9,120.4
"CCR",92,"C1",2025-04-16,2,345.0336,NA,NA,2.1,12.9,10.47,96.8,120
"CCR",96,"B2",2025-04-16,0.1,240.792,NA,NA,1.1,13.3,10.21,95.4,115.8
"CCR",96,"B2",2025-04-16,0.5,240.792,NA,NA,1.1,12.2,10.23,93.4,91.2
"CCR",96,"B2",2025-04-16,1,240.792,NA,NA,1.1,11.5,10.18,91.8,58.1
"CCR",98,"B1",2025-04-16,0.1,188.6712,NA,NA,1.2,11.3,10.27,92.1,38.6
"CCR",98,"B1",2025-04-16,0.5,188.6712,NA,NA,1.2,11.3,10.31,92,33.9
"CCR",98,"B1",2025-04-16,1,188.6712,NA,NA,1.2,11.2,10.4,92.8,33.4
"CCR",100,"S2",2025-04-16,0.1,124.0536,NA,NA,0.1,11.9,10.4,93.8,30.4
"CCR",101,"S1",2025-04-16,0.1,0,NA,NA,0.1,12.3,10.59,96.8,29.5
"CCR",50,"P2",2024-05-22,0.1,1527.3528,NA,NA,21.6,23.1633,8.7927,102.847,114.589
"CCR",50,"P2",2024-05-22,0.2,1527.3528,NA,NA,21.6,24.0667,8.4427,100.774,115.683
"CCR",50,"P2",2024-05-22,0.3,1527.3528,NA,NA,21.6,23.16,8.7664,102.584,114.534
"CCR",50,"P2",2024-05-22,0.4,1527.3528,NA,NA,21.6,23.1771,8.754,102.538,114.544
"CCR",50,"P2",2024-05-22,0.5,1527.3528,NA,NA,21.6,24.0659,6.8726,87.814,116.047
"CCR",50,"P2",2024-05-22,0.6,1527.3528,NA,NA,21.6,23.0799,8.7586,102.388,114.552
"CCR",50,"P2",2024-05-22,0.7,1527.3528,NA,NA,21.6,23.0573,8.7602,102.189,114.565
"CCR",50,"P2",2024-05-22,0.8,1527.3528,NA,NA,21.6,23.0535,8.7505,102.205,114.53
"CCR",50,"P2",2024-05-22,0.9,1527.3528,NA,NA,21.6,23.0367,8.7769,102.283,114.535
"CCR",50,"P2",2024-05-22,1,1527.3528,NA,NA,21.6,23.0094,8.7582,102.157,114.522
"CCR",50,"P2",2024-05-22,1.1,1527.3528,NA,NA,21.6,22.9737,8.8014,102.776,114.506
"CCR",50,"P2",2024-05-22,1.2,1527.3528,NA,NA,21.6,22.9375,8.8342,103.033,114.533
"CCR",50,"P2",2024-05-22,1.3,1527.3528,NA,NA,21.6,22.9219,8.835,102.951,114.509
"CCR",50,"P2",2024-05-22,1.4,1527.3528,NA,NA,21.6,22.8799,8.8607,102.737,114.446
"CCR",50,"P2",2024-05-22,1.5,1527.3528,NA,NA,21.6,22.8556,8.8617,103.202,114.483
"CCR",50,"P2",2024-05-22,1.6,1527.3528,NA,NA,21.6,22.83,8.8549,103.21,114.381
"CCR",50,"P2",2024-05-22,1.7,1527.3528,NA,NA,21.6,22.756,8.9394,104.128,114.394
"CCR",50,"P2",2024-05-22,1.8,1527.3528,NA,NA,21.6,22.7124,9.0132,104.76,114.427
"CCR",50,"P2",2024-05-22,1.9,1527.3528,NA,NA,21.6,22.704,9.0306,104.855,114.407
"CCR",50,"P2",2024-05-22,2,1527.3528,NA,NA,21.6,22.6627,9.0718,105.189,114.425
"CCR",50,"P2",2024-05-22,2.1,1527.3528,NA,NA,21.6,22.6524,9.0863,105.373,114.425
"CCR",50,"P2",2024-05-22,2.2,1527.3528,NA,NA,21.6,22.646,9.1067,105.677,114.458
"CCR",50,"P2",2024-05-22,2.3,1527.3528,NA,NA,21.6,22.6312,9.0177,104.409,114.495
"CCR",50,"P2",2024-05-22,2.4,1527.3528,NA,NA,21.6,22.6158,9.0638,104.813,114.469
"CCR",50,"P2",2024-05-22,2.5,1527.3528,NA,NA,21.6,22.5342,9.0991,105.52,114.525
"CCR",50,"P2",2024-05-22,2.6,1527.3528,NA,NA,21.6,22.4636,9.1524,106.029,114.514
"CCR",50,"P2",2024-05-22,2.7,1527.3528,NA,NA,21.6,22.2953,9.2128,106.191,114.613
"CCR",50,"P2",2024-05-22,2.8,1527.3528,NA,NA,21.6,22.1607,9.2946,106.518,114.609
"CCR",50,"P2",2024-05-22,2.9,1527.3528,NA,NA,21.6,22.0628,9.32,106.715,114.605
"CCR",50,"P2",2024-05-22,3,1527.3528,NA,NA,21.6,22.0031,9.3213,106.511,114.675
"CCR",50,"P2",2024-05-22,3.1,1527.3528,NA,NA,21.6,21.9173,9.3499,106.653,114.68
"CCR",50,"P2",2024-05-22,3.2,1527.3528,NA,NA,21.6,21.7847,9.3901,107.096,114.725
"CCR",50,"P2",2024-05-22,3.3,1527.3528,NA,NA,21.6,21.6532,9.3791,106.646,114.821
"CCR",50,"P2",2024-05-22,3.4,1527.3528,NA,NA,21.6,21.5709,9.3715,106.367,114.853
"CCR",50,"P2",2024-05-22,3.5,1527.3528,NA,NA,21.6,21.5027,9.3714,105.923,114.966
"CCR",50,"P2",2024-05-22,3.6,1527.3528,NA,NA,21.6,21.3054,9.3506,105.338,114.926
"CCR",50,"P2",2024-05-22,3.7,1527.3528,NA,NA,21.6,21.0554,9.2888,104.247,115.034
"CCR",50,"P2",2024-05-22,3.8,1527.3528,NA,NA,21.6,20.9424,9.2542,103.244,113.878
"CCR",50,"P2",2024-05-22,3.9,1527.3528,NA,NA,21.6,20.8563,9.045,101.407,113.139
"CCR",50,"P2",2024-05-22,4,1527.3528,NA,NA,21.6,20.858,9.0766,101.351,113.084
"CCR",50,"P2",2024-05-22,4.1,1527.3528,NA,NA,21.6,20.8371,9.0676,101.603,113.248
"CCR",50,"P2",2024-05-22,4.2,1527.3528,NA,NA,21.6,20.6695,8.9665,99.352,111.822
"CCR",50,"P2",2024-05-22,4.3,1527.3528,NA,NA,21.6,20.4627,8.7716,97.235,111.199
"CCR",50,"P2",2024-05-22,4.4,1527.3528,NA,NA,21.6,20.2606,8.7016,96.252,110.437
"CCR",50,"P2",2024-05-22,4.5,1527.3528,NA,NA,21.6,20.1516,8.6997,94.97,110.476
"CCR",50,"P2",2024-05-22,4.6,1527.3528,NA,NA,21.6,19.9503,8.6845,95.794,111.732
"CCR",50,"P2",2024-05-22,4.7,1527.3528,NA,NA,21.6,19.7558,8.722,95.282,111.447
"CCR",50,"P2",2024-05-22,4.8,1527.3528,NA,NA,21.6,19.3821,8.6828,94.864,112.722
"CCR",50,"P2",2024-05-22,4.9,1527.3528,NA,NA,21.6,19.1613,8.8535,96.819,115.896
"CCR",50,"P2",2024-05-22,5,1527.3528,NA,NA,21.6,18.8815,9.4864,101.616,116.335
"CCR",50,"P2",2024-05-22,5.1,1527.3528,NA,NA,21.6,18.5501,9.562,102.452,116.573
"CCR",50,"P2",2024-05-22,5.2,1527.3528,NA,NA,21.6,17.659,9.7055,101.415,117.27
"CCR",50,"P2",2024-05-22,5.3,1527.3528,NA,NA,21.6,17.0944,9.8336,101.299,118.069
"CCR",50,"P2",2024-05-22,5.4,1527.3528,NA,NA,21.6,16.6032,9.748,98.178,118.696
"CCR",50,"P2",2024-05-22,5.5,1527.3528,NA,NA,21.6,16.0838,9.2202,92.641,119.036
"CCR",50,"P2",2024-05-22,5.6,1527.3528,NA,NA,21.6,15.7763,9.0732,90.295,119.07
"CCR",50,"P2",2024-05-22,5.7,1527.3528,NA,NA,21.6,15.2027,8.7363,87.188,119.158
"CCR",50,"P2",2024-05-22,5.8,1527.3528,NA,NA,21.6,14.9167,9.0049,88.657,119.161
"CCR",50,"P2",2024-05-22,5.9,1527.3528,NA,NA,21.6,14.5019,8.9192,86.293,119.662
"CCR",50,"P2",2024-05-22,6,1527.3528,NA,NA,21.6,14.5083,8.7915,86.309,119.539
"CCR",50,"P2",2024-05-22,6.1,1527.3528,NA,NA,21.6,14.2671,8.757,84.931,119.869
"CCR",50,"P2",2024-05-22,6.2,1527.3528,NA,NA,21.6,14.0591,8.2952,81.586,119.596
"CCR",50,"P2",2024-05-22,6.3,1527.3528,NA,NA,21.6,13.9416,8.4556,81.268,119.687
"CCR",50,"P2",2024-05-22,6.4,1527.3528,NA,NA,21.6,13.5071,8.2845,79.238,120.122
"CCR",50,"P2",2024-05-22,6.5,1527.3528,NA,NA,21.6,13.6174,8.2658,79.23,119.967
"CCR",50,"P2",2024-05-22,6.6,1527.3528,NA,NA,21.6,13.3052,8.1227,75.295,120.269
"CCR",50,"P2",2024-05-22,6.7,1527.3528,NA,NA,21.6,13.1391,7.7767,73.23,120.275
"CCR",50,"P2",2024-05-22,6.8,1527.3528,NA,NA,21.6,12.8487,7.5619,71.282,120.618
"CCR",50,"P2",2024-05-22,6.9,1527.3528,NA,NA,21.6,12.8361,7.5313,70.506,120.55
"CCR",50,"P2",2024-05-22,7,1527.3528,NA,NA,21.6,12.7083,7.3302,68.781,120.929
"CCR",50,"P2",2024-05-22,7.1,1527.3528,NA,NA,21.6,12.503,7.101,65.166,121.159
"CCR",50,"P2",2024-05-22,7.2,1527.3528,NA,NA,21.6,12.4664,6.7676,64.353,121.137
"CCR",50,"P2",2024-05-22,7.3,1527.3528,NA,NA,21.6,12.293,6.5217,60.74,121.415
"CCR",50,"P2",2024-05-22,7.4,1527.3528,NA,NA,21.6,12.2522,6.4676,60.003,121.463
"CCR",50,"P2",2024-05-22,7.5,1527.3528,NA,NA,21.6,12.0421,6.3046,58.127,121.631
"CCR",50,"P2",2024-05-22,7.6,1527.3528,NA,NA,21.6,12.0538,6.1548,57.731,121.636
"CCR",50,"P2",2024-05-22,7.7,1527.3528,NA,NA,21.6,11.8256,6.1048,55.72,121.823
"CCR",50,"P2",2024-05-22,7.8,1527.3528,NA,NA,21.6,11.7379,5.9671,55.168,122.061
"CCR",50,"P2",2024-05-22,7.9,1527.3528,NA,NA,21.6,11.7056,5.9949,55.044,122.166
"CCR",50,"P2",2024-05-22,8,1527.3528,NA,NA,21.6,11.6504,5.9804,54.918,122.317
"CCR",50,"P2",2024-05-22,8.1,1527.3528,NA,NA,21.6,11.6273,5.9864,54.939,122.423
"CCR",50,"P2",2024-05-22,8.2,1527.3528,NA,NA,21.6,11.5248,6.0843,55.794,122.629
"CCR",50,"P2",2024-05-22,8.3,1527.3528,NA,NA,21.6,11.6093,6.0564,55.732,122.497
"CCR",50,"P2",2024-05-22,8.4,1527.3528,NA,NA,21.6,11.4081,6.0594,55.138,122.774
"CCR",50,"P2",2024-05-22,8.5,1527.3528,NA,NA,21.6,11.3922,5.9618,54.733,122.86
"CCR",50,"P2",2024-05-22,8.6,1527.3528,NA,NA,21.6,11.2646,5.8765,53.556,123.092
"CCR",50,"P2",2024-05-22,8.7,1527.3528,NA,NA,21.6,11.2842,5.8141,53.39,122.942
"CCR",50,"P2",2024-05-22,8.8,1527.3528,NA,NA,21.6,11.123,5.8702,53.794,123.433
"CCR",50,"P2",2024-05-22,8.9,1527.3528,NA,NA,21.6,11.1006,6.0464,54.628,123.461
"CCR",50,"P2",2024-05-22,9,1527.3528,NA,NA,21.6,11.0441,5.9212,52.94,123.549
"CCR",50,"P2",2024-05-22,9.1,1527.3528,NA,NA,21.6,11.0498,5.7947,52.855,123.529
"CCR",50,"P2",2024-05-22,9.2,1527.3528,NA,NA,21.6,11.03,5.8023,52.506,123.584
"CCR",50,"P2",2024-05-22,9.3,1527.3528,NA,NA,21.6,10.9448,5.7637,51.633,123.775
"CCR",50,"P2",2024-05-22,9.4,1527.3528,NA,NA,21.6,10.8865,6.2209,61.106,124.406
"CCR",50,"P2",2024-05-22,9.5,1527.3528,NA,NA,21.6,10.8575,7.1767,65.663,124.635
"CCR",50,"P2",2024-05-22,9.6,1527.3528,NA,NA,21.6,10.8787,6.9189,62.718,124.649
"CCR",50,"P2",2024-05-22,9.7,1527.3528,NA,NA,21.6,10.8139,7.2229,65.139,124.765
"CCR",50,"P2",2024-05-22,9.8,1527.3528,NA,NA,21.6,10.7477,7.2232,64.977,124.933
"CCR",50,"P2",2024-05-22,9.9,1527.3528,NA,NA,21.6,10.7063,7.2906,65.576,125.027
"CCR",50,"P2",2024-05-22,10,1527.3528,NA,NA,21.6,10.7087,7.2819,65.619,125.185
"CCR",50,"P2",2024-05-22,10.1,1527.3528,NA,NA,21.6,10.6661,7.2806,65.594,125.147
"CCR",50,"P2",2024-05-22,10.2,1527.3528,NA,NA,21.6,10.6309,7.2733,65.348,125.279
"CCR",50,"P2",2024-05-22,10.3,1527.3528,NA,NA,21.6,10.6117,7.2779,65.072,125.263
"CCR",50,"P2",2024-05-22,10.4,1527.3528,NA,NA,21.6,10.5799,7.2152,64.386,125.256
"CCR",50,"P2",2024-05-22,10.5,1527.3528,NA,NA,21.6,10.5708,7.2112,64.737,125.333
"CCR",50,"P2",2024-05-22,10.6,1527.3528,NA,NA,21.6,10.5347,7.102,63.158,125.266
"CCR",50,"P2",2024-05-22,10.7,1527.3528,NA,NA,21.6,10.5323,7.0132,63.118,125.206
"CCR",50,"P2",2024-05-22,10.8,1527.3528,NA,NA,21.6,10.4935,7.0644,63.085,125.13
"CCR",50,"P2",2024-05-22,10.9,1527.3528,NA,NA,21.6,10.4778,6.903,61.238,125.022
"CCR",50,"P2",2024-05-22,11,1527.3528,NA,NA,21.6,10.4804,6.6666,59.087,124.766
"CCR",50,"P2",2024-05-22,11.1,1527.3528,NA,NA,21.6,10.4366,6.558,56.103,124.829
"CCR",50,"P2",2024-05-22,11.2,1527.3528,NA,NA,21.6,10.4292,6.0092,54.194,124.837
"CCR",50,"P2",2024-05-22,11.3,1527.3528,NA,NA,21.6,10.4027,5.9196,53.092,124.921
"CCR",50,"P2",2024-05-22,11.4,1527.3528,NA,NA,21.6,10.4042,6.2419,55.603,125.026
"CCR",50,"P2",2024-05-22,11.5,1527.3528,NA,NA,21.6,10.3928,6.202,55.748,125.212
"CCR",50,"P2",2024-05-22,11.6,1527.3528,NA,NA,21.6,10.3573,6.2582,55.909,125.213
"CCR",50,"P2",2024-05-22,11.7,1527.3528,NA,NA,21.6,10.343,6.2604,55.915,125.237
"CCR",50,"P2",2024-05-22,11.8,1527.3528,NA,NA,21.6,10.3228,6.1507,54.823,125.205
"CCR",50,"P2",2024-05-22,11.9,1527.3528,NA,NA,21.6,10.2927,6.0817,53.747,125.127
"CCR",50,"P2",2024-05-22,12,1527.3528,NA,NA,21.6,10.2873,5.9419,52.24,125.06
"CCR",50,"P2",2024-05-22,12.1,1527.3528,NA,NA,21.6,10.2871,5.6341,50.334,125.015
"CCR",50,"P2",2024-05-22,12.2,1527.3528,NA,NA,21.6,10.2569,5.4749,48.863,125.105
"CCR",50,"P2",2024-05-22,12.3,1527.3528,NA,NA,21.6,10.2342,5.5868,49.956,125.22
"CCR",50,"P2",2024-05-22,12.4,1527.3528,NA,NA,21.6,10.2261,5.6009,49.877,125.224
"CCR",50,"P2",2024-05-22,12.5,1527.3528,NA,NA,21.6,10.2279,5.6007,49.745,125.245
"CCR",50,"P2",2024-05-22,12.6,1527.3528,NA,NA,21.6,10.2061,5.572,49.748,125.269
"CCR",50,"P2",2024-05-22,12.7,1527.3528,NA,NA,21.6,10.1982,5.6396,50.326,125.265
"CCR",50,"P2",2024-05-22,12.8,1527.3528,NA,NA,21.6,10.2071,5.6638,50.393,125.305
"CCR",50,"P2",2024-05-22,12.9,1527.3528,NA,NA,21.6,10.1842,5.7094,50.728,125.247
"CCR",50,"P2",2024-05-22,13,1527.3528,NA,NA,21.6,10.1657,5.6769,50.296,125.303
"CCR",50,"P2",2024-05-22,13.1,1527.3528,NA,NA,21.6,10.1598,5.5896,49.583,125.296
"CCR",50,"P2",2024-05-22,13.2,1527.3528,NA,NA,21.6,10.1556,5.5879,49.625,125.35
"CCR",50,"P2",2024-05-22,13.3,1527.3528,NA,NA,21.6,10.1452,5.5655,49.169,125.333
"CCR",50,"P2",2024-05-22,13.4,1527.3528,NA,NA,21.6,10.1484,5.5076,49.06,125.305
"CCR",50,"P2",2024-05-22,13.5,1527.3528,NA,NA,21.6,10.1271,5.4284,48.129,125.337
"CCR",50,"P2",2024-05-22,13.6,1527.3528,NA,NA,21.6,10.1209,5.4481,48.353,125.306
"CCR",50,"P2",2024-05-22,13.7,1527.3528,NA,NA,21.6,10.1132,5.4049,47.969,125.254
"CCR",50,"P2",2024-05-22,13.8,1527.3528,NA,NA,21.6,10.1116,5.4154,48.117,125.36
"CCR",50,"P2",2024-05-22,13.9,1527.3528,NA,NA,21.6,10.0941,5.4273,48.193,125.312
"CCR",50,"P2",2024-05-22,14,1527.3528,NA,NA,21.6,10.0889,5.435,48.301,125.313
"CCR",50,"P2",2024-05-22,14.1,1527.3528,NA,NA,21.6,10.0782,5.4595,48.291,125.345
"CCR",50,"P2",2024-05-22,14.2,1527.3528,NA,NA,21.6,10.0743,5.4208,47.261,125.269
"CCR",50,"P2",2024-05-22,14.3,1527.3528,NA,NA,21.6,10.0728,5.2592,46.735,125.313
"CCR",50,"P2",2024-05-22,14.4,1527.3528,NA,NA,21.6,10.0654,5.2394,46.481,125.325
"CCR",50,"P2",2024-05-22,14.5,1527.3528,NA,NA,21.6,10.0467,5.2387,46.452,125.297
"CCR",50,"P2",2024-05-22,14.6,1527.3528,NA,NA,21.6,10.0378,5.2613,46.851,125.439
"CCR",50,"P2",2024-05-22,14.7,1527.3528,NA,NA,21.6,10.027,5.368,48.827,125.721
"CCR",50,"P2",2024-05-22,14.8,1527.3528,NA,NA,21.6,10.0162,5.7256,50.898,125.802
"CCR",50,"P2",2024-05-22,14.9,1527.3528,NA,NA,21.6,10.0139,5.7551,51.023,125.751
"CCR",50,"P2",2024-05-22,15,1527.3528,NA,NA,21.6,9.9987,5.7835,51.162,125.853
"CCR",50,"P2",2024-05-22,15.1,1527.3528,NA,NA,21.6,9.9863,5.7547,51.095,125.848
"CCR",50,"P2",2024-05-22,15.2,1527.3528,NA,NA,21.6,9.9797,5.7684,50.72,125.83
"CCR",50,"P2",2024-05-22,15.3,1527.3528,NA,NA,21.6,9.9783,5.6713,50.225,125.757
"CCR",50,"P2",2024-05-22,15.4,1527.3528,NA,NA,21.6,9.9639,5.5615,48.528,125.685
"CCR",50,"P2",2024-05-22,15.5,1527.3528,NA,NA,21.6,9.9652,5.3706,47.428,125.651
"CCR",50,"P2",2024-05-22,15.6,1527.3528,NA,NA,21.6,9.9555,5.1709,45.773,125.676
"CCR",50,"P2",2024-05-22,15.7,1527.3528,NA,NA,21.6,9.9513,5.0267,44.641,125.669
"CCR",50,"P2",2024-05-22,15.8,1527.3528,NA,NA,21.6,9.9427,5.1659,45.84,125.68
"CCR",50,"P2",2024-05-22,15.9,1527.3528,NA,NA,21.6,9.932,5.2004,46.562,125.656
"CCR",50,"P2",2024-05-22,16,1527.3528,NA,NA,21.6,9.9312,5.2325,45.953,125.747
"CCR",50,"P2",2024-05-22,16.1,1527.3528,NA,NA,21.6,9.9245,5.1124,45.352,125.667
"CCR",50,"P2",2024-05-22,16.2,1527.3528,NA,NA,21.6,9.9222,5.1375,45.348,125.753
"CCR",50,"P2",2024-05-22,16.3,1527.3528,NA,NA,21.6,9.9126,5.1235,45.274,125.755
"CCR",50,"P2",2024-05-22,16.4,1527.3528,NA,NA,21.6,9.9053,5.1569,45.874,125.788
"CCR",50,"P2",2024-05-22,16.5,1527.3528,NA,NA,21.6,9.8984,5.1927,44.666,125.784
"CCR",50,"P2",2024-05-22,16.6,1527.3528,NA,NA,21.6,9.9097,4.9517,44.32,125.791
"CCR",50,"P2",2024-05-22,16.7,1527.3528,NA,NA,21.6,9.8801,4.8314,42.663,125.961
"CCR",50,"P2",2024-05-22,16.8,1527.3528,NA,NA,21.6,9.8772,4.8621,43.223,125.987
"CCR",50,"P2",2024-05-22,16.9,1527.3528,NA,NA,21.6,9.87,4.9606,44.435,126.01
"CCR",50,"P2",2024-05-22,17,1527.3528,NA,NA,21.6,9.8768,5.0039,43.783,125.988
"CCR",50,"P2",2024-05-22,17.1,1527.3528,NA,NA,21.6,9.8707,4.9634,43.64,126.056
"CCR",50,"P2",2024-05-22,17.2,1527.3528,NA,NA,21.6,9.8681,4.9343,43.594,126.053
"CCR",50,"P2",2024-05-22,17.3,1527.3528,NA,NA,21.6,9.8561,4.9993,44.714,126.143
"CCR",50,"P2",2024-05-22,17.4,1527.3528,NA,NA,21.6,9.8596,5.1005,45.177,126.106
"CCR",50,"P2",2024-05-22,17.5,1527.3528,NA,NA,21.6,9.8514,5.2248,46.07,126.146
"CCR",50,"P2",2024-05-22,17.6,1527.3528,NA,NA,21.6,9.8326,5.1408,44.63,126.142
"CCR",50,"P2",2024-05-22,17.7,1527.3528,NA,NA,21.6,9.8261,4.9045,42.717,126.115
"CCR",50,"P2",2024-05-22,17.8,1527.3528,NA,NA,21.6,9.8164,4.8208,42.015,126.144
"CCR",50,"P2",2024-05-22,17.9,1527.3528,NA,NA,21.6,9.8124,4.7241,41.659,126.216
"CCR",50,"P2",2024-05-22,18,1527.3528,NA,NA,21.6,9.8143,4.7165,41.724,126.178
"CCR",50,"P2",2024-05-22,18.1,1527.3528,NA,NA,21.6,9.8076,4.7434,41.827,126.22
"CCR",50,"P2",2024-05-22,18.2,1527.3528,NA,NA,21.6,9.7997,4.7225,41.634,126.199
"CCR",50,"P2",2024-05-22,18.3,1527.3528,NA,NA,21.6,9.7977,4.7193,41.714,126.228
"CCR",50,"P2",2024-05-22,18.4,1527.3528,NA,NA,21.6,9.7941,4.7722,42.591,126.275
"CCR",50,"P2",2024-05-22,18.5,1527.3528,NA,NA,21.6,9.7891,5.0001,44.042,126.36
"CCR",50,"P2",2024-05-22,18.6,1527.3528,NA,NA,21.6,9.7808,5.0282,45.162,126.421
"CCR",50,"P2",2024-05-22,18.7,1527.3528,NA,NA,21.6,9.778,5.2531,46.723,126.396
"CCR",50,"P2",2024-05-22,18.8,1527.3528,NA,NA,21.6,9.7687,5.3154,47.298,126.458
"CCR",50,"P2",2024-05-22,18.9,1527.3528,NA,NA,21.6,9.7633,5.3809,47.706,126.557
"CCR",50,"P2",2024-05-22,19,1527.3528,NA,NA,21.6,9.7618,5.4361,47.81,126.618
"CCR",50,"P2",2024-05-22,19.1,1527.3528,NA,NA,21.6,9.7584,5.3997,47.554,126.626
"CCR",50,"P2",2024-05-22,19.2,1527.3528,NA,NA,21.6,9.7558,5.3981,47.464,126.674
"CCR",50,"P2",2024-05-22,19.3,1527.3528,NA,NA,21.6,9.7477,5.3189,46.815,126.762
"CCR",50,"P2",2024-05-22,19.4,1527.3528,NA,NA,21.6,9.7404,5.2501,46.043,126.788
"CCR",50,"P2",2024-05-22,19.5,1527.3528,NA,NA,21.6,9.7409,5.191,45.492,127.117
"CCR",50,"P2",2024-05-22,19.6,1527.3528,NA,NA,21.6,9.7276,5.0995,44.37,127.064
"CCR",50,"P2",2024-05-22,19.7,1527.3528,NA,NA,21.6,9.7343,5.0388,44.681,127.102
"CCR",50,"P2",2024-05-22,19.8,1527.3528,NA,NA,21.6,9.7305,4.9554,44.009,127.026
"CCR",50,"P2",2024-05-22,19.9,1527.3528,NA,NA,21.6,9.7467,5.0854,44.534,127.115
"CCR",50,"P2",2024-05-22,20,1527.3528,NA,NA,21.6,9.7238,5.0268,42.999,127.366
"CCR",50,"P2",2024-05-22,20.1,1527.3528,NA,NA,21.6,9.6986,4.6145,39.928,127.38
"CCR",50,"P2",2024-05-22,20.2,1527.3528,NA,NA,21.6,9.7022,4.6999,41.5,127.467
"CCR",50,"P2",2024-05-22,20.3,1527.3528,NA,NA,21.6,9.6935,4.7858,42.302,127.552
"CCR",50,"P2",2024-05-22,20.4,1527.3528,NA,NA,21.6,9.6916,4.8129,42.377,127.603
"CCR",50,"P2",2024-05-22,20.5,1527.3528,NA,NA,21.6,9.6883,4.8166,42.438,127.689
"CCR",50,"P2",2024-05-22,20.6,1527.3528,NA,NA,21.6,9.6919,4.7877,42.178,127.731
"CCR",50,"P2",2024-05-22,20.7,1527.3528,NA,NA,21.6,9.6865,4.7667,41.928,127.883
"CCR",50,"P2",2024-05-22,20.8,1527.3528,NA,NA,21.6,9.6577,4.7117,40.395,129.337
"CCR",50,"P2",2024-05-22,20.9,1527.3528,NA,NA,21.6,9.6045,4.4579,35.523,130.897
"CCR",50,"P2",2024-05-22,21,1527.3528,NA,NA,21.6,9.5927,3.2234,30.996,131.474
"CCR",88,"P1",2024-05-22,0.1,1013.7648,NA,NA,13.5,24.1473,9.4477,111.081,114.768
"CCR",88,"P1",2024-05-22,0.2,1013.7648,NA,NA,13.5,23.9033,8.7109,103.491,115.061
"CCR",88,"P1",2024-05-22,0.3,1013.7648,NA,NA,13.5,23.6713,8.7363,103.213,114.597
"CCR",88,"P1",2024-05-22,0.4,1013.7648,NA,NA,13.5,23.5048,8.7456,102.827,114.704
"CCR",88,"P1",2024-05-22,0.5,1013.7648,NA,NA,13.5,23.4293,8.7562,102.662,114.592
"CCR",88,"P1",2024-05-22,0.6,1013.7648,NA,NA,13.5,23.3913,8.7384,102.481,114.584
"CCR",88,"P1",2024-05-22,0.7,1013.7648,NA,NA,13.5,23.3503,8.7334,102.779,114.519
"CCR",88,"P1",2024-05-22,0.8,1013.7648,NA,NA,13.5,23.296,8.7795,102.787,114.604
"CCR",88,"P1",2024-05-22,0.9,1013.7648,NA,NA,13.5,23.1713,8.7637,102.59,114.634
"CCR",88,"P1",2024-05-22,1,1013.7648,NA,NA,13.5,23.1404,8.7822,102.755,114.521
"CCR",88,"P1",2024-05-22,1.1,1013.7648,NA,NA,13.5,23.1066,8.7828,102.344,114.558
"CCR",88,"P1",2024-05-22,1.2,1013.7648,NA,NA,13.5,23.0507,8.7672,102.438,114.511
"CCR",88,"P1",2024-05-22,1.3,1013.7648,NA,NA,13.5,22.9748,8.803,103.011,114.55
"CCR",88,"P1",2024-05-22,1.4,1013.7648,NA,NA,13.5,22.9549,8.8343,102.93,114.578
"CCR",88,"P1",2024-05-22,1.5,1013.7648,NA,NA,13.5,22.9642,8.825,102.648,114.627
"CCR",88,"P1",2024-05-22,1.6,1013.7648,NA,NA,13.5,22.9472,8.8291,102.12,114.503
"CCR",88,"P1",2024-05-22,1.7,1013.7648,NA,NA,13.5,22.8875,8.5829,100.702,114.47
"CCR",88,"P1",2024-05-22,1.8,1013.7648,NA,NA,13.5,22.8258,8.7571,102.099,114.423
"CCR",88,"P1",2024-05-22,1.9,1013.7648,NA,NA,13.5,22.8065,8.9015,103.282,114.505
"CCR",88,"P1",2024-05-22,2,1013.7648,NA,NA,13.5,22.7801,8.7653,102.294,114.496
"CCR",88,"P1",2024-05-22,2.1,1013.7648,NA,NA,13.5,22.7544,8.8505,102.309,114.539
"CCR",88,"P1",2024-05-22,2.2,1013.7648,NA,NA,13.5,22.7181,8.8109,102.221,114.498
"CCR",88,"P1",2024-05-22,2.3,1013.7648,NA,NA,13.5,22.7105,8.8796,102.586,114.492
"CCR",88,"P1",2024-05-22,2.4,1013.7648,NA,NA,13.5,22.7051,8.889,102.814,114.468
"CCR",88,"P1",2024-05-22,2.5,1013.7648,NA,NA,13.5,22.6944,8.894,103.717,114.495
"CCR",88,"P1",2024-05-22,2.6,1013.7648,NA,NA,13.5,22.6795,8.9538,103.587,114.215
"CCR",88,"P1",2024-05-22,2.7,1013.7648,NA,NA,13.5,22.5826,8.9439,105.009,114.293
"CCR",88,"P1",2024-05-22,2.8,1013.7648,NA,NA,13.5,22.4555,9.2397,106.315,114.419
"CCR",88,"P1",2024-05-22,2.9,1013.7648,NA,NA,13.5,22.3707,9.2225,106.537,114.232
"CCR",88,"P1",2024-05-22,3,1013.7648,NA,NA,13.5,22.312,9.2632,107.34,114.096
"CCR",88,"P1",2024-05-22,3.1,1013.7648,NA,NA,13.5,22.2912,9.3116,106.113,114.128
"CCR",88,"P1",2024-05-22,3.2,1013.7648,NA,NA,13.5,22.2776,9.2245,106.344,114.211
"CCR",88,"P1",2024-05-22,3.3,1013.7648,NA,NA,13.5,22.2222,9.2479,106.505,114.243
"CCR",88,"P1",2024-05-22,3.4,1013.7648,NA,NA,13.5,22.0857,9.3077,106.099,114.101
"CCR",88,"P1",2024-05-22,3.5,1013.7648,NA,NA,13.5,21.8722,9.2944,105.704,113.931
"CCR",88,"P1",2024-05-22,3.6,1013.7648,NA,NA,13.5,21.7704,9.2715,104.928,113.484
"CCR",88,"P1",2024-05-22,3.7,1013.7648,NA,NA,13.5,21.7131,9.1856,104.201,113.885
"CCR",88,"P1",2024-05-22,3.8,1013.7648,NA,NA,13.5,21.6702,9.2377,104.943,113.919
"CCR",88,"P1",2024-05-22,3.9,1013.7648,NA,NA,13.5,21.6468,9.235,104.72,113.676
"CCR",88,"P1",2024-05-22,4,1013.7648,NA,NA,13.5,21.5291,9.1738,103.728,111.613
"CCR",88,"P1",2024-05-22,4.1,1013.7648,NA,NA,13.5,21.4289,9.167,102.13,110.669
"CCR",88,"P1",2024-05-22,4.2,1013.7648,NA,NA,13.5,21.3523,8.8442,99.056,110.703
"CCR",88,"P1",2024-05-22,4.3,1013.7648,NA,NA,13.5,21.1839,8.8027,99.366,111.176
"CCR",88,"P1",2024-05-22,4.4,1013.7648,NA,NA,13.5,21.017,8.8647,99.118,112.109
"CCR",88,"P1",2024-05-22,4.5,1013.7648,NA,NA,13.5,20.6161,8.9029,98.847,111.468
"CCR",88,"P1",2024-05-22,4.6,1013.7648,NA,NA,13.5,20.2623,8.9418,97.447,111.897
"CCR",88,"P1",2024-05-22,4.7,1013.7648,NA,NA,13.5,19.7319,8.8362,95.672,114.156
"CCR",88,"P1",2024-05-22,4.8,1013.7648,NA,NA,13.5,19.2171,8.983,96.845,114.341
"CCR",88,"P1",2024-05-22,4.9,1013.7648,NA,NA,13.5,18.4697,9.0162,89.959,117.009
"CCR",88,"P1",2024-05-22,5,1013.7648,NA,NA,13.5,17.377,8.3294,86.924,117.808
"CCR",88,"P1",2024-05-22,5.1,1013.7648,NA,NA,13.5,16.9999,8.3364,84.081,117.636
"CCR",88,"P1",2024-05-22,5.2,1013.7648,NA,NA,13.5,16.6441,8.2313,85.796,118.213
"CCR",88,"P1",2024-05-22,5.3,1013.7648,NA,NA,13.5,16.091,8.5443,89.855,118.412
"CCR",88,"P1",2024-05-22,5.4,1013.7648,NA,NA,13.5,15.6698,8.9617,88.1,118.646
"CCR",88,"P1",2024-05-22,5.5,1013.7648,NA,NA,13.5,15.4576,8.7164,85.188,118.884
"CCR",88,"P1",2024-05-22,5.6,1013.7648,NA,NA,13.5,14.9578,8.3566,80.459,119.092
"CCR",88,"P1",2024-05-22,5.7,1013.7648,NA,NA,13.5,14.8757,8.1693,80.515,119.381
"CCR",88,"P1",2024-05-22,5.8,1013.7648,NA,NA,13.5,14.6032,8.1608,78.693,119.772
"CCR",88,"P1",2024-05-22,5.9,1013.7648,NA,NA,13.5,14.4199,7.8364,75.462,119.691
"CCR",88,"P1",2024-05-22,6,1013.7648,NA,NA,13.5,14.0309,7.7089,72.093,119.889
"CCR",88,"P1",2024-05-22,6.1,1013.7648,NA,NA,13.5,13.748,7.2327,71.446,120.289
"CCR",88,"P1",2024-05-22,6.2,1013.7648,NA,NA,13.5,13.6547,7.6378,72.895,119.963
"CCR",88,"P1",2024-05-22,6.3,1013.7648,NA,NA,13.5,13.4631,7.5788,70.841,120.416
"CCR",88,"P1",2024-05-22,6.4,1013.7648,NA,NA,13.5,13.1965,7.1557,67.842,120.628
"CCR",88,"P1",2024-05-22,6.5,1013.7648,NA,NA,13.5,13.0581,7.0801,62.74,120.836
"CCR",88,"P1",2024-05-22,6.6,1013.7648,NA,NA,13.5,12.9161,6.2109,58.124,120.913
"CCR",88,"P1",2024-05-22,6.7,1013.7648,NA,NA,13.5,12.8989,6.1065,57.181,121.124
"CCR",88,"P1",2024-05-22,6.8,1013.7648,NA,NA,13.5,12.613,5.5318,50.568,121.39
"CCR",88,"P1",2024-05-22,6.9,1013.7648,NA,NA,13.5,12.5093,5.3634,49.188,121.668
"CCR",88,"P1",2024-05-22,7,1013.7648,NA,NA,13.5,12.4214,5.2022,47.738,121.63
"CCR",88,"P1",2024-05-22,7.1,1013.7648,NA,NA,13.5,12.2831,5.094,47.375,121.743
"CCR",88,"P1",2024-05-22,7.2,1013.7648,NA,NA,13.5,12.208,5.0834,47.43,121.869
"CCR",88,"P1",2024-05-22,7.3,1013.7648,NA,NA,13.5,12.1278,5.0941,47.229,122.172
"CCR",88,"P1",2024-05-22,7.4,1013.7648,NA,NA,13.5,11.9603,5.0435,45.14,122.346
"CCR",88,"P1",2024-05-22,7.5,1013.7648,NA,NA,13.5,11.8607,4.8101,43.662,122.506
"CCR",88,"P1",2024-05-22,7.6,1013.7648,NA,NA,13.5,11.816,4.6675,43.132,122.593
"CCR",88,"P1",2024-05-22,7.7,1013.7648,NA,NA,13.5,11.7277,4.7242,44.068,122.679
"CCR",88,"P1",2024-05-22,7.8,1013.7648,NA,NA,13.5,11.6419,4.778,43.404,122.618
"CCR",88,"P1",2024-05-22,7.9,1013.7648,NA,NA,13.5,11.6027,4.9006,44.72,122.851
"CCR",88,"P1",2024-05-22,8,1013.7648,NA,NA,13.5,11.68,4.7998,44.07,122.575
"CCR",88,"P1",2024-05-22,8.1,1013.7648,NA,NA,13.5,11.504,4.7993,44.126,123.018
"CCR",88,"P1",2024-05-22,8.2,1013.7648,NA,NA,13.5,11.383,4.824,43.25,123.234
"CCR",88,"P1",2024-05-22,8.3,1013.7648,NA,NA,13.5,11.3548,4.5099,39.821,123.195
"CCR",88,"P1",2024-05-22,8.4,1013.7648,NA,NA,13.5,11.3161,4.3308,38.583,123.365
"CCR",88,"P1",2024-05-22,8.5,1013.7648,NA,NA,13.5,11.3501,4.2518,37.987,123.619
"CCR",88,"P1",2024-05-22,8.6,1013.7648,NA,NA,13.5,11.2546,4.1527,36.239,123.762
"CCR",88,"P1",2024-05-22,8.7,1013.7648,NA,NA,13.5,11.2225,3.8197,33.828,123.767
"CCR",88,"P1",2024-05-22,8.8,1013.7648,NA,NA,13.5,11.1406,3.6992,34.118,123.836
"CCR",88,"P1",2024-05-22,8.9,1013.7648,NA,NA,13.5,11.1209,3.7631,34.476,123.867
"CCR",88,"P1",2024-05-22,9,1013.7648,NA,NA,13.5,11.0906,3.8053,35.534,123.694
"CCR",88,"P1",2024-05-22,9.1,1013.7648,NA,NA,13.5,11.0398,3.9326,36.493,123.814
"CCR",88,"P1",2024-05-22,9.2,1013.7648,NA,NA,13.5,10.973,4.0525,38.671,124.098
"CCR",88,"P1",2024-05-22,9.3,1013.7648,NA,NA,13.5,10.9281,4.2915,36.852,124.303
"CCR",88,"P1",2024-05-22,9.4,1013.7648,NA,NA,13.5,10.8965,4.1274,35.815,124.456
"CCR",88,"P1",2024-05-22,9.5,1013.7648,NA,NA,13.5,10.8258,3.9378,33.889,124.521
"CCR",88,"P1",2024-05-22,9.6,1013.7648,NA,NA,13.5,10.7995,3.6596,32.427,124.536
"CCR",88,"P1",2024-05-22,9.7,1013.7648,NA,NA,13.5,10.7634,3.5862,33.225,124.472
"CCR",88,"P1",2024-05-22,9.8,1013.7648,NA,NA,13.5,10.7432,3.7089,34.654,124.551
"CCR",88,"P1",2024-05-22,9.9,1013.7648,NA,NA,13.5,10.7062,3.8479,35.546,124.486
"CCR",88,"P1",2024-05-22,10,1013.7648,NA,NA,13.5,10.6841,3.9492,35.934,124.556
"CCR",88,"P1",2024-05-22,10.1,1013.7648,NA,NA,13.5,10.6366,4.0028,36.583,124.504
"CCR",88,"P1",2024-05-22,10.2,1013.7648,NA,NA,13.5,10.613,4.0669,37.473,124.618
"CCR",88,"P1",2024-05-22,10.3,1013.7648,NA,NA,13.5,10.598,4.1379,38.345,124.597
"CCR",88,"P1",2024-05-22,10.4,1013.7648,NA,NA,13.5,10.569,4.2729,39.072,124.631
"CCR",88,"P1",2024-05-22,10.5,1013.7648,NA,NA,13.5,10.5376,4.3643,39.451,124.721
"CCR",88,"P1",2024-05-22,10.6,1013.7648,NA,NA,13.5,10.5063,4.4131,39.317,124.819
"CCR",88,"P1",2024-05-22,10.7,1013.7648,NA,NA,13.5,10.497,4.39,39.176,125.195
"CCR",88,"P1",2024-05-22,10.8,1013.7648,NA,NA,13.5,10.4733,4.3735,38.038,125.234
"CCR",88,"P1",2024-05-22,10.9,1013.7648,NA,NA,13.5,10.4484,4.0571,33.386,125.279
"CCR",88,"P1",2024-05-22,11,1013.7648,NA,NA,13.5,10.4215,3.6798,33.848,125.288
"CCR",88,"P1",2024-05-22,11.1,1013.7648,NA,NA,13.5,10.4138,3.7836,34.794,125.319
"CCR",88,"P1",2024-05-22,11.2,1013.7648,NA,NA,13.5,10.4042,3.8409,35.088,125.391
"CCR",88,"P1",2024-05-22,11.3,1013.7648,NA,NA,13.5,10.3722,3.9276,35.337,125.367
"CCR",88,"P1",2024-05-22,11.4,1013.7648,NA,NA,13.5,10.3947,4.0373,36.012,125.341
"CCR",88,"P1",2024-05-22,11.5,1013.7648,NA,NA,13.5,10.3437,4.0042,36.007,125.382
"CCR",88,"P1",2024-05-22,11.6,1013.7648,NA,NA,13.5,10.334,4.0178,36.449,125.467
"CCR",88,"P1",2024-05-22,11.7,1013.7648,NA,NA,13.5,10.3543,4.1185,36.713,125.442
"CCR",88,"P1",2024-05-22,11.8,1013.7648,NA,NA,13.5,10.3312,4.0721,36.042,125.529
"CCR",88,"P1",2024-05-22,11.9,1013.7648,NA,NA,13.5,10.3127,4.009,35.061,125.587
"CCR",88,"P1",2024-05-22,12,1013.7648,NA,NA,13.5,10.3111,3.9023,34.845,125.699
"CCR",88,"P1",2024-05-22,12.1,1013.7648,NA,NA,13.5,10.3019,3.9076,34.72,125.848
"CCR",88,"P1",2024-05-22,12.2,1013.7648,NA,NA,13.5,10.282,3.8949,33.995,125.86
"CCR",88,"P1",2024-05-22,12.3,1013.7648,NA,NA,13.5,10.2621,3.7887,32.994,126.021
"CCR",88,"P1",2024-05-22,12.4,1013.7648,NA,NA,13.5,10.2494,3.6892,32.835,126.269
"CCR",88,"P1",2024-05-22,12.5,1013.7648,NA,NA,13.5,10.221,3.6538,31.309,126.269
"CCR",88,"P1",2024-05-22,12.6,1013.7648,NA,NA,13.5,10.239,3.4657,30.895,135.782
"CCR",90,"C2",2024-05-22,0.1,561.7464,NA,NA,6.1,25.1943,8.773,106.88,115.157
"CCR",90,"C2",2024-05-22,0.2,561.7464,NA,NA,6.1,24.9875,8.7365,105.941,116.014977
"CCR",90,"C2",2024-05-22,0.3,561.7464,NA,NA,6.1,24.6531,8.7717,105.922,114.618
"CCR",90,"C2",2024-05-22,0.4,561.7464,NA,NA,6.1,24.4226,8.8686,106.111,114.589
"CCR",90,"C2",2024-05-22,0.5,561.7464,NA,NA,6.1,24.2766,8.8856,105.85,114.703
"CCR",90,"C2",2024-05-22,0.6,561.7464,NA,NA,6.1,24.1645,8.9252,106.011,114.497
"CCR",90,"C2",2024-05-22,0.7,561.7464,NA,NA,6.1,23.8394,8.947,105.514,114.223
"CCR",90,"C2",2024-05-22,0.8,561.7464,NA,NA,6.1,23.5375,8.9459,105.908,114.344
"CCR",90,"C2",2024-05-22,0.9,561.7464,NA,NA,6.1,23.4312,9.0558,106.001,114.507
"CCR",90,"C2",2024-05-22,1,561.7464,NA,NA,6.1,23.3146,9.0473,106.094,114.544
"CCR",90,"C2",2024-05-22,1.1,561.7464,NA,NA,6.1,23.2983,9.0715,106.246,114.548
"CCR",90,"C2",2024-05-22,1.2,561.7464,NA,NA,6.1,23.2601,9.0521,105.848,114.544
"CCR",90,"C2",2024-05-22,1.3,561.7464,NA,NA,6.1,23.1896,9.0574,106.03,114.545
"CCR",90,"C2",2024-05-22,1.4,561.7464,NA,NA,6.1,23.1465,9.0737,106.013,114.572
"CCR",90,"C2",2024-05-22,1.5,561.7464,NA,NA,6.1,23.1371,9.0653,105.968,114.597
"CCR",90,"C2",2024-05-22,1.6,561.7464,NA,NA,6.1,23.124,9.0698,105.938,114.514
"CCR",90,"C2",2024-05-22,1.7,561.7464,NA,NA,6.1,23.0784,9.0722,106.697,114.558
"CCR",90,"C2",2024-05-22,1.8,561.7464,NA,NA,6.1,23.0615,9.1499,106.988,114.528
"CCR",90,"C2",2024-05-22,1.9,561.7464,NA,NA,6.1,23.0504,9.191,107.158,114.418
"CCR",90,"C2",2024-05-22,2,561.7464,NA,NA,6.1,23.0032,9.1893,107.33,114.474
"CCR",90,"C2",2024-05-22,2.1,561.7464,NA,NA,6.1,22.9856,9.2062,107.139,114.425
"CCR",90,"C2",2024-05-22,2.2,561.7464,NA,NA,6.1,22.9462,9.1764,107.097,114.411
"CCR",90,"C2",2024-05-22,2.3,561.7464,NA,NA,6.1,22.9272,9.1657,106.374,114.436
"CCR",90,"C2",2024-05-22,2.4,561.7464,NA,NA,6.1,22.9266,9.148,106.44,114.024
"CCR",90,"C2",2024-05-22,2.5,561.7464,NA,NA,6.1,22.8886,9.0883,105.346,113.918
"CCR",90,"C2",2024-05-22,2.6,561.7464,NA,NA,6.1,22.8876,9.0598,105.576,113.907
"CCR",90,"C2",2024-05-22,2.7,561.7464,NA,NA,6.1,22.8781,9.0494,105.53,113.805
"CCR",90,"C2",2024-05-22,2.8,561.7464,NA,NA,6.1,22.8603,9.0874,105.292,113.646
"CCR",90,"C2",2024-05-22,2.9,561.7464,NA,NA,6.1,22.8352,9.0112,104.888,113.49
"CCR",90,"C2",2024-05-22,3,561.7464,NA,NA,6.1,22.8004,9.0205,104.723,113.012
"CCR",90,"C2",2024-05-22,3.1,561.7464,NA,NA,6.1,22.8071,9.0152,104.473,113.283
"CCR",90,"C2",2024-05-22,3.2,561.7464,NA,NA,6.1,22.8009,8.9856,104.337,112.954
"CCR",90,"C2",2024-05-22,3.3,561.7464,NA,NA,6.1,22.7682,8.9869,103.968,111.747
"CCR",90,"C2",2024-05-22,3.4,561.7464,NA,NA,6.1,22.6753,8.8556,102.228,111.768
"CCR",90,"C2",2024-05-22,3.5,561.7464,NA,NA,6.1,22.5422,8.8048,100.616,107.707
"CCR",90,"C2",2024-05-22,3.6,561.7464,NA,NA,6.1,22.2699,8.5554,95.535,103.327
"CCR",90,"C2",2024-05-22,3.7,561.7464,NA,NA,6.1,22.1984,8.3718,92.044,104.414
"CCR",90,"C2",2024-05-22,3.8,561.7464,NA,NA,6.1,21.6699,7.6658,87.86,103.807
"CCR",90,"C2",2024-05-22,3.9,561.7464,NA,NA,6.1,21.4976,7.7968,87.584,102.285
"CCR",90,"C2",2024-05-22,4,561.7464,NA,NA,6.1,21.2489,7.6375,83.057,101.29
"CCR",90,"C2",2024-05-22,4.1,561.7464,NA,NA,6.1,21.0291,7.1426,80.085,101.635
"CCR",90,"C2",2024-05-22,4.2,561.7464,NA,NA,6.1,20.7927,7.262,81.35,101.878
"CCR",90,"C2",2024-05-22,4.3,561.7464,NA,NA,6.1,20.0238,7.2911,77.677,102.797
"CCR",90,"C2",2024-05-22,4.4,561.7464,NA,NA,6.1,20.0305,7.1699,78.735,102.839
"CCR",90,"C2",2024-05-22,4.5,561.7464,NA,NA,6.1,19.7878,7.1477,76.488,105.862
"CCR",90,"C2",2024-05-22,4.6,561.7464,NA,NA,6.1,18.9327,6.6946,71.089,107.96
"CCR",90,"C2",2024-05-22,4.7,561.7464,NA,NA,6.1,18.6376,6.6794,69.82,110.162
"CCR",90,"C2",2024-05-22,4.8,561.7464,NA,NA,6.1,18.2713,6.3251,66.751,113.158
"CCR",90,"C2",2024-05-22,4.9,561.7464,NA,NA,6.1,17.4323,6.319,69.623,116.345
"CCR",90,"C2",2024-05-22,5,561.7464,NA,NA,6.1,16.7684,7.0306,68.34,118.424
"CCR",90,"C2",2024-05-22,5.1,561.7464,NA,NA,6.1,16.2058,6.45,64.736,118.978
"CCR",90,"C2",2024-05-22,5.2,561.7464,NA,NA,6.1,15.2906,5.9334,58.4,120.162
"CCR",90,"C2",2024-05-22,5.3,561.7464,NA,NA,6.1,15.0285,5.8458,55.396,120.814
"CCR",90,"C2",2024-05-22,5.4,561.7464,NA,NA,6.1,14.8666,4.9811,46.949,120.796
"CCR",90,"C2",2024-05-22,5.4,561.7464,NA,NA,6.1,15.0723,5.1551,51.297,120.53
"CCR",50,"P2",2024-06-19,0.1,1527.3528,103.632,178.6128,21,26.1778,7.8108,99.056,115.228
"CCR",50,"P2",2024-06-19,0.2,1527.3528,103.632,178.6128,21,26.1806,5.9005,74.341,113.713
"CCR",50,"P2",2024-06-19,0.3,1527.3528,103.632,178.6128,21,26.2138,5.979,72.692,113.684
"CCR",50,"P2",2024-06-19,0.4,1527.3528,103.632,178.6128,21,26.2413,5.9428,76.386,113.649
"CCR",50,"P2",2024-06-19,0.5,1527.3528,103.632,178.6128,21,26.2439,6.1737,72.053,113.096
"CCR",50,"P2",2024-06-19,0.6,1527.3528,103.632,178.6128,21,26.2431,5.8184,67.233,109.117
"CCR",50,"P2",2024-06-19,0.9,1527.3528,103.632,178.6128,21,26.2358,5.735,68.09,113.767
"CCR",50,"P2",2024-06-19,1,1527.3528,103.632,178.6128,21,26.2182,5.3056,64.053,113.803
"CCR",50,"P2",2024-06-19,1.1,1527.3528,103.632,178.6128,21,26.2081,4.939,60.515,113.796
"CCR",50,"P2",2024-06-19,1.2,1527.3528,103.632,178.6128,21,26.2251,4.8709,61.201,113.794
"CCR",50,"P2",2024-06-19,1.3,1527.3528,103.632,178.6128,21,26.216,5.0333,62.844,113.86
"CCR",50,"P2",2024-06-19,1.4,1527.3528,103.632,178.6128,21,26.222,5.1259,64.577,113.838
"CCR",50,"P2",2024-06-19,1.5,1527.3528,103.632,178.6128,21,26.2288,5.1995,63.13,113.9
"CCR",50,"P2",2024-06-19,1.6,1527.3528,103.632,178.6128,21,26.2219,5.1268,67.916,113.97
"CCR",50,"P2",2024-06-19,1.7,1527.3528,103.632,178.6128,21,26.2003,5.5537,67.978,113.979
"CCR",50,"P2",2024-06-19,1.8,1527.3528,103.632,178.6128,21,26.196,5.3154,65.324,114.045
"CCR",50,"P2",2024-06-19,1.9,1527.3528,103.632,178.6128,21,26.1689,5.4704,67.14,114.052
"CCR",50,"P2",2024-06-19,2,1527.3528,103.632,178.6128,21,26.1627,5.1634,66.152,114.178
"CCR",50,"P2",2024-06-19,2.1,1527.3528,103.632,178.6128,21,26.1325,5.4984,65.472,114.138
"CCR",50,"P2",2024-06-19,2.2,1527.3528,103.632,178.6128,21,26.135,4.9786,62.94,114.111
"CCR",50,"P2",2024-06-19,2.3,1527.3528,103.632,178.6128,21,26.0992,6.7026,111.757,114.512
"CCR",50,"P2",2024-06-19,2.4,1527.3528,103.632,178.6128,21,26.0707,9.4637,108.823,114.455
"CCR",50,"P2",2024-06-19,2.5,1527.3528,103.632,178.6128,21,26.0612,8.4703,102.333,114.458
"CCR",50,"P2",2024-06-19,2.6,1527.3528,103.632,178.6128,21,26.052,8.2513,101.459,114.534
"CCR",50,"P2",2024-06-19,2.7,1527.3528,103.632,178.6128,21,26.0436,8.2403,101.668,114.511
"CCR",50,"P2",2024-06-19,2.8,1527.3528,103.632,178.6128,21,26.0399,8.2248,101.218,114.41
"CCR",50,"P2",2024-06-19,2.9,1527.3528,103.632,178.6128,21,26.0328,8.2007,101.215,114.448
"CCR",50,"P2",2024-06-19,3,1527.3528,103.632,178.6128,21,26.0161,8.2304,101.769,114.412
"CCR",50,"P2",2024-06-19,3.1,1527.3528,103.632,178.6128,21,25.9951,8.2191,101.26,114.237
"CCR",50,"P2",2024-06-19,3.2,1527.3528,103.632,178.6128,21,25.9945,8.2236,101.548,109.804
"CCR",50,"P2",2024-06-19,3.5,1527.3528,103.632,178.6128,21,25.9009,8.2989,102.042,114.252
"CCR",50,"P2",2024-06-19,3.6,1527.3528,103.632,178.6128,21,25.8673,8.2873,101.761,114.196
"CCR",50,"P2",2024-06-19,3.7,1527.3528,103.632,178.6128,21,25.6474,8.2934,101.165,114.241
"CCR",50,"P2",2024-06-19,3.8,1527.3528,103.632,178.6128,21,25.3778,8.3395,101.899,114.192
"CCR",50,"P2",2024-06-19,3.9,1527.3528,103.632,178.6128,21,25.2012,8.4061,102.376,113.868
"CCR",50,"P2",2024-06-19,4,1527.3528,103.632,178.6128,21,24.9471,8.4871,103.905,113.937
"CCR",50,"P2",2024-06-19,4.1,1527.3528,103.632,178.6128,21,24.7829,8.6439,104.511,113.759
"CCR",50,"P2",2024-06-19,4.2,1527.3528,103.632,178.6128,21,24.562,8.6956,104.854,113.88
"CCR",50,"P2",2024-06-19,4.3,1527.3528,103.632,178.6128,21,24.4696,8.7734,105.365,113.868
"CCR",50,"P2",2024-06-19,4.4,1527.3528,103.632,178.6128,21,24.3003,8.823,105.79,113.881
"CCR",50,"P2",2024-06-19,4.5,1527.3528,103.632,178.6128,21,24.2351,8.8369,105.13,113.901
"CCR",50,"P2",2024-06-19,4.6,1527.3528,103.632,178.6128,21,24.1734,8.8217,105.455,113.888
"CCR",50,"P2",2024-06-19,4.7,1527.3528,103.632,178.6128,21,23.9362,8.9288,107.141,113.998
"CCR",50,"P2",2024-06-19,4.8,1527.3528,103.632,178.6128,21,23.7651,9.0901,107.835,114.008
"CCR",50,"P2",2024-06-19,4.9,1527.3528,103.632,178.6128,21,23.5879,9.1548,108.529,114.062
"CCR",50,"P2",2024-06-19,5,1527.3528,103.632,178.6128,21,23.4434,9.2463,109.162,114.028
"CCR",50,"P2",2024-06-19,5.1,1527.3528,103.632,178.6128,21,22.9258,9.3893,111.621,114.31
"CCR",50,"P2",2024-06-19,5.2,1527.3528,103.632,178.6128,21,22.4746,9.8003,114.947,114.615
"CCR",50,"P2",2024-06-19,5.3,1527.3528,103.632,178.6128,21,22.0838,10.0807,116.06,114.806
"CCR",50,"P2",2024-06-19,5.4,1527.3528,103.632,178.6128,21,21.3085,10.2835,116.976,115.517
"CCR",50,"P2",2024-06-19,5.5,1527.3528,103.632,178.6128,21,21.3393,10.4028,115,115.629
"CCR",50,"P2",2024-06-19,5.6,1527.3528,103.632,178.6128,21,20.4642,10.3158,116.549,116.132
"CCR",50,"P2",2024-06-19,5.7,1527.3528,103.632,178.6128,21,20.0374,10.7798,119.759,116.384
"CCR",50,"P2",2024-06-19,5.8,1527.3528,103.632,178.6128,21,19.4172,10.9644,116.978,116.947
"CCR",50,"P2",2024-06-19,5.9,1527.3528,103.632,178.6128,21,19.0207,10.7947,115.034,117.371
"CCR",50,"P2",2024-06-19,6,1527.3528,103.632,178.6128,21,18.3873,10.7502,113.616,117.76
"CCR",50,"P2",2024-06-19,6.1,1527.3528,103.632,178.6128,21,17.8945,10.782,113.32,118.194
"CCR",50,"P2",2024-06-19,6.2,1527.3528,103.632,178.6128,21,17.421,10.7415,111.45,118.458
"CCR",50,"P2",2024-06-19,6.3,1527.3528,103.632,178.6128,21,17.4284,10.8304,113.183,118.301
"CCR",50,"P2",2024-06-19,6.4,1527.3528,103.632,178.6128,21,17.0728,10.7786,110.069,118.518
"CCR",50,"P2",2024-06-19,6.5,1527.3528,103.632,178.6128,21,16.5829,10.6739,106.388,118.841
"CCR",50,"P2",2024-06-19,6.6,1527.3528,103.632,178.6128,21,16.0789,10.4786,102.205,119.133
"CCR",50,"P2",2024-06-19,6.7,1527.3528,103.632,178.6128,21,15.5389,10.0737,97.127,119.28
"CCR",50,"P2",2024-06-19,6.8,1527.3528,103.632,178.6128,21,15.1608,9.6783,94.47,116.403
"CCR",50,"P2",2024-06-19,7.2,1527.3528,103.632,178.6128,21,14.3157,9.0186,89.083,120.273
"CCR",50,"P2",2024-06-19,7.3,1527.3528,103.632,178.6128,21,14.1698,9.2183,86.781,120.753
"CCR",50,"P2",2024-06-19,7.4,1527.3528,103.632,178.6128,21,13.8311,8.6292,79.018,120.98
"CCR",50,"P2",2024-06-19,7.5,1527.3528,103.632,178.6128,21,13.5438,7.9573,75.091,121.293
"CCR",50,"P2",2024-06-19,7.6,1527.3528,103.632,178.6128,21,13.2638,7.7811,72.146,121.725
"CCR",50,"P2",2024-06-19,7.7,1527.3528,103.632,178.6128,21,12.863,7.2797,69.191,122.207
"CCR",50,"P2",2024-06-19,7.8,1527.3528,103.632,178.6128,21,12.8037,7.2776,68.357,122.371
"CCR",50,"P2",2024-06-19,7.9,1527.3528,103.632,178.6128,21,12.6834,7.2427,67.509,122.734
"CCR",50,"P2",2024-06-19,8,1527.3528,103.632,178.6128,21,12.5464,7.1835,66.671,122.835
"CCR",50,"P2",2024-06-19,8.1,1527.3528,103.632,178.6128,21,12.4105,7.1134,67.006,123.062
"CCR",50,"P2",2024-06-19,8.2,1527.3528,103.632,178.6128,21,12.3247,7.1658,66.941,123.405
"CCR",50,"P2",2024-06-19,8.3,1527.3528,103.632,178.6128,21,12.1814,7.182,65.663,123.648
"CCR",50,"P2",2024-06-19,8.4,1527.3528,103.632,178.6128,21,12.0201,7.0707,63.527,123.627
"CCR",50,"P2",2024-06-19,8.5,1527.3528,103.632,178.6128,21,11.9121,6.8027,61.471,123.562
"CCR",50,"P2",2024-06-19,8.6,1527.3528,103.632,178.6128,21,11.8815,6.5325,59.606,123.346
"CCR",50,"P2",2024-06-19,8.7,1527.3528,103.632,178.6128,21,11.856,6.4602,60.156,124.247
"CCR",50,"P2",2024-06-19,8.8,1527.3528,103.632,178.6128,21,11.7343,6.5069,59.421,124.567
"CCR",50,"P2",2024-06-19,8.9,1527.3528,103.632,178.6128,21,11.7409,6.497,60.129,124.44
"CCR",50,"P2",2024-06-19,9,1527.3528,103.632,178.6128,21,11.7025,6.5126,59.647,124.397
"CCR",50,"P2",2024-06-19,9.1,1527.3528,103.632,178.6128,21,11.6311,6.4633,58.894,124.402
"CCR",50,"P2",2024-06-19,9.2,1527.3528,103.632,178.6128,21,11.5102,6.4161,58.082,124.607
"CCR",50,"P2",2024-06-19,9.3,1527.3528,103.632,178.6128,21,11.4237,6.3256,57.026,124.965
"CCR",50,"P2",2024-06-19,9.4,1527.3528,103.632,178.6128,21,11.3882,6.1339,54.958,125.081
"CCR",50,"P2",2024-06-19,9.5,1527.3528,103.632,178.6128,21,11.3453,6.0484,56.472,125.155
"CCR",50,"P2",2024-06-19,9.6,1527.3528,103.632,178.6128,21,11.3278,6.2492,56.79,125.284
"CCR",50,"P2",2024-06-19,9.7,1527.3528,103.632,178.6128,21,11.2937,6.2178,56.436,125.295
"CCR",50,"P2",2024-06-19,9.8,1527.3528,103.632,178.6128,21,11.24,6.1867,55.66,125.217
"CCR",50,"P2",2024-06-19,9.9,1527.3528,103.632,178.6128,21,11.2989,5.9597,55.075,125.218
"CCR",50,"P2",2024-06-19,10,1527.3528,103.632,178.6128,21,11.2743,6.1422,56.025,125.332
"CCR",50,"P2",2024-06-19,10.1,1527.3528,103.632,178.6128,21,11.2135,6.1454,55.25,125.728
"CCR",50,"P2",2024-06-19,10.2,1527.3528,103.632,178.6128,21,11.1392,6.0968,54.389,126.022
"CCR",50,"P2",2024-06-19,10.3,1527.3528,103.632,178.6128,21,11.0831,5.9458,52.813,126.185
"CCR",50,"P2",2024-06-19,10.4,1527.3528,103.632,178.6128,21,11.0698,5.8123,52.454,126.356
"CCR",50,"P2",2024-06-19,10.5,1527.3528,103.632,178.6128,21,11.0464,5.7748,52.491,126.424
"CCR",50,"P2",2024-06-19,10.6,1527.3528,103.632,178.6128,21,11.0114,5.792,52.674,126.389
"CCR",50,"P2",2024-06-19,10.7,1527.3528,103.632,178.6128,21,10.9908,5.8114,52.561,126.569
"CCR",50,"P2",2024-06-19,10.8,1527.3528,103.632,178.6128,21,10.9722,5.7465,51.902,126.422
"CCR",50,"P2",2024-06-19,10.9,1527.3528,103.632,178.6128,21,10.9372,5.7194,51.532,126.539
"CCR",50,"P2",2024-06-19,11,1527.3528,103.632,178.6128,21,10.9167,5.6679,51.22,126.701
"CCR",50,"P2",2024-06-19,11.1,1527.3528,103.632,178.6128,21,10.8956,5.6683,51.432,126.534
"CCR",50,"P2",2024-06-19,11.2,1527.3528,103.632,178.6128,21,10.8658,5.6776,51.184,126.747
"CCR",50,"P2",2024-06-19,11.3,1527.3528,103.632,178.6128,21,10.8547,5.6736,51.231,126.829
"CCR",50,"P2",2024-06-19,11.4,1527.3528,103.632,178.6128,21,10.8361,5.667,51.264,126.424
"CCR",50,"P2",2024-06-19,11.5,1527.3528,103.632,178.6128,21,10.8182,5.6856,51.837,126.369
"CCR",50,"P2",2024-06-19,11.6,1527.3528,103.632,178.6128,21,10.8082,5.7693,51.871,126.531
"CCR",50,"P2",2024-06-19,11.7,1527.3528,103.632,178.6128,21,10.8197,5.6842,51.116,126.487
"CCR",50,"P2",2024-06-19,11.8,1527.3528,103.632,178.6128,21,10.7959,5.5974,49.82,126.34
"CCR",50,"P2",2024-06-19,11.9,1527.3528,103.632,178.6128,21,10.7834,5.5047,50.087,126.814
"CCR",50,"P2",2024-06-19,12,1527.3528,103.632,178.6128,21,10.7728,5.5815,50.42,126.759
"CCR",50,"P2",2024-06-19,12.1,1527.3528,103.632,178.6128,21,10.809,5.5911,50.324,126.523
"CCR",50,"P2",2024-06-19,12.2,1527.3528,103.632,178.6128,21,10.7389,5.4932,48.88,126.152
"CCR",50,"P2",2024-06-19,12.3,1527.3528,103.632,178.6128,21,10.7378,5.4531,49.012,126.123
"CCR",50,"P2",2024-06-19,12.4,1527.3528,103.632,178.6128,21,10.7435,5.4396,49.054,126.035
"CCR",50,"P2",2024-06-19,12.5,1527.3528,103.632,178.6128,21,10.7171,5.4156,48.76,126.281
"CCR",50,"P2",2024-06-19,12.5,1527.3528,103.632,178.6128,21,10.7255,5.421,48.759,126.252
"CCR",88,"P1",2024-06-19,0.1,1013.7648,103.632,178.6128,13.5,25.9381,5.2028,64.259,113.021
"CCR",88,"P1",2024-06-19,0.2,1013.7648,103.632,178.6128,13.5,25.4021,5.1809,62.91,113.955
"CCR",88,"P1",2024-06-19,0.3,1013.7648,103.632,178.6128,13.5,25.5627,5.2758,65.029,113.884
"CCR",88,"P1",2024-06-19,0.4,1013.7648,103.632,178.6128,13.5,26.1135,6.6492,81.751,113.666
"CCR",88,"P1",2024-06-19,0.5,1013.7648,103.632,178.6128,13.5,26.0785,5.3311,68.931,113.752
"CCR",88,"P1",2024-06-19,0.6,1013.7648,103.632,178.6128,13.5,25.4585,4.9856,59.962,113.82
"CCR",88,"P1",2024-06-19,0.7,1013.7648,103.632,178.6128,13.5,25.4508,4.8212,58.262,113.868
"CCR",88,"P1",2024-06-19,0.8,1013.7648,103.632,178.6128,13.5,25.4539,4.628,55.555,113.866
"CCR",88,"P1",2024-06-19,0.9,1013.7648,103.632,178.6128,13.5,25.4573,4.4958,54.516,113.863
"CCR",88,"P1",2024-06-19,1,1013.7648,103.632,178.6128,13.5,25.4633,4.4163,53.628,113.882
"CCR",88,"P1",2024-06-19,1.1,1013.7648,103.632,178.6128,13.5,25.4733,4.311,52.572,113.868
"CCR",88,"P1",2024-06-19,1.2,1013.7648,103.632,178.6128,13.5,25.4995,4.2944,52.186,113.858
"CCR",88,"P1",2024-06-19,1.3,1013.7648,103.632,178.6128,13.5,25.5374,4.2763,52.376,113.789
"CCR",88,"P1",2024-06-19,1.4,1013.7648,103.632,178.6128,13.5,25.5558,4.2072,51.135,113.782
"CCR",88,"P1",2024-06-19,1.5,1013.7648,103.632,178.6128,13.5,25.5701,4.1434,50.55,113.7
"CCR",88,"P1",2024-06-19,1.6,1013.7648,103.632,178.6128,13.5,25.6152,4.1693,52.221,113.866
"CCR",88,"P1",2024-06-19,1.7,1013.7648,103.632,178.6128,13.5,26.0513,7.8739,121.496,114.712
"CCR",88,"P1",2024-06-19,1.8,1013.7648,103.632,178.6128,13.5,26.1173,8.7897,103.399,114.575
"CCR",88,"P1",2024-06-19,1.9,1013.7648,103.632,178.6128,13.5,26.1141,8.2096,101.18,114.618
"CCR",88,"P1",2024-06-19,2,1013.7648,103.632,178.6128,13.5,26.1093,8.1965,101.485,114.706
"CCR",88,"P1",2024-06-19,2.1,1013.7648,103.632,178.6128,13.5,26.1062,8.217,101.521,114.79
"CCR",88,"P1",2024-06-19,2.2,1013.7648,103.632,178.6128,13.5,26.1016,8.2111,101.492,114.662
"CCR",88,"P1",2024-06-19,2.3,1013.7648,103.632,178.6128,13.5,26.0958,8.1826,101.08,114.582
"CCR",88,"P1",2024-06-19,2.4,1013.7648,103.632,178.6128,13.5,26.0916,8.1819,101.31,114.686
"CCR",88,"P1",2024-06-19,2.5,1013.7648,103.632,178.6128,13.5,26.0851,8.2292,101.257,114.631
"CCR",88,"P1",2024-06-19,2.6,1013.7648,103.632,178.6128,13.5,26.0803,8.1915,101.212,114.605
"CCR",88,"P1",2024-06-19,2.7,1013.7648,103.632,178.6128,13.5,26.074,8.1945,101.146,114.745
"CCR",88,"P1",2024-06-19,2.8,1013.7648,103.632,178.6128,13.5,26.0722,8.1726,100.803,114.721
"CCR",88,"P1",2024-06-19,2.9,1013.7648,103.632,178.6128,13.5,26.0618,8.1508,100.101,114.662
"CCR",88,"P1",2024-06-19,3,1013.7648,103.632,178.6128,13.5,26.0486,8.0522,99.661,114.657
"CCR",88,"P1",2024-06-19,3.1,1013.7648,103.632,178.6128,13.5,26.0471,8.0867,99.433,114.553
"CCR",88,"P1",2024-06-19,3.2,1013.7648,103.632,178.6128,13.5,26.0448,8.0191,99.076,114.677
"CCR",88,"P1",2024-06-19,3.3,1013.7648,103.632,178.6128,13.5,26.0412,8.0432,99.189,114.509
"CCR",88,"P1",2024-06-19,3.4,1013.7648,103.632,178.6128,13.5,26.0262,8.041,99.009,114.633
"CCR",88,"P1",2024-06-19,3.5,1013.7648,103.632,178.6128,13.5,25.9866,7.9614,98.122,114.569
"CCR",88,"P1",2024-06-19,3.6,1013.7648,103.632,178.6128,13.5,25.9201,8.0153,99.322,114.362
"CCR",88,"P1",2024-06-19,3.7,1013.7648,103.632,178.6128,13.5,25.8534,8.1361,100.286,114.252
"CCR",88,"P1",2024-06-19,3.8,1013.7648,103.632,178.6128,13.5,25.7935,8.1857,100.314,114.195
"CCR",88,"P1",2024-06-19,3.9,1013.7648,103.632,178.6128,13.5,25.7077,8.1777,100.086,114.024
"CCR",88,"P1",2024-06-19,4,1013.7648,103.632,178.6128,13.5,25.6227,8.1489,99.621,114.134
"CCR",88,"P1",2024-06-19,4.1,1013.7648,103.632,178.6128,13.5,25.5333,8.141,99.361,113.966
"CCR",88,"P1",2024-06-19,4.2,1013.7648,103.632,178.6128,13.5,25.377,8.152,99.844,113.934
"CCR",88,"P1",2024-06-19,4.3,1013.7648,103.632,178.6128,13.5,25.0905,8.3417,101.301,113.752
"CCR",88,"P1",2024-06-19,4.4,1013.7648,103.632,178.6128,13.5,24.8264,8.3928,101.898,113.776
"CCR",88,"P1",2024-06-19,4.5,1013.7648,103.632,178.6128,13.5,24.479,8.5491,102.666,113.901
"CCR",88,"P1",2024-06-19,4.6,1013.7648,103.632,178.6128,13.5,24.2439,8.5441,101.417,113.824
"CCR",88,"P1",2024-06-19,4.7,1013.7648,103.632,178.6128,13.5,24.2252,8.4819,101.812,114.085
"CCR",88,"P1",2024-06-19,4.8,1013.7648,103.632,178.6128,13.5,23.8728,8.5707,102.324,113.943
"CCR",88,"P1",2024-06-19,4.9,1013.7648,103.632,178.6128,13.5,23.5428,8.818,104.293,114.132
"CCR",88,"P1",2024-06-19,5,1013.7648,103.632,178.6128,13.5,23.4006,8.8932,105.053,114.317
"CCR",88,"P1",2024-06-19,5.1,1013.7648,103.632,178.6128,13.5,22.9755,9.1046,107.476,114.608
"CCR",88,"P1",2024-06-19,5.2,1013.7648,103.632,178.6128,13.5,22.8131,9.3563,107.677,114.633
"CCR",88,"P1",2024-06-19,5.3,1013.7648,103.632,178.6128,13.5,22.3579,9.3961,109.301,115.162
"CCR",88,"P1",2024-06-19,5.4,1013.7648,103.632,178.6128,13.5,21.7714,9.7072,110.964,115.484
"CCR",88,"P1",2024-06-19,5.5,1013.7648,103.632,178.6128,13.5,21.4676,9.9092,112.241,115.702
"CCR",88,"P1",2024-06-19,5.6,1013.7648,103.632,178.6128,13.5,20.9452,9.7405,106.366,116.277
"CCR",88,"P1",2024-06-19,5.7,1013.7648,103.632,178.6128,13.5,20.2946,9.3979,102.721,116.364
"CCR",88,"P1",2024-06-19,5.8,1013.7648,103.632,178.6128,13.5,19.486,9.9992,108.932,117.118
"CCR",88,"P1",2024-06-19,5.9,1013.7648,103.632,178.6128,13.5,19.196,9.8976,107.558,117.241
"CCR",88,"P1",2024-06-19,6,1013.7648,103.632,178.6128,13.5,18.6757,10.0274,106.002,117.693
"CCR",88,"P1",2024-06-19,6.1,1013.7648,103.632,178.6128,13.5,18.0837,9.8464,101.964,118.046
"CCR",88,"P1",2024-06-19,6.2,1013.7648,103.632,178.6128,13.5,18.1654,9.7063,103.944,117.867
"CCR",88,"P1",2024-06-19,6.3,1013.7648,103.632,178.6128,13.5,17.4627,9.3647,98.18,118.36
"CCR",88,"P1",2024-06-19,6.4,1013.7648,103.632,178.6128,13.5,16.7883,9.3394,90.352,118.971
"CCR",88,"P1",2024-06-19,6.5,1013.7648,103.632,178.6128,13.5,16.3804,8.0643,81.402,119.215
"CCR",88,"P1",2024-06-19,6.6,1013.7648,103.632,178.6128,13.5,15.9821,7.5575,72.787,119.647
"CCR",88,"P1",2024-06-19,6.7,1013.7648,103.632,178.6128,13.5,15.5262,6.9985,71.42,119.667
"CCR",88,"P1",2024-06-19,6.8,1013.7648,103.632,178.6128,13.5,15.2139,7.8818,79.92,119.907
"CCR",88,"P1",2024-06-19,6.9,1013.7648,103.632,178.6128,13.5,14.8725,7.8856,76.507,120.303
"CCR",88,"P1",2024-06-19,7,1013.7648,103.632,178.6128,13.5,14.4779,7.6526,69.823,120.61
"CCR",88,"P1",2024-06-19,7.1,1013.7648,103.632,178.6128,13.5,14.1421,6.5475,60.302,120.965
"CCR",88,"P1",2024-06-19,7.2,1013.7648,103.632,178.6128,13.5,13.9698,5.9448,58.814,120.948
"CCR",88,"P1",2024-06-19,7.3,1013.7648,103.632,178.6128,13.5,13.3653,5.988,51.318,121.881
"CCR",88,"P1",2024-06-19,7.4,1013.7648,103.632,178.6128,13.5,13.0217,4.9109,42.261,122.175
"CCR",88,"P1",2024-06-19,7.5,1013.7648,103.632,178.6128,13.5,12.762,4.1556,39.207,122.406
"CCR",88,"P1",2024-06-19,7.6,1013.7648,103.632,178.6128,13.5,12.7281,4.4069,43.078,122.538
"CCR",88,"P1",2024-06-19,7.7,1013.7648,103.632,178.6128,13.5,12.607,4.753,45.843,122.421
"CCR",88,"P1",2024-06-19,7.8,1013.7648,103.632,178.6128,13.5,12.3268,4.9855,47.386,122.745
"CCR",88,"P1",2024-06-19,7.9,1013.7648,103.632,178.6128,13.5,12.2145,5.2014,48.954,122.658
"CCR",88,"P1",2024-06-19,8,1013.7648,103.632,178.6128,13.5,12.1837,5.2535,49.158,122.695
"CCR",88,"P1",2024-06-19,8.1,1013.7648,103.632,178.6128,13.5,12.1255,5.2531,48.521,122.639
"CCR",88,"P1",2024-06-19,8.2,1013.7648,103.632,178.6128,13.5,11.9502,5.1963,47.607,122.944
"CCR",88,"P1",2024-06-19,8.3,1013.7648,103.632,178.6128,13.5,11.7674,4.7321,40.763,123.145
"CCR",88,"P1",2024-06-19,8.4,1013.7648,103.632,178.6128,13.5,11.7758,4.4801,41.949,123.249
"CCR",88,"P1",2024-06-19,8.5,1013.7648,103.632,178.6128,13.5,11.6818,4.2696,38.93,123.504
"CCR",88,"P1",2024-06-19,8.6,1013.7648,103.632,178.6128,13.5,11.593,3.9945,36.291,123.607
"CCR",88,"P1",2024-06-19,8.7,1013.7648,103.632,178.6128,13.5,11.5349,4.042,38.661,123.598
"CCR",88,"P1",2024-06-19,8.8,1013.7648,103.632,178.6128,13.5,11.557,4.71,43.657,123.654
"CCR",88,"P1",2024-06-19,8.9,1013.7648,103.632,178.6128,13.5,11.4904,4.5982,41.949,123.75
"CCR",88,"P1",2024-06-19,9,1013.7648,103.632,178.6128,13.5,11.4768,4.5324,41.403,123.564
"CCR",88,"P1",2024-06-19,9.1,1013.7648,103.632,178.6128,13.5,11.4043,4.509,41.226,123.716
"CCR",88,"P1",2024-06-19,9.2,1013.7648,103.632,178.6128,13.5,11.3538,4.5829,42.994,123.761
"CCR",88,"P1",2024-06-19,9.3,1013.7648,103.632,178.6128,13.5,11.369,4.6523,42.359,123.667
"CCR",88,"P1",2024-06-19,9.4,1013.7648,103.632,178.6128,13.5,11.3877,4.5923,41.95,123.758
"CCR",88,"P1",2024-06-19,9.5,1013.7648,103.632,178.6128,13.5,11.4265,4.6011,41.876,123.67
"CCR",88,"P1",2024-06-19,9.6,1013.7648,103.632,178.6128,13.5,11.2545,4.5036,40.499,123.788
"CCR",88,"P1",2024-06-19,9.7,1013.7648,103.632,178.6128,13.5,11.2888,4.4852,41.11,123.765
"CCR",88,"P1",2024-06-19,9.8,1013.7648,103.632,178.6128,13.5,11.1977,4.4521,40.252,123.828
"CCR",88,"P1",2024-06-19,9.9,1013.7648,103.632,178.6128,13.5,11.158,4.3457,38.457,124.215
"CCR",88,"P1",2024-06-19,10,1013.7648,103.632,178.6128,13.5,11.1483,3.6871,32.949,124.801
"CCR",88,"P1",2024-06-19,10.1,1013.7648,103.632,178.6128,13.5,11.116,2.3969,16.452,124.867
"CCR",88,"P1",2024-06-19,10.2,1013.7648,103.632,178.6128,13.5,11.0915,2.2021,20.791,124.791
"CCR",88,"P1",2024-06-19,10.3,1013.7648,103.632,178.6128,13.5,11.0912,2.2781,21.467,124.895
"CCR",88,"P1",2024-06-19,10.4,1013.7648,103.632,178.6128,13.5,11.0747,2.6138,22.645,124.985
"CCR",88,"P1",2024-06-19,10.5,1013.7648,103.632,178.6128,13.5,11.0337,2.3767,22.408,124.998
"CCR",88,"P1",2024-06-19,10.6,1013.7648,103.632,178.6128,13.5,11.0436,2.615,23.774,124.896
"CCR",88,"P1",2024-06-19,10.7,1013.7648,103.632,178.6128,13.5,11.0428,2.615,23.833,124.975
"CCR",88,"P1",2024-06-19,10.8,1013.7648,103.632,178.6128,13.5,11.0387,2.6178,24.02,124.839
"CCR",88,"P1",2024-06-19,10.9,1013.7648,103.632,178.6128,13.5,10.9706,2.712,24.704,125.069
"CCR",88,"P1",2024-06-19,11,1013.7648,103.632,178.6128,13.5,10.9612,2.7762,26.299,124.569
"CCR",88,"P1",2024-06-19,11.1,1013.7648,103.632,178.6128,13.5,10.9256,3.4213,31.358,124.855
"CCR",88,"P1",2024-06-19,11.2,1013.7648,103.632,178.6128,13.5,10.9166,3.0788,29.443,124.686
"CCR",88,"P1",2024-06-19,11.3,1013.7648,103.632,178.6128,13.5,10.8284,3.7225,36.969,124.568
"CCR",88,"P1",2024-06-19,11.4,1013.7648,103.632,178.6128,13.5,10.8017,4.1416,35.246,124.669
"CCR",88,"P1",2024-06-19,11.5,1013.7648,103.632,178.6128,13.5,10.7921,3.6712,32.897,124.616
"CCR",88,"P1",2024-06-19,11.6,1013.7648,103.632,178.6128,13.5,10.8092,3.7099,33.504,124.602
"CCR",88,"P1",2024-06-19,11.7,1013.7648,103.632,178.6128,13.5,10.7897,3.6847,33.092,124.686
"CCR",88,"P1",2024-06-19,11.8,1013.7648,103.632,178.6128,13.5,10.7664,3.6495,32.515,124.954
"CCR",88,"P1",2024-06-19,11.9,1013.7648,103.632,178.6128,13.5,10.7531,3.4996,30.874,124.769
"CCR",88,"P1",2024-06-19,12,1013.7648,103.632,178.6128,13.5,10.734,3.4463,31.597,124.832
"CCR",88,"P1",2024-06-19,12.1,1013.7648,103.632,178.6128,13.5,10.737,3.5216,31.622,121.268
"CCR",88,"P1",2024-06-19,12.3,1013.7648,103.632,178.6128,13.5,10.7626,3.2088,30.858,125.187
"CCR",88,"P1",2024-06-19,12.3,1013.7648,103.632,178.6128,13.5,10.7656,3.3293,31.239,125.273
"CCR",88,"P1",2024-06-19,12.4,1013.7648,103.632,178.6128,13.5,10.8066,3.4522,30.786,125.364
"CCR",88,"P1",2024-06-19,12.5,1013.7648,103.632,178.6128,13.5,10.8032,3.375,30.427,125.526
"CCR",88,"P1",2024-06-19,12.6,1013.7648,103.632,178.6128,13.5,10.7252,3.1761,27.162,126.787
"CCR",88,"P1",2024-06-19,12.7,1013.7648,103.632,178.6128,13.5,10.7526,2.9706,26.604,126.687
"CCR",88,"P1",2024-06-19,12.8,1013.7648,103.632,178.6128,13.5,10.7914,2.6452,24.423,127.883
"CCR",90,"C2",2024-06-19,0.1,561.7464,103.632,178.6128,6,26.0587,7.1138,89.276,113.404
"CCR",90,"C2",2024-06-19,0.2,561.7464,103.632,178.6128,6,25.7058,5.5155,64.722,113.932
"CCR",90,"C2",2024-06-19,0.3,561.7464,103.632,178.6128,6,25.6679,4.8832,58.975,113.963
"CCR",90,"C2",2024-06-19,0.4,561.7464,103.632,178.6128,6,25.67,4.7574,58.097,113.942
"CCR",90,"C2",2024-06-19,0.5,561.7464,103.632,178.6128,6,25.6632,4.8396,59.086,113.967
"CCR",90,"C2",2024-06-19,0.6,561.7464,103.632,178.6128,6,25.6619,4.8597,59.918,113.936
"CCR",90,"C2",2024-06-19,0.7,561.7464,103.632,178.6128,6,25.6726,4.8863,59.041,113.915
"CCR",90,"C2",2024-06-19,0.8,561.7464,103.632,178.6128,6,25.6646,4.8315,58.702,114.033
"CCR",90,"C2",2024-06-19,0.9,561.7464,103.632,178.6128,6,25.6551,4.6872,56.716,113.989
"CCR",90,"C2",2024-06-19,1,561.7464,103.632,178.6128,6,25.6617,4.5736,56.683,113.967
"CCR",90,"C2",2024-06-19,1.1,561.7464,103.632,178.6128,6,25.7042,4.7905,58.309,113.35
"CCR",90,"C2",2024-06-19,1.3,561.7464,103.632,178.6128,6,25.7421,4.66,57.545,113.889
"CCR",90,"C2",2024-06-19,1.3,561.7464,103.632,178.6128,6,25.74,4.8106,61.6,113.94
"CCR",90,"C2",2024-06-19,1.4,561.7464,103.632,178.6128,6,25.7554,5.1481,62.364,113.865
"CCR",90,"C2",2024-06-19,1.5,561.7464,103.632,178.6128,6,25.7778,5.0933,62.237,113.257
"CCR",90,"C2",2024-06-19,1.5,561.7464,103.632,178.6128,6,25.7794,5.0682,61.694,109.242
"CCR",90,"C2",2024-06-19,1.7,561.7464,103.632,178.6128,6,26.0738,9.2246,107.24,114.49
"CCR",90,"C2",2024-06-19,1.8,561.7464,103.632,178.6128,6,26.078,8.5689,102.602,114.401
"CCR",90,"C2",2024-06-19,1.9,561.7464,103.632,178.6128,6,26.0738,8.2443,101.228,114.476
"CCR",90,"C2",2024-06-19,2,561.7464,103.632,178.6128,6,26.066,8.1694,100.707,114.577
"CCR",90,"C2",2024-06-19,2.1,561.7464,103.632,178.6128,6,26.0641,8.206,101.371,114.437
"CCR",90,"C2",2024-06-19,2.2,561.7464,103.632,178.6128,6,26.0609,8.2051,101.287,114.539
"CCR",90,"C2",2024-06-19,2.3,561.7464,103.632,178.6128,6,26.0543,8.197,100.987,114.496
"CCR",90,"C2",2024-06-19,2.4,561.7464,103.632,178.6128,6,26.0487,8.1245,100.743,114.646
"CCR",90,"C2",2024-06-19,2.5,561.7464,103.632,178.6128,6,26.0466,8.1953,100.876,114.439
"CCR",90,"C2",2024-06-19,2.6,561.7464,103.632,178.6128,6,26.039,8.1425,100.383,114.585
"CCR",90,"C2",2024-06-19,2.7,561.7464,103.632,178.6128,6,26.033,8.1028,99.864,114.567
"CCR",90,"C2",2024-06-19,2.8,561.7464,103.632,178.6128,6,26.0282,8.0976,100.073,114.465
"CCR",90,"C2",2024-06-19,2.9,561.7464,103.632,178.6128,6,26.0269,8.128,100.138,114.467
"CCR",90,"C2",2024-06-19,3,561.7464,103.632,178.6128,6,26.0212,8.0944,99.352,114.615
"CCR",90,"C2",2024-06-19,3.1,561.7464,103.632,178.6128,6,26.0045,8.0159,98.667,114.532
"CCR",90,"C2",2024-06-19,3.2,561.7464,103.632,178.6128,6,25.9974,8.0025,98.36,114.502
"CCR",90,"C2",2024-06-19,3.3,561.7464,103.632,178.6128,6,25.9796,8.0124,98.898,114.404
"CCR",90,"C2",2024-06-19,3.4,561.7464,103.632,178.6128,6,25.9558,8.0299,99.188,114.464
"CCR",90,"C2",2024-06-19,3.5,561.7464,103.632,178.6128,6,25.9489,8.017,98.777,114.323
"CCR",90,"C2",2024-06-19,3.6,561.7464,103.632,178.6128,6,25.9356,8.0126,98.303,114.429
"CCR",90,"C2",2024-06-19,3.7,561.7464,103.632,178.6128,6,25.9184,8.0075,98.662,114.254
"CCR",90,"C2",2024-06-19,3.8,561.7464,103.632,178.6128,6,25.8791,7.9381,96.422,114.289
"CCR",90,"C2",2024-06-19,3.9,561.7464,103.632,178.6128,6,25.8633,7.8678,96.432,114.223
"CCR",90,"C2",2024-06-19,4,561.7464,103.632,178.6128,6,25.8351,7.8578,96.282,114.219
"CCR",90,"C2",2024-06-19,4.1,561.7464,103.632,178.6128,6,25.768,7.7913,95.429,114.112
"CCR",90,"C2",2024-06-19,4.2,561.7464,103.632,178.6128,6,25.7209,7.7669,95.225,114.061
"CCR",90,"C2",2024-06-19,4.3,561.7464,103.632,178.6128,6,25.6781,7.7542,94.767,114.164
"CCR",90,"C2",2024-06-19,4.4,561.7464,103.632,178.6128,6,25.6698,7.7502,94.856,114.081
"CCR",90,"C2",2024-06-19,4.5,561.7464,103.632,178.6128,6,25.5777,7.6786,93.155,114.146
"CCR",90,"C2",2024-06-19,4.6,561.7464,103.632,178.6128,6,25.4832,7.6029,91.199,114.162
"CCR",90,"C2",2024-06-19,4.7,561.7464,103.632,178.6128,6,25.2244,6.8775,84.586,114.162
"CCR",90,"C2",2024-06-19,4.8,561.7464,103.632,178.6128,6,24.7739,7.1735,86.923,114.238
"CCR",90,"C2",2024-06-19,4.9,561.7464,103.632,178.6128,6,23.6588,7.2748,85.961,114.579
"CCR",90,"C2",2024-06-19,5,561.7464,103.632,178.6128,6,22.9556,7.124,81.517,115.068
"CCR",90,"C2",2024-06-19,5.1,561.7464,103.632,178.6128,6,22.475,6.5613,74.971,115.205
"CCR",90,"C2",2024-06-19,5.2,561.7464,103.632,178.6128,6,22.1526,6.3901,73.974,115.217
"CCR",90,"C2",2024-06-19,5.3,561.7464,103.632,178.6128,6,21.7908,5.9879,65.585,116.173
"CCR",90,"C2",2024-06-19,5.3,561.7464,103.632,178.6128,6,21.4018,6.0196,67.927,116.34
"CCR",50,"P2",2024-07-11,0.1,1527.3528,68.58,202.692,22,28.2522,7.8551,100.801,116.189
"CCR",50,"P2",2024-07-11,0.2,1527.3528,68.58,202.692,22,28.2441,7.8798,100.651,116.248
"CCR",50,"P2",2024-07-11,0.3,1527.3528,68.58,202.692,22,28.2536,7.8559,100.994,116.19
"CCR",50,"P2",2024-07-11,0.4,1527.3528,68.58,202.692,22,28.2543,7.8205,100.384,116.165
"CCR",50,"P2",2024-07-11,0.5,1527.3528,68.58,202.692,22,28.2644,7.8492,100.639,116.304
"CCR",50,"P2",2024-07-11,0.6,1527.3528,68.58,202.692,22,28.26,7.8427,100.531,116.154
"CCR",50,"P2",2024-07-11,0.7,1527.3528,68.58,202.692,22,28.2598,7.8307,100.682,116.125
"CCR",50,"P2",2024-07-11,0.8,1527.3528,68.58,202.692,22,28.2587,7.8425,100.783,116.185
"CCR",50,"P2",2024-07-11,0.9,1527.3528,68.58,202.692,22,28.257,7.8507,100.706,116.207
"CCR",50,"P2",2024-07-11,1,1527.3528,68.58,202.692,22,28.2523,7.8457,100.757,116.073
"CCR",50,"P2",2024-07-11,1.1,1527.3528,68.58,202.692,22,28.2553,7.8474,100.555,116.235
"CCR",50,"P2",2024-07-11,1.2,1527.3528,68.58,202.692,22,28.2591,7.831,100.812,116.199
"CCR",50,"P2",2024-07-11,1.3,1527.3528,68.58,202.692,22,28.2606,7.8524,100.97,116.11
"CCR",50,"P2",2024-07-11,1.4,1527.3528,68.58,202.692,22,28.2617,7.8632,100.651,116.293
"CCR",50,"P2",2024-07-11,1.5,1527.3528,68.58,202.692,22,28.2604,7.8322,100.437,116.168
"CCR",50,"P2",2024-07-11,1.6,1527.3528,68.58,202.692,22,28.2597,7.8584,100.863,116.213
"CCR",50,"P2",2024-07-11,1.7,1527.3528,68.58,202.692,22,28.2597,7.8307,100.743,116.138
"CCR",50,"P2",2024-07-11,1.8,1527.3528,68.58,202.692,22,28.2588,7.8514,100.961,116.112
"CCR",50,"P2",2024-07-11,1.9,1527.3528,68.58,202.692,22,28.2591,7.8694,101.105,116.161
"CCR",50,"P2",2024-07-11,2,1527.3528,68.58,202.692,22,28.2581,7.8348,100.728,116.159
"CCR",50,"P2",2024-07-11,2.1,1527.3528,68.58,202.692,22,28.2547,7.8688,100.779,116.004
"CCR",50,"P2",2024-07-11,2.2,1527.3528,68.58,202.692,22,28.2552,7.8518,100.966,116.175
"CCR",50,"P2",2024-07-11,2.3,1527.3528,68.58,202.692,22,28.2509,7.877,101.044,116.155
"CCR",50,"P2",2024-07-11,2.4,1527.3528,68.58,202.692,22,28.249,7.8435,100.808,116.127
"CCR",50,"P2",2024-07-11,2.5,1527.3528,68.58,202.692,22,28.2513,7.836,100.633,116.254
"CCR",50,"P2",2024-07-11,2.6,1527.3528,68.58,202.692,22,28.2576,7.8605,100.897,116.203
"CCR",50,"P2",2024-07-11,2.7,1527.3528,68.58,202.692,22,28.2514,7.8504,100.843,116.101
"CCR",50,"P2",2024-07-11,2.8,1527.3528,68.58,202.692,22,28.2318,7.8551,100.879,116.073
"CCR",50,"P2",2024-07-11,2.9,1527.3528,68.58,202.692,22,28.2059,7.8838,100.697,116.271
"CCR",50,"P2",2024-07-11,3,1527.3528,68.58,202.692,22,28.1854,7.8494,100.901,116.236
"CCR",50,"P2",2024-07-11,3.1,1527.3528,68.58,202.692,22,28.169,7.8632,100.633,116.168
"CCR",50,"P2",2024-07-11,3.2,1527.3528,68.58,202.692,22,28.1664,7.8664,100.923,116.105
"CCR",50,"P2",2024-07-11,3.3,1527.3528,68.58,202.692,22,28.1631,7.8721,100.538,116.227
"CCR",50,"P2",2024-07-11,3.4,1527.3528,68.58,202.692,22,28.1587,7.8404,100.62,116.155
"CCR",50,"P2",2024-07-11,3.5,1527.3528,68.58,202.692,22,28.1579,7.8353,100.696,116.135
"CCR",50,"P2",2024-07-11,3.6,1527.3528,68.58,202.692,22,28.1603,7.8667,100.657,116.034
"CCR",50,"P2",2024-07-11,3.7,1527.3528,68.58,202.692,22,28.16,7.8544,100.808,116.104
"CCR",50,"P2",2024-07-11,3.8,1527.3528,68.58,202.692,22,28.16,7.8568,100.383,116.117
"CCR",50,"P2",2024-07-11,3.9,1527.3528,68.58,202.692,22,28.1559,7.8413,100.444,116.155
"CCR",50,"P2",2024-07-11,4,1527.3528,68.58,202.692,22,28.1576,7.8506,100.842,116.018
"CCR",50,"P2",2024-07-11,4.1,1527.3528,68.58,202.692,22,28.1582,7.8625,100.493,116.155
"CCR",50,"P2",2024-07-11,4.2,1527.3528,68.58,202.692,22,28.155,7.8445,100.717,116.006
"CCR",50,"P2",2024-07-11,4.3,1527.3528,68.58,202.692,22,28.1478,7.8541,100.595,116.166
"CCR",50,"P2",2024-07-11,4.4,1527.3528,68.58,202.692,22,28.1251,7.8571,100.542,116.064
"CCR",50,"P2",2024-07-11,4.5,1527.3528,68.58,202.692,22,28.1184,7.8381,100.341,116.069
"CCR",50,"P2",2024-07-11,4.6,1527.3528,68.58,202.692,22,28.1178,7.8478,100.542,116.087
"CCR",50,"P2",2024-07-11,4.7,1527.3528,68.58,202.692,22,28.1145,7.861,100.862,116.043
"CCR",50,"P2",2024-07-11,4.8,1527.3528,68.58,202.692,22,28.1138,7.8278,100.299,116.015
"CCR",50,"P2",2024-07-11,4.9,1527.3528,68.58,202.692,22,28.1115,7.8614,100.475,116.124
"CCR",50,"P2",2024-07-11,5,1527.3528,68.58,202.692,22,28.1027,7.8602,100.69,116.101
"CCR",50,"P2",2024-07-11,5.1,1527.3528,68.58,202.692,22,28.0857,7.8539,100.329,115.999
"CCR",50,"P2",2024-07-11,5.2,1527.3528,68.58,202.692,22,28.0622,7.8477,100.637,116.083
"CCR",50,"P2",2024-07-11,5.3,1527.3528,68.58,202.692,22,27.9562,7.9003,100.725,116.139
"CCR",50,"P2",2024-07-11,5.4,1527.3528,68.58,202.692,22,27.2778,8.0988,102.545,113.492
"CCR",50,"P2",2024-07-11,5.5,1527.3528,68.58,202.692,22,23.4821,9.0463,124.048,116.433
"CCR",50,"P2",2024-07-11,5.6,1527.3528,68.58,202.692,22,22.2076,11.6735,131.174,116.647
"CCR",50,"P2",2024-07-11,5.7,1527.3528,68.58,202.692,22,21.5295,11.2572,126.617,116.703
"CCR",50,"P2",2024-07-11,5.8,1527.3528,68.58,202.692,22,20.8954,11.1876,124.401,117.057
"CCR",50,"P2",2024-07-11,5.9,1527.3528,68.58,202.692,22,20.1678,11.1164,120.575,117.705
"CCR",50,"P2",2024-07-11,6,1527.3528,68.58,202.692,22,19.8412,11.0351,120.346,117.754
"CCR",50,"P2",2024-07-11,6.1,1527.3528,68.58,202.692,22,19.261,10.9044,114.883,118.098
"CCR",50,"P2",2024-07-11,6.2,1527.3528,68.58,202.692,22,18.8871,10.3464,110.812,114.947
"CCR",50,"P2",2024-07-11,6.2,1527.3528,68.58,202.692,22,18.8707,10.3078,111.007,112.829
"CCR",50,"P2",2024-07-11,6.7,1527.3528,68.58,202.692,22,16.987,7.6446,76.496,119.717
"CCR",50,"P2",2024-07-11,6.8,1527.3528,68.58,202.692,22,16.6141,7.4498,71.872,120.338
"CCR",50,"P2",2024-07-11,6.9,1527.3528,68.58,202.692,22,16.2219,6.8886,64.293,120.655
"CCR",50,"P2",2024-07-11,7,1527.3528,68.58,202.692,22,15.9391,6.2668,61.969,121.119
"CCR",50,"P2",2024-07-11,7.1,1527.3528,68.58,202.692,22,15.3363,6.0903,59.61,121.606
"CCR",50,"P2",2024-07-11,7.2,1527.3528,68.58,202.692,22,15.1328,6.2243,63.195,121.821
"CCR",50,"P2",2024-07-11,7.3,1527.3528,68.58,202.692,22,15.1631,6.5777,64.971,121.767
"CCR",50,"P2",2024-07-11,7.4,1527.3528,68.58,202.692,22,14.4091,6.52,62.752,122.431
"CCR",50,"P2",2024-07-11,7.5,1527.3528,68.58,202.692,22,13.9035,6.5585,64.952,122.756
"CCR",50,"P2",2024-07-11,7.6,1527.3528,68.58,202.692,22,13.646,6.6874,61.497,123.273
"CCR",50,"P2",2024-07-11,7.7,1527.3528,68.58,202.692,22,13.4795,6.1969,59,124.189
"CCR",50,"P2",2024-07-11,7.8,1527.3528,68.58,202.692,22,13.1129,6.1755,56.591,124.69
"CCR",50,"P2",2024-07-11,7.9,1527.3528,68.58,202.692,22,12.9049,5.8941,53.867,124.532
"CCR",50,"P2",2024-07-11,8,1527.3528,68.58,202.692,22,12.853,5.6899,54.535,124.773
"CCR",50,"P2",2024-07-11,8.1,1527.3528,68.58,202.692,22,12.6866,5.8232,55.162,124.594
"CCR",50,"P2",2024-07-11,8.2,1527.3528,68.58,202.692,22,12.6113,5.8587,54.291,125.175
"CCR",50,"P2",2024-07-11,8.3,1527.3528,68.58,202.692,22,12.491,5.7627,54,125.291
"CCR",50,"P2",2024-07-11,8.4,1527.3528,68.58,202.692,22,12.4356,5.7735,54.427,125.181
"CCR",50,"P2",2024-07-11,8.5,1527.3528,68.58,202.692,22,12.3729,5.8116,53.974,125.315
"CCR",50,"P2",2024-07-11,8.6,1527.3528,68.58,202.692,22,12.2886,5.7605,53.431,125.348
"CCR",50,"P2",2024-07-11,8.7,1527.3528,68.58,202.692,22,12.232,5.7223,53.052,125.541
"CCR",50,"P2",2024-07-11,8.8,1527.3528,68.58,202.692,22,12.1963,5.6729,52.056,125.276
"CCR",50,"P2",2024-07-11,8.9,1527.3528,68.58,202.692,22,12.1507,5.4893,47.762,125.144
"CCR",50,"P2",2024-07-11,9,1527.3528,68.58,202.692,22,12.0993,5.0484,45.54,125.507
"CCR",50,"P2",2024-07-11,9.1,1527.3528,68.58,202.692,22,12.0358,4.9021,45.572,125.61
"CCR",50,"P2",2024-07-11,9.2,1527.3528,68.58,202.692,22,11.9736,4.9125,45.185,125.726
"CCR",50,"P2",2024-07-11,9.3,1527.3528,68.58,202.692,22,11.9295,4.8757,44.326,125.848
"CCR",50,"P2",2024-07-11,9.4,1527.3528,68.58,202.692,22,11.9033,4.8118,43.696,125.747
"CCR",50,"P2",2024-07-11,9.5,1527.3528,68.58,202.692,22,11.8799,4.7203,43.627,125.759
"CCR",50,"P2",2024-07-11,9.6,1527.3528,68.58,202.692,22,11.8728,4.7137,44.941,125.577
"CCR",50,"P2",2024-07-11,9.7,1527.3528,68.58,202.692,22,11.8649,4.8996,46.42,125.707
"CCR",50,"P2",2024-07-11,9.8,1527.3528,68.58,202.692,22,11.8402,5.0504,46.45,125.818
"CCR",50,"P2",2024-07-11,9.9,1527.3528,68.58,202.692,22,11.8378,4.9991,46.227,125.799
"CCR",50,"P2",2024-07-11,10,1527.3528,68.58,202.692,22,11.8141,5.0013,46.048,125.579
"CCR",50,"P2",2024-07-11,10.1,1527.3528,68.58,202.692,22,11.7758,4.9782,45.703,125.538
"CCR",50,"P2",2024-07-11,10.2,1527.3528,68.58,202.692,22,11.7591,4.9439,45.339,125.733
"CCR",50,"P2",2024-07-11,10.3,1527.3528,68.58,202.692,22,11.7484,4.899,45.036,125.544
"CCR",50,"P2",2024-07-11,10.4,1527.3528,68.58,202.692,22,11.7313,4.8755,45.01,125.515
"CCR",50,"P2",2024-07-11,10.5,1527.3528,68.58,202.692,22,11.7085,4.8788,44.881,125.263
"CCR",50,"P2",2024-07-11,10.6,1527.3528,68.58,202.692,22,11.6939,4.8568,44.658,125.27
"CCR",50,"P2",2024-07-11,10.7,1527.3528,68.58,202.692,22,11.6827,4.8443,44.594,125.534
"CCR",50,"P2",2024-07-11,10.8,1527.3528,68.58,202.692,22,11.6752,4.8177,44.423,125.364
"CCR",50,"P2",2024-07-11,10.9,1527.3528,68.58,202.692,22,11.6793,4.8197,44.281,125.238
"CCR",50,"P2",2024-07-11,11,1527.3528,68.58,202.692,22,11.6699,4.8143,44.092,125.23
"CCR",50,"P2",2024-07-11,11.1,1527.3528,68.58,202.692,22,11.6855,4.7686,44.207,125.383
"CCR",50,"P2",2024-07-11,11.2,1527.3528,68.58,202.692,22,11.6708,4.7994,44.033,125.114
"CCR",50,"P2",2024-07-11,11.3,1527.3528,68.58,202.692,22,11.6471,4.7777,43.852,125.466
"CCR",50,"P2",2024-07-11,11.4,1527.3528,68.58,202.692,22,11.6245,4.7601,43.468,125.668
"CCR",50,"P2",2024-07-11,11.5,1527.3528,68.58,202.692,22,11.6898,4.7282,43.786,125.633
"CCR",50,"P2",2024-07-11,11.6,1527.3528,68.58,202.692,22,11.6289,4.7497,43.478,125.909
"CCR",50,"P2",2024-07-11,11.7,1527.3528,68.58,202.692,22,11.6152,4.7158,43.468,125.713
"CCR",50,"P2",2024-07-11,11.8,1527.3528,68.58,202.692,22,11.5975,4.7429,44.214,125.886
"CCR",50,"P2",2024-07-11,11.9,1527.3528,68.58,202.692,22,11.5984,4.872,44.92,125.72
"CCR",50,"P2",2024-07-11,12,1527.3528,68.58,202.692,22,11.5719,4.9077,45.316,125.868
"CCR",50,"P2",2024-07-11,12.1,1527.3528,68.58,202.692,22,11.5674,4.9187,44.805,125.745
"CCR",50,"P2",2024-07-11,12.2,1527.3528,68.58,202.692,22,11.5439,4.8665,44.163,125.635
"CCR",50,"P2",2024-07-11,12.3,1527.3528,68.58,202.692,22,11.533,4.7599,42.805,125.643
"CCR",50,"P2",2024-07-11,12.4,1527.3528,68.58,202.692,22,11.5284,4.6614,42.654,125.57
"CCR",50,"P2",2024-07-11,12.5,1527.3528,68.58,202.692,22,11.5246,4.6891,43.405,125.707
"CCR",50,"P2",2024-07-11,12.6,1527.3528,68.58,202.692,22,11.5246,4.7281,43.317,125.723
"CCR",50,"P2",2024-07-11,12.7,1527.3528,68.58,202.692,22,11.5132,4.7087,43.212,125.911
"CCR",50,"P2",2024-07-11,12.8,1527.3528,68.58,202.692,22,11.5037,4.7441,44.788,125.894
"CCR",50,"P2",2024-07-11,12.9,1527.3528,68.58,202.692,22,11.5026,4.9385,45.62,125.775
"CCR",50,"P2",2024-07-11,13,1527.3528,68.58,202.692,22,11.5032,4.9424,44.951,125.863
"CCR",50,"P2",2024-07-11,13.1,1527.3528,68.58,202.692,22,11.499,4.8951,45.172,125.939
"CCR",50,"P2",2024-07-11,13.2,1527.3528,68.58,202.692,22,11.4937,4.9362,45.87,126.117
"CCR",50,"P2",2024-07-11,13.3,1527.3528,68.58,202.692,22,11.4889,5.0149,46.296,126.101
"CCR",50,"P2",2024-07-11,13.4,1527.3528,68.58,202.692,22,11.4921,5.0462,46.181,125.987
"CCR",50,"P2",2024-07-11,13.5,1527.3528,68.58,202.692,22,11.4845,5.0295,46.191,126.083
"CCR",50,"P2",2024-07-11,13.6,1527.3528,68.58,202.692,22,11.4997,5.0591,46.299,126.042
"CCR",50,"P2",2024-07-11,13.7,1527.3528,68.58,202.692,22,11.4827,5.0563,46.531,126.15
"CCR",50,"P2",2024-07-11,13.8,1527.3528,68.58,202.692,22,11.4822,5.0685,46.277,126.111
"CCR",50,"P2",2024-07-11,13.9,1527.3528,68.58,202.692,22,11.466,5.0324,45.829,126.17
"CCR",50,"P2",2024-07-11,14,1527.3528,68.58,202.692,22,11.4625,4.986,45.758,125.846
"CCR",50,"P2",2024-07-11,14.1,1527.3528,68.58,202.692,22,11.4557,4.9588,44.857,125.92
"CCR",50,"P2",2024-07-11,14.2,1527.3528,68.58,202.692,22,11.4452,4.7918,42.814,126.086
"CCR",50,"P2",2024-07-11,14.3,1527.3528,68.58,202.692,22,11.4354,4.6926,44.235,126.251
"CCR",50,"P2",2024-07-11,14.4,1527.3528,68.58,202.692,22,11.4352,4.9055,44.902,126.191
"CCR",50,"P2",2024-07-11,14.5,1527.3528,68.58,202.692,22,11.4366,4.8814,44.784,126.162
"CCR",50,"P2",2024-07-11,14.6,1527.3528,68.58,202.692,22,11.4288,4.8899,44.911,126.223
"CCR",50,"P2",2024-07-11,14.7,1527.3528,68.58,202.692,22,11.4256,4.8985,44.726,126.259
"CCR",50,"P2",2024-07-11,14.8,1527.3528,68.58,202.692,22,11.423,4.8784,44.7,126.272
"CCR",50,"P2",2024-07-11,14.9,1527.3528,68.58,202.692,22,11.4242,4.8745,44.841,126.186
"CCR",50,"P2",2024-07-11,15,1527.3528,68.58,202.692,22,11.4183,4.909,44.986,126.242
"CCR",50,"P2",2024-07-11,15.1,1527.3528,68.58,202.692,22,11.4151,4.8931,44.329,126.049
"CCR",50,"P2",2024-07-11,15.2,1527.3528,68.58,202.692,22,11.4098,4.7941,43.81,126.003
"CCR",50,"P2",2024-07-11,15.3,1527.3528,68.58,202.692,22,11.4086,4.7543,43.24,125.959
"CCR",50,"P2",2024-07-11,15.4,1527.3528,68.58,202.692,22,11.4129,4.6924,43.105,125.814
"CCR",50,"P2",2024-07-11,15.5,1527.3528,68.58,202.692,22,11.3974,4.6686,42.133,125.819
"CCR",50,"P2",2024-07-11,15.6,1527.3528,68.58,202.692,22,11.3899,4.5914,41.963,125.792
"CCR",50,"P2",2024-07-11,15.7,1527.3528,68.58,202.692,22,11.3845,4.6001,42.069,125.75
"CCR",50,"P2",2024-07-11,15.8,1527.3528,68.58,202.692,22,11.3917,4.4998,40.903,125.621
"CCR",50,"P2",2024-07-11,15.9,1527.3528,68.58,202.692,22,11.3854,4.2023,37.97,125.511
"CCR",50,"P2",2024-07-11,16,1527.3528,68.58,202.692,22,11.3848,4.1677,37.91,125.51
"CCR",50,"P2",2024-07-11,16.1,1527.3528,68.58,202.692,22,11.3764,4.0922,36.994,125.549
"CCR",50,"P2",2024-07-11,16.2,1527.3528,68.58,202.692,22,11.3743,3.9835,35.269,125.578
"CCR",50,"P2",2024-07-11,16.3,1527.3528,68.58,202.692,22,11.3751,3.7821,34.403,125.721
"CCR",50,"P2",2024-07-11,16.4,1527.3528,68.58,202.692,22,11.3728,3.7617,34.358,125.755
"CCR",50,"P2",2024-07-11,16.5,1527.3528,68.58,202.692,22,11.3757,3.7293,34.278,125.728
"CCR",50,"P2",2024-07-11,16.6,1527.3528,68.58,202.692,22,11.3797,3.7835,34.757,125.836
"CCR",50,"P2",2024-07-11,16.7,1527.3528,68.58,202.692,22,11.3782,3.8008,34.912,125.807
"CCR",50,"P2",2024-07-11,16.8,1527.3528,68.58,202.692,22,11.3673,3.8159,35.161,125.88
"CCR",50,"P2",2024-07-11,16.9,1527.3528,68.58,202.692,22,11.3602,3.8608,36.488,125.809
"CCR",50,"P2",2024-07-11,17,1527.3528,68.58,202.692,22,11.3546,4.143,39.445,125.809
"CCR",50,"P2",2024-07-11,17.1,1527.3528,68.58,202.692,22,11.3597,4.3072,38.563,125.716
"CCR",50,"P2",2024-07-11,17.2,1527.3528,68.58,202.692,22,11.3559,4.2099,38.934,125.682
"CCR",50,"P2",2024-07-11,17.3,1527.3528,68.58,202.692,22,11.3473,4.2488,38.13,125.767
"CCR",50,"P2",2024-07-11,17.4,1527.3528,68.58,202.692,22,11.349,4.0389,36.525,125.792
"CCR",50,"P2",2024-07-11,17.5,1527.3528,68.58,202.692,22,11.3501,4.0355,36.608,125.977
"CCR",50,"P2",2024-07-11,17.6,1527.3528,68.58,202.692,22,11.3436,3.8446,34.309,125.805
"CCR",50,"P2",2024-07-11,17.7,1527.3528,68.58,202.692,22,11.3348,3.7333,34.036,125.948
"CCR",50,"P2",2024-07-11,17.8,1527.3528,68.58,202.692,22,11.3214,3.7331,34.457,126.311
"CCR",50,"P2",2024-07-11,17.9,1527.3528,68.58,202.692,22,11.3056,3.7748,34.013,126.676
"CCR",50,"P2",2024-07-11,18,1527.3528,68.58,202.692,22,11.2939,3.6668,32.21,127.174
"CCR",50,"P2",2024-07-11,18.1,1527.3528,68.58,202.692,22,11.2823,3.4944,30.686,127.679
"CCR",50,"P2",2024-07-11,18.2,1527.3528,68.58,202.692,22,11.2694,3.3616,29.238,127.715
"CCR",50,"P2",2024-07-11,18.3,1527.3528,68.58,202.692,22,11.2645,3.1274,29.202,127.728
"CCR",50,"P2",2024-07-11,18.4,1527.3528,68.58,202.692,22,11.2565,3.2683,29.884,127.768
"CCR",50,"P2",2024-07-11,18.5,1527.3528,68.58,202.692,22,11.2601,3.3004,30.054,128.658
"CCR",50,"P2",2024-07-11,18.6,1527.3528,68.58,202.692,22,11.2062,3.2445,27.145,131.091
"CCR",50,"P2",2024-07-11,18.7,1527.3528,68.58,202.692,22,11.0741,2.5851,17.094,133.768
"CCR",50,"P2",2024-07-11,18.8,1527.3528,68.58,202.692,22,11.0518,1.9248,17.393,133.071
"CCR",50,"P2",2024-07-11,18.9,1527.3528,68.58,202.692,22,10.9213,1.5635,10.473,135.345
"CCR",50,"P2",2024-07-11,19,1527.3528,68.58,202.692,22,10.7889,0.8492,3.647,136.386
"CCR",50,"P2",2024-07-11,19.1,1527.3528,68.58,202.692,22,10.7141,0.1449,0,137.816
"CCR",50,"P2",2024-07-11,19.2,1527.3528,68.58,202.692,22,10.669,0,0,138.884
"CCR",50,"P2",2024-07-11,19.3,1527.3528,68.58,202.692,22,10.6561,0,0,139.898
"CCR",88,"P1",2024-07-11,0.1,1013.7648,68.58,202.692,12.5,28.0512,6.3398,82.329,115.143
"CCR",88,"P1",2024-07-11,0.2,1013.7648,68.58,202.692,12.5,28.0659,6.4042,84.495,115.333
"CCR",88,"P1",2024-07-11,0.3,1013.7648,68.58,202.692,12.5,28.1369,6.5198,88.961,115.406
"CCR",88,"P1",2024-07-11,0.4,1013.7648,68.58,202.692,12.5,28.34,7.873,101.035,116.029
"CCR",88,"P1",2024-07-11,0.5,1013.7648,68.58,202.692,12.5,28.332,7.9172,101.381,116.236
"CCR",88,"P1",2024-07-11,0.6,1013.7648,68.58,202.692,12.5,28.3303,7.9019,101.771,116.288
"CCR",88,"P1",2024-07-11,0.7,1013.7648,68.58,202.692,12.5,27.5304,5.3801,68.02,115.328
"CCR",88,"P1",2024-07-11,0.8,1013.7648,68.58,202.692,12.5,28.0587,6.8487,87.993,115.186
"CCR",88,"P1",2024-07-11,0.9,1013.7648,68.58,202.692,12.5,28.3186,7.8889,101.452,116.258
"CCR",88,"P1",2024-07-11,1,1013.7648,68.58,202.692,12.5,28.3168,7.8926,101.426,116.127
"CCR",88,"P1",2024-07-11,1.1,1013.7648,68.58,202.692,12.5,28.3141,7.8929,101.476,116.262
"CCR",88,"P1",2024-07-11,1.2,1013.7648,68.58,202.692,12.5,28.3113,7.897,101.32,116.326
"CCR",88,"P1",2024-07-11,1.3,1013.7648,68.58,202.692,12.5,28.3058,7.8857,101.457,116.247
"CCR",88,"P1",2024-07-11,1.4,1013.7648,68.58,202.692,12.5,28.301,7.8971,101.278,116.28
"CCR",88,"P1",2024-07-11,1.5,1013.7648,68.58,202.692,12.5,28.2972,7.8891,101.18,116.283
"CCR",88,"P1",2024-07-11,1.6,1013.7648,68.58,202.692,12.5,28.2919,7.8754,101.47,116.299
"CCR",88,"P1",2024-07-11,1.7,1013.7648,68.58,202.692,12.5,28.2858,7.8922,101.531,116.281
"CCR",88,"P1",2024-07-11,1.8,1013.7648,68.58,202.692,12.5,28.2757,7.9081,101.219,116.278
"CCR",88,"P1",2024-07-11,1.9,1013.7648,68.58,202.692,12.5,28.2624,7.8945,100.986,116.302
"CCR",88,"P1",2024-07-11,2,1013.7648,68.58,202.692,12.5,28.2513,7.8694,100.921,116.273
"CCR",88,"P1",2024-07-11,2.1,1013.7648,68.58,202.692,12.5,28.2293,7.8653,100.533,116.245
"CCR",88,"P1",2024-07-11,2.2,1013.7648,68.58,202.692,12.5,28.205,7.849,100.263,116.149
"CCR",88,"P1",2024-07-11,2.3,1013.7648,68.58,202.692,12.5,28.1722,7.8219,100.109,116.121
"CCR",88,"P1",2024-07-11,2.4,1013.7648,68.58,202.692,12.5,28.1596,7.8145,99.957,116.147
"CCR",88,"P1",2024-07-11,2.5,1013.7648,68.58,202.692,12.5,28.1489,7.8012,99.89,116.082
"CCR",88,"P1",2024-07-11,2.6,1013.7648,68.58,202.692,12.5,28.1382,7.7974,99.724,116.203
"CCR",88,"P1",2024-07-11,2.7,1013.7648,68.58,202.692,12.5,28.1288,7.7921,99.296,116.217
"CCR",88,"P1",2024-07-11,2.8,1013.7648,68.58,202.692,12.5,28.122,7.7661,99.049,116.16
"CCR",88,"P1",2024-07-11,2.9,1013.7648,68.58,202.692,12.5,28.1101,7.7375,99.198,116.094
"CCR",88,"P1",2024-07-11,3,1013.7648,68.58,202.692,12.5,28.0864,7.7457,99.216,116.065
"CCR",88,"P1",2024-07-11,3.1,1013.7648,68.58,202.692,12.5,28.0756,7.7557,99.024,116.082
"CCR",88,"P1",2024-07-11,3.2,1013.7648,68.58,202.692,12.5,28.0695,7.747,98.954,116.125
"CCR",88,"P1",2024-07-11,3.3,1013.7648,68.58,202.692,12.5,28.0673,7.7322,99.229,116.157
"CCR",88,"P1",2024-07-11,3.4,1013.7648,68.58,202.692,12.5,28.065,7.7398,99.382,116.129
"CCR",88,"P1",2024-07-11,3.5,1013.7648,68.58,202.692,12.5,28.0602,7.7637,99.356,116.112
"CCR",88,"P1",2024-07-11,3.6,1013.7648,68.58,202.692,12.5,28.0565,7.7702,99.405,116.1
"CCR",88,"P1",2024-07-11,3.7,1013.7648,68.58,202.692,12.5,28.0505,7.7685,99.558,116.064
"CCR",88,"P1",2024-07-11,3.8,1013.7648,68.58,202.692,12.5,28.0438,7.7816,99.48,116.055
"CCR",88,"P1",2024-07-11,3.9,1013.7648,68.58,202.692,12.5,28.0391,7.7851,99.391,116.04
"CCR",88,"P1",2024-07-11,4,1013.7648,68.58,202.692,12.5,28.0315,7.776,99.459,116.07
"CCR",88,"P1",2024-07-11,4.1,1013.7648,68.58,202.692,12.5,28.0226,7.7753,99.639,116.063
"CCR",88,"P1",2024-07-11,4.2,1013.7648,68.58,202.692,12.5,28.0126,7.7923,99.48,116.023
"CCR",88,"P1",2024-07-11,4.3,1013.7648,68.58,202.692,12.5,28.002,7.7916,99.183,115.945
"CCR",88,"P1",2024-07-11,4.4,1013.7648,68.58,202.692,12.5,27.9931,7.768,98.949,115.933
"CCR",88,"P1",2024-07-11,4.5,1013.7648,68.58,202.692,12.5,27.9783,7.7538,98.476,115.973
"CCR",88,"P1",2024-07-11,4.6,1013.7648,68.58,202.692,12.5,27.9525,7.7263,97.829,115.935
"CCR",88,"P1",2024-07-11,4.7,1013.7648,68.58,202.692,12.5,27.9072,7.6871,96.649,115.824
"CCR",88,"P1",2024-07-11,4.8,1013.7648,68.58,202.692,12.5,27.8269,7.6243,94.145,115.694
"CCR",88,"P1",2024-07-11,4.9,1013.7648,68.58,202.692,12.5,27.7364,7.5482,91.27,115.718
"CCR",88,"P1",2024-07-11,5,1013.7648,68.58,202.692,12.5,27.5247,7.325,85.663,115.808
"CCR",88,"P1",2024-07-11,5.1,1013.7648,68.58,202.692,12.5,27.2734,6.7896,80.977,115.618
"CCR",88,"P1",2024-07-11,5.2,1013.7648,68.58,202.692,12.5,27.1219,6.4848,81.06,115.334
"CCR",88,"P1",2024-07-11,5.3,1013.7648,68.58,202.692,12.5,26.7278,6.4903,82.887,114.715
"CCR",88,"P1",2024-07-11,5.4,1013.7648,68.58,202.692,12.5,25.7346,6.7618,91.056,113.661338
"CCR",88,"P1",2024-07-11,5.5,1013.7648,68.58,202.692,12.5,24.2614,7.6406,108.865,115.569
"CCR",88,"P1",2024-07-11,5.6,1013.7648,68.58,202.692,12.5,23.2834,8.9632,116.355,116.087
"CCR",88,"P1",2024-07-11,5.7,1013.7648,68.58,202.692,12.5,22.4028,9.9481,118.048,116.47
"CCR",88,"P1",2024-07-11,5.8,1013.7648,68.58,202.692,12.5,21.7313,10.3698,115.474,116.851
"CCR",88,"P1",2024-07-11,5.9,1013.7648,68.58,202.692,12.5,21.0124,10.2875,110.371,116.939
"CCR",88,"P1",2024-07-11,6,1013.7648,68.58,202.692,12.5,20.6267,9.9763,111.441,117.19
"CCR",88,"P1",2024-07-11,6.1,1013.7648,68.58,202.692,12.5,20.2509,10.0043,113.8,117.673
"CCR",88,"P1",2024-07-11,6.2,1013.7648,68.58,202.692,12.5,19.8441,10.3762,112.549,117.789
"CCR",88,"P1",2024-07-11,6.3,1013.7648,68.58,202.692,12.5,19.5207,10.2643,110.318,117.726
"CCR",88,"P1",2024-07-11,6.4,1013.7648,68.58,202.692,12.5,19.1255,10.2035,107.35,117.769
"CCR",88,"P1",2024-07-11,6.5,1013.7648,68.58,202.692,12.5,18.661,10.0209,100.16,117.294
"CCR",88,"P1",2024-07-11,6.6,1013.7648,68.58,202.692,12.5,18.1513,9.6533,92.508,113.476
"CCR",88,"P1",2024-07-11,7.3,1013.7648,68.58,202.692,12.5,14.9652,4.9695,43.367,122.309
"CCR",88,"P1",2024-07-11,7.4,1013.7648,68.58,202.692,12.5,14.8037,4.5856,43.701,122.48
"CCR",88,"P1",2024-07-11,7.5,1013.7648,68.58,202.692,12.5,14.5072,4.4527,45.613,122.892
"CCR",88,"P1",2024-07-11,7.6,1013.7648,68.58,202.692,12.5,14.1507,4.6832,39.504,123.238
"CCR",88,"P1",2024-07-11,7.7,1013.7648,68.58,202.692,12.5,13.9109,4.3226,32.314,123.131
"CCR",88,"P1",2024-07-11,7.8,1013.7648,68.58,202.692,12.5,13.5899,3.3575,32.366,123.507
"CCR",88,"P1",2024-07-11,7.9,1013.7648,68.58,202.692,12.5,13.2426,3.2461,39.369,123.868
"CCR",88,"P1",2024-07-11,8,1013.7648,68.58,202.692,12.5,12.9993,3.888,43.749,123.859
"CCR",88,"P1",2024-07-11,8.1,1013.7648,68.58,202.692,12.5,12.8274,4.5501,43.364,123.922
"CCR",88,"P1",2024-07-11,8.2,1013.7648,68.58,202.692,12.5,12.6417,4.6048,47.136,124.193
"CCR",88,"P1",2024-07-11,8.3,1013.7648,68.58,202.692,12.5,12.4948,5.0224,54.156,124.491
"CCR",88,"P1",2024-07-11,8.4,1013.7648,68.58,202.692,12.5,12.388,5.646,55.39,124.577
"CCR",88,"P1",2024-07-11,8.5,1013.7648,68.58,202.692,12.5,12.2995,5.927,53.564,124.537
"CCR",88,"P1",2024-07-11,8.6,1013.7648,68.58,202.692,12.5,12.2252,5.741,50.008,124.616
"CCR",88,"P1",2024-07-11,8.7,1013.7648,68.58,202.692,12.5,12.1804,5.3653,46.017,124.593
"CCR",88,"P1",2024-07-11,8.8,1013.7648,68.58,202.692,12.5,12.151,5.0285,44.294,124.74
"CCR",88,"P1",2024-07-11,8.9,1013.7648,68.58,202.692,12.5,12.1042,4.7605,42.164,124.882
"CCR",88,"P1",2024-07-11,9,1013.7648,68.58,202.692,12.5,12.0973,4.5324,41.488,124.974
"CCR",88,"P1",2024-07-11,9.1,1013.7648,68.58,202.692,12.5,12.0821,4.4524,42.457,125.298
"CCR",88,"P1",2024-07-11,9.2,1013.7648,68.58,202.692,12.5,12.0367,4.5703,44.691,125.348
"CCR",88,"P1",2024-07-11,9.3,1013.7648,68.58,202.692,12.5,12.0044,4.8142,45.556,125.383
"CCR",88,"P1",2024-07-11,9.4,1013.7648,68.58,202.692,12.5,11.9815,4.9097,38.512,125.316
"CCR",88,"P1",2024-07-11,9.5,1013.7648,68.58,202.692,12.5,11.9491,3.8144,24.176,125.298
"CCR",88,"P1",2024-07-11,9.6,1013.7648,68.58,202.692,12.5,11.9326,2.446,21.882,125.362
"CCR",88,"P1",2024-07-11,9.7,1013.7648,68.58,202.692,12.5,11.9128,2.4258,25.668,124.719
"CCR",88,"P1",2024-07-11,9.8,1013.7648,68.58,202.692,12.5,11.8853,2.6857,27.563,121.805
"CCR",88,"P1",2024-07-11,10.4,1013.7648,68.58,202.692,12.5,11.8094,3.5676,33.565,125.512
"CCR",88,"P1",2024-07-11,10.5,1013.7648,68.58,202.692,12.5,11.7897,3.6335,34.264,125.521
"CCR",88,"P1",2024-07-11,10.6,1013.7648,68.58,202.692,12.5,11.753,3.7122,35.126,125.673
"CCR",88,"P1",2024-07-11,10.7,1013.7648,68.58,202.692,12.5,11.7334,3.8073,34.835,125.864
"CCR",88,"P1",2024-07-11,10.8,1013.7648,68.58,202.692,12.5,11.7162,3.7496,33.394,125.878
"CCR",88,"P1",2024-07-11,10.9,1013.7648,68.58,202.692,12.5,11.7096,3.6215,32.31,125.837
"CCR",88,"P1",2024-07-11,11,1013.7648,68.58,202.692,12.5,11.6947,3.5051,31.482,125.862
"CCR",88,"P1",2024-07-11,11.1,1013.7648,68.58,202.692,12.5,11.6735,3.4169,31.285,125.868
"CCR",88,"P1",2024-07-11,11.2,1013.7648,68.58,202.692,12.5,11.6562,3.4106,32.564,125.886
"CCR",88,"P1",2024-07-11,11.3,1013.7648,68.58,202.692,12.5,11.6477,3.5736,33.957,126.25
"CCR",88,"P1",2024-07-11,11.4,1013.7648,68.58,202.692,12.5,11.64,3.6883,33.933,127.883
"CCR",88,"P1",2024-07-11,11.5,1013.7648,68.58,202.692,12.5,11.6191,3.6501,29.663,128.267
"CCR",88,"P1",2024-07-11,11.6,1013.7648,68.58,202.692,12.5,11.5612,2.3961,22.556,128.635
"CCR",88,"P1",2024-07-11,11.6,1013.7648,68.58,202.692,12.5,11.5561,2.4212,23.602,128.173
"CCR",90,"C2",2024-07-11,0.1,561.7464,68.58,202.692,5,27.8948,6.5297,85.158,115.358
"CCR",90,"C2",2024-07-11,0.2,561.7464,68.58,202.692,5,28.0556,7.825,100.03,116.14
"CCR",90,"C2",2024-07-11,0.3,561.7464,68.58,202.692,5,28.0624,7.4475,94.657,116.086
"CCR",90,"C2",2024-07-11,0.4,561.7464,68.58,202.692,5,28.0638,7.8098,100.07,116.054
"CCR",90,"C2",2024-07-11,0.5,561.7464,68.58,202.692,5,27.4608,5.0153,61.87,114.792
"CCR",90,"C2",2024-07-11,0.6,561.7464,68.58,202.692,5,28.0685,7.5528,96.544,116.09
"CCR",90,"C2",2024-07-11,0.7,561.7464,68.58,202.692,5,28.0655,7.5626,96.918,116.072
"CCR",90,"C2",2024-07-11,0.8,561.7464,68.58,202.692,5,28.0705,7.548,97.004,116.054
"CCR",90,"C2",2024-07-11,0.9,561.7464,68.58,202.692,5,28.0714,7.5877,96.898,116.121
"CCR",90,"C2",2024-07-11,1,561.7464,68.58,202.692,5,28.0714,7.6087,97.35,115.984
"CCR",90,"C2",2024-07-11,1.1,561.7464,68.58,202.692,5,28.0701,7.6112,97.825,116.151
"CCR",90,"C2",2024-07-11,1.2,561.7464,68.58,202.692,5,28.0716,7.6329,97.322,116.054
"CCR",90,"C2",2024-07-11,1.3,561.7464,68.58,202.692,5,28.071,7.6031,97.325,116.14
"CCR",90,"C2",2024-07-11,1.4,561.7464,68.58,202.692,5,28.0661,7.6252,97.486,116.101
"CCR",90,"C2",2024-07-11,1.5,561.7464,68.58,202.692,5,28.0633,7.5897,96.683,116.11
"CCR",90,"C2",2024-07-11,1.6,561.7464,68.58,202.692,5,28.0632,7.5584,97.379,116.07
"CCR",90,"C2",2024-07-11,1.7,561.7464,68.58,202.692,5,28.0634,7.6341,97.412,116.093
"CCR",90,"C2",2024-07-11,1.8,561.7464,68.58,202.692,5,28.0636,7.6043,97.085,116.065
"CCR",90,"C2",2024-07-11,1.9,561.7464,68.58,202.692,5,28.0608,7.577,97.519,116.097
"CCR",90,"C2",2024-07-11,2,561.7464,68.58,202.692,5,28.0539,7.6476,97.188,116.107
"CCR",90,"C2",2024-07-11,2.1,561.7464,68.58,202.692,5,28.0519,7.6494,97.784,116.127
"CCR",90,"C2",2024-07-11,2.2,561.7464,68.58,202.692,5,28.049,7.6217,97.252,116.097
"CCR",90,"C2",2024-07-11,2.3,561.7464,68.58,202.692,5,28.0448,7.6268,98.285,116.102
"CCR",90,"C2",2024-07-11,2.4,561.7464,68.58,202.692,5,28.035,7.6865,97.836,116.043
"CCR",90,"C2",2024-07-11,2.5,561.7464,68.58,202.692,5,28.024,7.6219,97.703,116.026
"CCR",90,"C2",2024-07-11,2.6,561.7464,68.58,202.692,5,28.0177,7.6531,97.554,115.962
"CCR",90,"C2",2024-07-11,2.7,561.7464,68.58,202.692,5,27.9954,7.609,97.669,116.086
"CCR",90,"C2",2024-07-11,2.8,561.7464,68.58,202.692,5,27.9766,7.6691,97.628,116.046
"CCR",90,"C2",2024-07-11,2.9,561.7464,68.58,202.692,5,27.9693,7.6403,97.628,116.051
"CCR",90,"C2",2024-07-11,3,561.7464,68.58,202.692,5,27.9645,7.6557,98.243,115.974
"CCR",90,"C2",2024-07-11,3.1,561.7464,68.58,202.692,5,27.9481,7.6984,97.834,115.938
"CCR",90,"C2",2024-07-11,3.2,561.7464,68.58,202.692,5,27.9388,7.6506,97.93,115.897
"CCR",90,"C2",2024-07-11,3.3,561.7464,68.58,202.692,5,27.9318,7.6752,97.895,115.976
"CCR",90,"C2",2024-07-11,3.4,561.7464,68.58,202.692,5,27.9325,7.6735,97.821,115.957
"CCR",90,"C2",2024-07-11,3.5,561.7464,68.58,202.692,5,27.9283,7.6589,98.017,115.974
"CCR",90,"C2",2024-07-11,3.6,561.7464,68.58,202.692,5,27.8977,7.6656,97.332,115.89
"CCR",90,"C2",2024-07-11,3.7,561.7464,68.58,202.692,5,27.8725,7.659,97.548,115.929
"CCR",90,"C2",2024-07-11,3.8,561.7464,68.58,202.692,5,27.8547,7.6417,97.04,115.882
"CCR",90,"C2",2024-07-11,3.9,561.7464,68.58,202.692,5,27.8418,7.6186,97.486,115.922
"CCR",90,"C2",2024-07-11,4,561.7464,68.58,202.692,5,27.7961,7.6528,96.919,115.98
"CCR",90,"C2",2024-07-11,4.1,561.7464,68.58,202.692,5,27.7396,7.5842,95.883,115.89
"CCR",90,"C2",2024-07-11,4.2,561.7464,68.58,202.692,5,27.6236,7.5203,94.077,115.821
"CCR",90,"C2",2024-07-11,4.3,561.7464,68.58,202.692,5,27.5468,7.3871,92.705,115.785
"CCR",90,"C2",2024-07-11,4.4,561.7464,68.58,202.692,5,27.5023,7.2869,92.512,115.764
"CCR",90,"C2",2024-07-11,4.4,561.7464,68.58,202.692,5,27.5075,7.3149,93.25,115.716
"CCR",50,"P2",2024-08-14,0.1,1527.3528,68.58,231.648,21,26.7868,7.9724,101.482,115.304
"CCR",50,"P2",2024-08-14,0.2,1527.3528,68.58,231.648,21,26.5679,4.5216,57.865,115.061
"CCR",50,"P2",2024-08-14,0.3,1527.3528,68.58,231.648,21,26.7691,6.4799,80.378,115.585
"CCR",50,"P2",2024-08-14,0.4,1527.3528,68.58,231.648,21,26.8203,8.2059,96.271,116.02
"CCR",50,"P2",2024-08-14,0.5,1527.3528,68.58,231.648,21,26.916,7.983,100.388,116.893
"CCR",50,"P2",2024-08-14,0.6,1527.3528,68.58,231.648,21,26.806,6.381,79.708,115.997
"CCR",50,"P2",2024-08-14,0.7,1527.3528,68.58,231.648,21,26.8177,6.4529,81.779,116.038
"CCR",50,"P2",2024-08-14,0.8,1527.3528,68.58,231.648,21,26.9178,7.9843,100.119,116.976
"CCR",50,"P2",2024-08-14,0.9,1527.3528,68.58,231.648,21,26.9198,8.0108,100.627,116.912
"CCR",50,"P2",2024-08-14,1,1527.3528,68.58,231.648,21,26.9197,8.0251,100.608,116.98
"CCR",50,"P2",2024-08-14,1.1,1527.3528,68.58,231.648,21,26.9193,8.0296,100.47,116.949
"CCR",50,"P2",2024-08-14,1.2,1527.3528,68.58,231.648,21,26.9218,8.0063,100.013,116.954
"CCR",50,"P2",2024-08-14,1.3,1527.3528,68.58,231.648,21,26.9208,7.9874,100.645,116.962
"CCR",50,"P2",2024-08-14,1.4,1527.3528,68.58,231.648,21,26.9215,8.0373,100.879,116.893
"CCR",50,"P2",2024-08-14,1.5,1527.3528,68.58,231.648,21,26.9212,8.0471,100.336,116.872
"CCR",50,"P2",2024-08-14,1.6,1527.3528,68.58,231.648,21,26.9199,7.9928,99.947,116.905
"CCR",50,"P2",2024-08-14,1.7,1527.3528,68.58,231.648,21,26.9175,7.9902,100.244,116.934
"CCR",50,"P2",2024-08-14,1.8,1527.3528,68.58,231.648,21,26.9198,7.9986,100.565,116.851
"CCR",50,"P2",2024-08-14,1.9,1527.3528,68.58,231.648,21,26.9208,8.0183,100.507,116.944
"CCR",50,"P2",2024-08-14,2,1527.3528,68.58,231.648,21,26.9209,8.0274,100.777,116.881
"CCR",50,"P2",2024-08-14,2.1,1527.3528,68.58,231.648,21,26.9196,8.0296,100.346,116.909
"CCR",50,"P2",2024-08-14,2.2,1527.3528,68.58,231.648,21,26.9199,7.998,100.368,116.857
"CCR",50,"P2",2024-08-14,2.3,1527.3528,68.58,231.648,21,26.9211,7.9962,100.186,116.852
"CCR",50,"P2",2024-08-14,2.4,1527.3528,68.58,231.648,21,26.9167,7.9977,100.544,116.916
"CCR",50,"P2",2024-08-14,2.5,1527.3528,68.58,231.648,21,26.9203,8.0303,100.503,116.898
"CCR",50,"P2",2024-08-14,2.6,1527.3528,68.58,231.648,21,26.9196,8.0035,100.238,116.827
"CCR",50,"P2",2024-08-14,2.7,1527.3528,68.58,231.648,21,26.9199,7.9974,100.603,116.897
"CCR",50,"P2",2024-08-14,2.8,1527.3528,68.58,231.648,21,26.9198,8.0171,100.464,116.92
"CCR",50,"P2",2024-08-14,2.9,1527.3528,68.58,231.648,21,26.9187,8.0145,100.726,116.988
"CCR",50,"P2",2024-08-14,3,1527.3528,68.58,231.648,21,26.9165,8.0251,100.309,116.888
"CCR",50,"P2",2024-08-14,3.1,1527.3528,68.58,231.648,21,26.9166,8.0201,100.789,116.916
"CCR",50,"P2",2024-08-14,3.2,1527.3528,68.58,231.648,21,26.9171,8.0214,100.428,116.92
"CCR",50,"P2",2024-08-14,3.3,1527.3528,68.58,231.648,21,26.9168,8.0178,100.408,116.921
"CCR",50,"P2",2024-08-14,3.4,1527.3528,68.58,231.648,21,26.9123,8.0264,100.429,116.982
"CCR",50,"P2",2024-08-14,3.5,1527.3528,68.58,231.648,21,26.9154,8.024,100.497,116.953
"CCR",50,"P2",2024-08-14,3.6,1527.3528,68.58,231.648,21,26.9166,8.005,100.206,116.775
"CCR",50,"P2",2024-08-14,3.7,1527.3528,68.58,231.648,21,26.9172,8.0139,100.397,116.949
"CCR",50,"P2",2024-08-14,3.8,1527.3528,68.58,231.648,21,26.9187,8.0154,100.366,116.882
"CCR",50,"P2",2024-08-14,3.9,1527.3528,68.58,231.648,21,26.9185,8.0308,100.467,116.917
"CCR",50,"P2",2024-08-14,4,1527.3528,68.58,231.648,21,26.916,8.0206,100.298,116.953
"CCR",50,"P2",2024-08-14,4.1,1527.3528,68.58,231.648,21,26.9117,7.9988,100.353,116.899
"CCR",50,"P2",2024-08-14,4.2,1527.3528,68.58,231.648,21,26.9019,8.0175,100.643,116.814
"CCR",50,"P2",2024-08-14,4.3,1527.3528,68.58,231.648,21,26.8915,8.0114,100.251,116.85
"CCR",50,"P2",2024-08-14,4.4,1527.3528,68.58,231.648,21,26.8875,8.0347,100.65,116.869
"CCR",50,"P2",2024-08-14,4.5,1527.3528,68.58,231.648,21,26.8854,7.9781,100.518,116.978
"CCR",50,"P2",2024-08-14,4.6,1527.3528,68.58,231.648,21,26.8754,8.0242,100.226,117.178
"CCR",50,"P2",2024-08-14,4.7,1527.3528,68.58,231.648,21,26.788,8.009,99.532,117.297
"CCR",50,"P2",2024-08-14,4.8,1527.3528,68.58,231.648,21,26.6643,7.9691,99.568,117.637
"CCR",50,"P2",2024-08-14,4.9,1527.3528,68.58,231.648,21,26.6095,7.9817,99.113,117.878
"CCR",50,"P2",2024-08-14,5,1527.3528,68.58,231.648,21,26.5485,7.9546,99.017,118.085
"CCR",50,"P2",2024-08-14,5.1,1527.3528,68.58,231.648,21,26.442,7.9664,98.878,118.704
"CCR",50,"P2",2024-08-14,5.2,1527.3528,68.58,231.648,21,26.2747,7.985,99.072,119.426
"CCR",50,"P2",2024-08-14,5.3,1527.3528,68.58,231.648,21,26.0682,8.0409,99.646,119.324
"CCR",50,"P2",2024-08-14,5.4,1527.3528,68.58,231.648,21,25.7937,8.1127,99.203,119.156
"CCR",50,"P2",2024-08-14,5.5,1527.3528,68.58,231.648,21,25.4934,8.0931,97.795,119.601
"CCR",50,"P2",2024-08-14,5.6,1527.3528,68.58,231.648,21,24.9878,8.0511,98.025,119.976
"CCR",50,"P2",2024-08-14,5.7,1527.3528,68.58,231.648,21,24.6162,8.2263,99.39,119.894
"CCR",50,"P2",2024-08-14,5.8,1527.3528,68.58,231.648,21,24.3147,8.3312,99.93,119.859
"CCR",50,"P2",2024-08-14,5.9,1527.3528,68.58,231.648,21,23.8498,8.4809,100.614,119.929
"CCR",50,"P2",2024-08-14,6,1527.3528,68.58,231.648,21,23.2164,8.53,98.585,119.885
"CCR",50,"P2",2024-08-14,6.1,1527.3528,68.58,231.648,21,22.3337,8.6271,102.163,120.327
"CCR",50,"P2",2024-08-14,6.2,1527.3528,68.58,231.648,21,21.0533,8.2786,77.523,121.33
"CCR",50,"P2",2024-08-14,6.3,1527.3528,68.58,231.648,21,20.9458,7.1343,82.575,121.364
"CCR",50,"P2",2024-08-14,6.4,1527.3528,68.58,231.648,21,20.095,6.9444,64.282,121.846
"CCR",50,"P2",2024-08-14,6.5,1527.3528,68.58,231.648,21,19.7404,5.7155,63.832,121.573
"CCR",50,"P2",2024-08-14,6.6,1527.3528,68.58,231.648,21,19.4575,5.9004,64.056,116.888
"CCR",50,"P2",2024-08-14,7.1,1527.3528,68.58,231.648,21,16.2167,4.7184,49.055,124.729
"CCR",50,"P2",2024-08-14,7.1,1527.3528,68.58,231.648,21,16.0669,4.8034,49.883,124.753
"CCR",50,"P2",2024-08-14,7.2,1527.3528,68.58,231.648,21,15.6924,4.9966,50.405,125
"CCR",50,"P2",2024-08-14,7.3,1527.3528,68.58,231.648,21,15.3204,5.0308,49.54,125.293
"CCR",50,"P2",2024-08-14,7.4,1527.3528,68.58,231.648,21,14.751,4.9587,48.719,125.683
"CCR",50,"P2",2024-08-14,7.5,1527.3528,68.58,231.648,21,14.3837,4.9841,49.1,125.915
"CCR",50,"P2",2024-08-14,7.6,1527.3528,68.58,231.648,21,14.1306,5.0596,49.24,125.956
"CCR",50,"P2",2024-08-14,7.7,1527.3528,68.58,231.648,21,13.9573,5.079,49.184,125.808
"CCR",50,"P2",2024-08-14,7.8,1527.3528,68.58,231.648,21,13.8157,5.0559,47.621,125.852
"CCR",50,"P2",2024-08-14,7.9,1527.3528,68.58,231.648,21,13.7958,4.8351,47.406,125.684
"CCR",50,"P2",2024-08-14,8,1527.3528,68.58,231.648,21,13.6328,4.9837,48.16,125.893
"CCR",50,"P2",2024-08-14,8.1,1527.3528,68.58,231.648,21,13.4247,5.0002,46.745,125.933
"CCR",50,"P2",2024-08-14,8.2,1527.3528,68.58,231.648,21,13.3477,4.822,45.194,125.904
"CCR",50,"P2",2024-08-14,8.3,1527.3528,68.58,231.648,21,13.3024,4.6771,44.282,126.009
"CCR",50,"P2",2024-08-14,8.4,1527.3528,68.58,231.648,21,13.3488,4.6685,46.038,126.005
"CCR",50,"P2",2024-08-14,8.5,1527.3528,68.58,231.648,21,13.3126,4.8811,47.635,126.144
"CCR",50,"P2",2024-08-14,8.6,1527.3528,68.58,231.648,21,13.2391,5.0695,48.987,125.977
"CCR",50,"P2",2024-08-14,8.7,1527.3528,68.58,231.648,21,13.1973,5.0634,45.355,125.859
"CCR",50,"P2",2024-08-14,8.8,1527.3528,68.58,231.648,21,13.1606,4.6323,43.75,125.959
"CCR",50,"P2",2024-08-14,8.9,1527.3528,68.58,231.648,21,13.1343,4.6417,44.777,125.864
"CCR",50,"P2",2024-08-14,9,1527.3528,68.58,231.648,21,13.083,4.7135,45.032,125.865
"CCR",50,"P2",2024-08-14,9.1,1527.3528,68.58,231.648,21,13.0555,4.7457,44.764,125.834
"CCR",50,"P2",2024-08-14,9.2,1527.3528,68.58,231.648,21,13.0253,4.6918,43.743,125.91
"CCR",50,"P2",2024-08-14,9.3,1527.3528,68.58,231.648,21,13.0015,4.5821,43.429,125.887
"CCR",50,"P2",2024-08-14,9.4,1527.3528,68.58,231.648,21,12.9878,4.5852,43.781,125.825
"CCR",50,"P2",2024-08-14,9.5,1527.3528,68.58,231.648,21,12.9421,4.618,43.417,125.847
"CCR",50,"P2",2024-08-14,9.6,1527.3528,68.58,231.648,21,12.9379,4.5501,42.878,126.021
"CCR",50,"P2",2024-08-14,9.7,1527.3528,68.58,231.648,21,12.9194,4.526,42.92,125.954
"CCR",50,"P2",2024-08-14,9.8,1527.3528,68.58,231.648,21,12.9012,4.5241,42.741,125.872
"CCR",50,"P2",2024-08-14,9.9,1527.3528,68.58,231.648,21,12.8996,4.513,42.798,125.807
"CCR",50,"P2",2024-08-14,10,1527.3528,68.58,231.648,21,12.865,4.5178,42.383,125.965
"CCR",50,"P2",2024-08-14,10.1,1527.3528,68.58,231.648,21,12.852,4.4586,41.987,125.754
"CCR",50,"P2",2024-08-14,10.2,1527.3528,68.58,231.648,21,12.8347,4.4334,41.673,125.864
"CCR",50,"P2",2024-08-14,10.3,1527.3528,68.58,231.648,21,12.8237,4.3842,40.908,125.836
"CCR",50,"P2",2024-08-14,10.4,1527.3528,68.58,231.648,21,12.8136,4.2986,40.494,125.732
"CCR",50,"P2",2024-08-14,10.5,1527.3528,68.58,231.648,21,12.8192,4.3135,41.202,125.852
"CCR",50,"P2",2024-08-14,10.6,1527.3528,68.58,231.648,21,12.7899,4.3732,41.182,125.822
"CCR",50,"P2",2024-08-14,10.7,1527.3528,68.58,231.648,21,12.7956,4.3537,41.3,125.831
"CCR",50,"P2",2024-08-14,10.8,1527.3528,68.58,231.648,21,12.7782,4.3755,41.317,125.839
"CCR",50,"P2",2024-08-14,10.9,1527.3528,68.58,231.648,21,12.7696,4.3828,41.62,125.882
"CCR",50,"P2",2024-08-14,11,1527.3528,68.58,231.648,21,12.7678,4.4193,42.165,125.962
"CCR",50,"P2",2024-08-14,11.1,1527.3528,68.58,231.648,21,12.7584,4.5107,43.441,125.987
"CCR",50,"P2",2024-08-14,11.2,1527.3528,68.58,231.648,21,12.7562,4.6103,43.346,125.974
"CCR",50,"P2",2024-08-14,11.3,1527.3528,68.58,231.648,21,12.7432,4.5769,42.415,126.026
"CCR",50,"P2",2024-08-14,11.4,1527.3528,68.58,231.648,21,12.7433,4.4332,41.63,125.924
"CCR",50,"P2",2024-08-14,11.5,1527.3528,68.58,231.648,21,12.7548,4.4324,42.29,126
"CCR",50,"P2",2024-08-14,11.6,1527.3528,68.58,231.648,21,12.7341,4.5097,43.462,125.997
"CCR",50,"P2",2024-08-14,11.7,1527.3528,68.58,231.648,21,12.7273,4.6628,44.566,125.977
"CCR",50,"P2",2024-08-14,11.8,1527.3528,68.58,231.648,21,12.7222,4.724,44.233,125.864
"CCR",50,"P2",2024-08-14,11.9,1527.3528,68.58,231.648,21,12.7197,4.673,43.396,125.942
"CCR",50,"P2",2024-08-14,12,1527.3528,68.58,231.648,21,12.7243,4.5794,42.509,125.827
"CCR",50,"P2",2024-08-14,12.1,1527.3528,68.58,231.648,21,12.7152,4.4712,41.588,125.868
"CCR",50,"P2",2024-08-14,12.2,1527.3528,68.58,231.648,21,12.7169,4.3962,41.643,125.856
"CCR",50,"P2",2024-08-14,12.3,1527.3528,68.58,231.648,21,12.7102,4.4286,42.046,125.79
"CCR",50,"P2",2024-08-14,12.4,1527.3528,68.58,231.648,21,12.6958,4.4772,42.158,125.931
"CCR",50,"P2",2024-08-14,12.5,1527.3528,68.58,231.648,21,12.6919,4.4486,41.814,125.778
"CCR",50,"P2",2024-08-14,12.6,1527.3528,68.58,231.648,21,12.6892,4.4432,41.861,125.978
"CCR",50,"P2",2024-08-14,12.7,1527.3528,68.58,231.648,21,12.6876,4.4292,41.448,126.046
"CCR",50,"P2",2024-08-14,12.8,1527.3528,68.58,231.648,21,12.6867,4.3739,41.73,126.062
"CCR",50,"P2",2024-08-14,12.9,1527.3528,68.58,231.648,21,12.6885,4.5298,43.733,126.155
"CCR",50,"P2",2024-08-14,13,1527.3528,68.58,231.648,21,12.6884,4.7064,44.531,126.202
"CCR",50,"P2",2024-08-14,13.1,1527.3528,68.58,231.648,21,12.6846,4.7253,44.263,125.967
"CCR",50,"P2",2024-08-14,13.2,1527.3528,68.58,231.648,21,12.6814,4.6584,43.568,124.707
"CCR",50,"P2",2024-08-14,13.2,1527.3528,68.58,231.648,21,12.68,4.6384,43.451,122.377
"CCR",50,"P2",2024-08-14,13.7,1527.3528,68.58,231.648,21,12.6758,4.4729,42.146,126.015
"CCR",50,"P2",2024-08-14,13.7,1527.3528,68.58,231.648,21,12.6764,4.4708,42.178,126.093
"CCR",50,"P2",2024-08-14,13.8,1527.3528,68.58,231.648,21,12.6804,4.498,42.773,125.966
"CCR",50,"P2",2024-08-14,13.9,1527.3528,68.58,231.648,21,12.6737,4.5952,43.971,126.2
"CCR",50,"P2",2024-08-14,14,1527.3528,68.58,231.648,21,12.672,4.6918,44.339,126.213
"CCR",50,"P2",2024-08-14,14.1,1527.3528,68.58,231.648,21,12.676,4.6812,43.911,126.181
"CCR",50,"P2",2024-08-14,14.2,1527.3528,68.58,231.648,21,12.676,4.6359,43.314,126.155
"CCR",50,"P2",2024-08-14,14.3,1527.3528,68.58,231.648,21,12.6658,4.5478,42.227,126.129
"CCR",50,"P2",2024-08-14,14.4,1527.3528,68.58,231.648,21,12.6649,4.4627,41.828,126.11
"CCR",50,"P2",2024-08-14,14.5,1527.3528,68.58,231.648,21,12.6656,4.4225,41.665,126.175
"CCR",50,"P2",2024-08-14,14.6,1527.3528,68.58,231.648,21,12.6605,4.4434,41.986,125.997
"CCR",50,"P2",2024-08-14,14.7,1527.3528,68.58,231.648,21,12.6575,4.4531,41.714,126.16
"CCR",50,"P2",2024-08-14,14.8,1527.3528,68.58,231.648,21,12.6569,4.4176,41.482,126.208
"CCR",50,"P2",2024-08-14,14.9,1527.3528,68.58,231.648,21,12.6575,4.3918,41.147,126.161
"CCR",50,"P2",2024-08-14,15,1527.3528,68.58,231.648,21,12.656,4.362,40.863,126.064
"CCR",50,"P2",2024-08-14,15.1,1527.3528,68.58,231.648,21,12.6569,4.3348,40.966,126.03
"CCR",50,"P2",2024-08-14,15.2,1527.3528,68.58,231.648,21,12.6569,4.3485,40.928,126.125
"CCR",50,"P2",2024-08-14,15.3,1527.3528,68.58,231.648,21,12.6541,4.3489,41.053,126.166
"CCR",50,"P2",2024-08-14,15.4,1527.3528,68.58,231.648,21,12.6546,4.3869,41.547,126.025
"CCR",50,"P2",2024-08-14,15.5,1527.3528,68.58,231.648,21,12.6523,4.4123,41.823,126.186
"CCR",50,"P2",2024-08-14,15.6,1527.3528,68.58,231.648,21,12.6477,4.465,41.933,126.06
"CCR",50,"P2",2024-08-14,15.7,1527.3528,68.58,231.648,21,12.6425,4.426,41.083,126.2
"CCR",50,"P2",2024-08-14,15.8,1527.3528,68.58,231.648,21,12.6395,4.3279,39.28,126.053
"CCR",50,"P2",2024-08-14,15.9,1527.3528,68.58,231.648,21,12.6386,3.9503,35.251,125.978
"CCR",50,"P2",2024-08-14,16,1527.3528,68.58,231.648,21,12.6375,3.7511,36.618,126.065
"CCR",50,"P2",2024-08-14,16.1,1527.3528,68.58,231.648,21,12.6355,3.9475,37.808,126.078
"CCR",50,"P2",2024-08-14,16.2,1527.3528,68.58,231.648,21,12.6324,4.0557,38.725,125.991
"CCR",50,"P2",2024-08-14,16.3,1527.3528,68.58,231.648,21,12.63,4.1415,39.234,125.993
"CCR",50,"P2",2024-08-14,16.4,1527.3528,68.58,231.648,21,12.6263,4.1815,39.497,125.814
"CCR",50,"P2",2024-08-14,16.5,1527.3528,68.58,231.648,21,12.6229,4.1868,38.859,125.996
"CCR",50,"P2",2024-08-14,16.6,1527.3528,68.58,231.648,21,12.617,4.0694,37.249,125.954
"CCR",50,"P2",2024-08-14,16.7,1527.3528,68.58,231.648,21,12.6126,3.9264,36.633,126.253
"CCR",50,"P2",2024-08-14,16.8,1527.3528,68.58,231.648,21,12.6113,3.881,36.177,126.578
"CCR",50,"P2",2024-08-14,16.9,1527.3528,68.58,231.648,21,12.6102,3.8361,35.255,126.392
"CCR",50,"P2",2024-08-14,17,1527.3528,68.58,231.648,21,12.6083,3.7461,33.578,123.225
"CCR",50,"P2",2024-08-14,17.4,1527.3528,68.58,231.648,21,12.5811,3.3805,30.63,127.74
"CCR",50,"P2",2024-08-14,17.5,1527.3528,68.58,231.648,21,12.573,3.2431,30.505,128.163
"CCR",50,"P2",2024-08-14,17.6,1527.3528,68.58,231.648,21,12.5542,3.1784,27.658,129.131
"CCR",50,"P2",2024-08-14,17.7,1527.3528,68.58,231.648,21,12.5359,2.8087,23.846,129.794
"CCR",50,"P2",2024-08-14,17.8,1527.3528,68.58,231.648,21,12.5084,2.3411,20.077,130.666
"CCR",50,"P2",2024-08-14,17.9,1527.3528,68.58,231.648,21,12.4848,2.0241,18.7,131.848
"CCR",50,"P2",2024-08-14,18,1527.3528,68.58,231.648,21,12.4188,1.986,17.397,132.959
"CCR",50,"P2",2024-08-14,18.1,1527.3528,68.58,231.648,21,12.3076,1.8073,14.291,134.666
"CCR",50,"P2",2024-08-14,18.2,1527.3528,68.58,231.648,21,12.1947,1.4337,8.245,136.662
"CCR",50,"P2",2024-08-14,18.3,1527.3528,68.58,231.648,21,12.0711,0.3658,0,139.676
"CCR",88,"P1",2024-08-14,0.1,1013.7648,68.58,231.648,11,26.6544,4.7081,58.926,115.577
"CCR",88,"P1",2024-08-14,0.2,1013.7648,68.58,231.648,11,26.6785,5.4035,68.658,115.622
"CCR",88,"P1",2024-08-14,0.3,1013.7648,68.58,231.648,11,26.6107,5.5774,68.991,115.829
"CCR",88,"P1",2024-08-14,0.4,1013.7648,68.58,231.648,11,26.5138,6.2361,79.123,115.867
"CCR",88,"P1",2024-08-14,0.5,1013.7648,68.58,231.648,11,26.4998,5.9181,78.437,115.871
"CCR",88,"P1",2024-08-14,0.6,1013.7648,68.58,231.648,11,26.5698,5.7121,75.039,116.014
"CCR",88,"P1",2024-08-14,0.7,1013.7648,68.58,231.648,11,26.8634,8.105,101.223,116.901
"CCR",88,"P1",2024-08-14,0.8,1013.7648,68.58,231.648,11,26.7016,5.8028,70.869,115.753
"CCR",88,"P1",2024-08-14,0.9,1013.7648,68.58,231.648,11,26.7628,6.0247,72.458,115.578
"CCR",88,"P1",2024-08-14,1,1013.7648,68.58,231.648,11,26.8731,8.0392,100.991,116.888
"CCR",88,"P1",2024-08-14,1.1,1013.7648,68.58,231.648,11,26.8733,8.075,101.233,116.909
"CCR",88,"P1",2024-08-14,1.2,1013.7648,68.58,231.648,11,26.873,8.0761,101.171,116.845
"CCR",88,"P1",2024-08-14,1.3,1013.7648,68.58,231.648,11,26.8726,8.0921,101.435,116.907
"CCR",88,"P1",2024-08-14,1.4,1013.7648,68.58,231.648,11,26.8708,8.0788,101.196,116.88
"CCR",88,"P1",2024-08-14,1.5,1013.7648,68.58,231.648,11,26.8707,8.0957,101.296,116.922
"CCR",88,"P1",2024-08-14,1.6,1013.7648,68.58,231.648,11,26.8701,8.0825,101.208,116.804
"CCR",88,"P1",2024-08-14,1.7,1013.7648,68.58,231.648,11,26.8693,8.0938,101.322,116.922
"CCR",88,"P1",2024-08-14,1.8,1013.7648,68.58,231.648,11,26.869,8.1107,101.232,116.889
"CCR",88,"P1",2024-08-14,1.9,1013.7648,68.58,231.648,11,26.8661,8.0832,101.726,116.978
"CCR",88,"P1",2024-08-14,2,1013.7648,68.58,231.648,11,26.8651,8.0723,101.095,116.985
"CCR",88,"P1",2024-08-14,2.1,1013.7648,68.58,231.648,11,26.8677,8.0857,101.405,116.938
"CCR",88,"P1",2024-08-14,2.2,1013.7648,68.58,231.648,11,26.8677,8.1028,101.462,116.848
"CCR",88,"P1",2024-08-14,2.3,1013.7648,68.58,231.648,11,26.8656,8.0953,101.528,116.96
"CCR",88,"P1",2024-08-14,2.4,1013.7648,68.58,231.648,11,26.8606,8.1255,101.767,116.944
"CCR",88,"P1",2024-08-14,2.5,1013.7648,68.58,231.648,11,26.8593,8.1316,101.813,116.945
"CCR",88,"P1",2024-08-14,2.6,1013.7648,68.58,231.648,11,26.8586,8.1203,101.283,116.988
"CCR",88,"P1",2024-08-14,2.7,1013.7648,68.58,231.648,11,26.858,8.0922,101.674,116.928
"CCR",88,"P1",2024-08-14,2.8,1013.7648,68.58,231.648,11,26.8566,8.1246,101.633,117.002
"CCR",88,"P1",2024-08-14,2.9,1013.7648,68.58,231.648,11,26.8571,8.1075,101.558,116.907
"CCR",88,"P1",2024-08-14,3,1013.7648,68.58,231.648,11,26.8564,8.1128,101.503,116.988
"CCR",88,"P1",2024-08-14,3.1,1013.7648,68.58,231.648,11,26.8539,8.1108,101.595,117.07
"CCR",88,"P1",2024-08-14,3.2,1013.7648,68.58,231.648,11,26.8531,8.1082,101.354,117.066
"CCR",88,"P1",2024-08-14,3.3,1013.7648,68.58,231.648,11,26.8534,8.0912,101.154,116.979
"CCR",88,"P1",2024-08-14,3.4,1013.7648,68.58,231.648,11,26.8443,8.0904,101.088,116.946
"CCR",88,"P1",2024-08-14,3.5,1013.7648,68.58,231.648,11,26.7964,8.072,100.197,117.021
"CCR",88,"P1",2024-08-14,3.6,1013.7648,68.58,231.648,11,26.7975,8.0002,100.391,117.15
"CCR",88,"P1",2024-08-14,3.7,1013.7648,68.58,231.648,11,26.8376,8.0459,101.861,116.995
"CCR",88,"P1",2024-08-14,3.8,1013.7648,68.58,231.648,11,26.8488,8.136,101.774,116.852
"CCR",88,"P1",2024-08-14,3.9,1013.7648,68.58,231.648,11,26.8488,8.1234,101.486,116.96
"CCR",88,"P1",2024-08-14,4,1013.7648,68.58,231.648,11,26.8486,8.1015,101.164,116.959
"CCR",88,"P1",2024-08-14,4.1,1013.7648,68.58,231.648,11,26.8468,8.0701,100.923,116.967
"CCR",88,"P1",2024-08-14,4.2,1013.7648,68.58,231.648,11,26.8434,8.0554,100.595,116.946
"CCR",88,"P1",2024-08-14,4.3,1013.7648,68.58,231.648,11,26.8402,8.0256,100.362,116.919
"CCR",88,"P1",2024-08-14,4.4,1013.7648,68.58,231.648,11,26.834,8.0058,99.637,116.944
"CCR",88,"P1",2024-08-14,4.5,1013.7648,68.58,231.648,11,26.8148,7.9631,98.291,117.033
"CCR",88,"P1",2024-08-14,4.6,1013.7648,68.58,231.648,11,26.7582,7.813,96.003,117.668
"CCR",88,"P1",2024-08-14,4.7,1013.7648,68.58,231.648,11,26.6849,7.7417,99.389,117.789
"CCR",88,"P1",2024-08-14,4.8,1013.7648,68.58,231.648,11,26.658,8.0277,99.485,117.245
"CCR",88,"P1",2024-08-14,4.9,1013.7648,68.58,231.648,11,26.588,7.9625,97.086,116.276
"CCR",88,"P1",2024-08-14,5,1013.7648,68.58,231.648,11,26.4448,7.7312,92.574,115.577
"CCR",88,"P1",2024-08-14,5.1,1013.7648,68.58,231.648,11,26.3081,7.4342,91.243,115.321
"CCR",88,"P1",2024-08-14,5.2,1013.7648,68.58,231.648,11,26.1749,7.3459,89.494,115.057
"CCR",88,"P1",2024-08-14,5.3,1013.7648,68.58,231.648,11,25.9691,7.2394,88.768,114.888
"CCR",88,"P1",2024-08-14,5.4,1013.7648,68.58,231.648,11,25.6727,7.2937,93.44,115.267
"CCR",88,"P1",2024-08-14,5.5,1013.7648,68.58,231.648,11,25.4599,7.7438,97.081,115.61
"CCR",88,"P1",2024-08-14,5.6,1013.7648,68.58,231.648,11,25.2504,8.0052,98.326,115.775
"CCR",88,"P1",2024-08-14,5.7,1013.7648,68.58,231.648,11,25.074,8.1462,98.881,115.548253
"CCR",88,"P1",2024-08-14,5.8,1013.7648,68.58,231.648,11,24.7866,8.1852,96.5,116.311
"CCR",88,"P1",2024-08-14,5.9,1013.7648,68.58,231.648,11,24.4218,8.0148,97.116,116.588
"CCR",88,"P1",2024-08-14,6,1013.7648,68.58,231.648,11,24.0727,8.2327,98.997,116.814
"CCR",88,"P1",2024-08-14,6.1,1013.7648,68.58,231.648,11,23.6546,8.3181,94.023,117.189
"CCR",88,"P1",2024-08-14,6.2,1013.7648,68.58,231.648,11,23.179,7.9765,92.384,117.909
"CCR",88,"P1",2024-08-14,6.3,1013.7648,68.58,231.648,11,22.7309,7.9619,90.112,118.455
"CCR",88,"P1",2024-08-14,6.4,1013.7648,68.58,231.648,11,21.9135,7.6965,67.995,119.545
"CCR",88,"P1",2024-08-14,6.5,1013.7648,68.58,231.648,11,21.1187,5.4545,44.916,120.103
"CCR",88,"P1",2024-08-14,6.6,1013.7648,68.58,231.648,11,20.6424,3.9791,50.08,120.891
"CCR",88,"P1",2024-08-14,6.7,1013.7648,68.58,231.648,11,19.8532,4.9664,59.644,121.426
"CCR",88,"P1",2024-08-14,6.8,1013.7648,68.58,231.648,11,19.0111,5.5304,56.436,122.424
"CCR",88,"P1",2024-08-14,6.9,1013.7648,68.58,231.648,11,17.6922,5.1713,40.773,124.013
"CCR",88,"P1",2024-08-14,7,1013.7648,68.58,231.648,11,16.6803,3.9562,28.925,124.575
"CCR",88,"P1",2024-08-14,7.1,1013.7648,68.58,231.648,11,16.0558,2.8148,33.14,124.777
"CCR",88,"P1",2024-08-14,7.2,1013.7648,68.58,231.648,11,15.5684,3.3656,31.669,123.027
"CCR",88,"P1",2024-08-14,7.2,1013.7648,68.58,231.648,11,15.4111,3.3836,30.79,121.681
"CCR",88,"P1",2024-08-14,7.8,1013.7648,68.58,231.648,11,13.7018,3.9683,42.732,125.558
"CCR",88,"P1",2024-08-14,7.8,1013.7648,68.58,231.648,11,13.6797,4.0754,43.752,125.578
"CCR",88,"P1",2024-08-14,7.9,1013.7648,68.58,231.648,11,13.5913,4.6347,45.591,125.546
"CCR",88,"P1",2024-08-14,8,1013.7648,68.58,231.648,11,13.5128,4.6657,43.931,125.685
"CCR",88,"P1",2024-08-14,8.1,1013.7648,68.58,231.648,11,13.4266,4.5887,44.644,125.764
"CCR",88,"P1",2024-08-14,8.2,1013.7648,68.58,231.648,11,13.3451,4.6802,45.065,125.669
"CCR",88,"P1",2024-08-14,8.3,1013.7648,68.58,231.648,11,13.2765,4.7176,45.342,124.951
"CCR",88,"P1",2024-08-14,8.4,1013.7648,68.58,231.648,11,13.2344,4.7464,45.034,121.987
"CCR",88,"P1",2024-08-14,9,1013.7648,68.58,231.648,11,13.0892,4.3443,40.813,125.855
"CCR",88,"P1",2024-08-14,9,1013.7648,68.58,231.648,11,13.0661,4.3319,40.126,126.004
"CCR",88,"P1",2024-08-14,9.1,1013.7648,68.58,231.648,11,13.0304,4.2235,38.238,126.099
"CCR",88,"P1",2024-08-14,9.2,1013.7648,68.58,231.648,11,13.0104,3.979,36.075,126.388
"CCR",88,"P1",2024-08-14,9.3,1013.7648,68.58,231.648,11,12.9985,3.7456,32.925,126.559
"CCR",88,"P1",2024-08-14,9.4,1013.7648,68.58,231.648,11,12.992,3.4686,30.941,126.531
"CCR",88,"P1",2024-08-14,9.5,1013.7648,68.58,231.648,11,12.9869,3.2599,30.514,126.378
"CCR",88,"P1",2024-08-14,9.6,1013.7648,68.58,231.648,11,12.9735,3.2309,32.048,126.268
"CCR",88,"P1",2024-08-14,9.7,1013.7648,68.58,231.648,11,12.9631,3.4235,34.213,126.218
"CCR",88,"P1",2024-08-14,9.8,1013.7648,68.58,231.648,11,12.9491,3.6573,36.473,126.065
"CCR",88,"P1",2024-08-14,9.9,1013.7648,68.58,231.648,11,12.9247,3.9179,38.492,125.778
"CCR",88,"P1",2024-08-14,10,1013.7648,68.58,231.648,11,12.8993,4.2027,40.997,125.911
"CCR",88,"P1",2024-08-14,10.1,1013.7648,68.58,231.648,11,12.893,4.3119,40.137,125.985
"CCR",88,"P1",2024-08-14,10.2,1013.7648,68.58,231.648,11,12.8795,4.2092,38.607,126.23
"CCR",88,"P1",2024-08-14,10.3,1013.7648,68.58,231.648,11,12.8706,3.9594,35.741,126.256
"CCR",88,"P1",2024-08-14,10.4,1013.7648,68.58,231.648,11,12.8701,3.7546,35.843,126.164
"CCR",88,"P1",2024-08-14,10.5,1013.7648,68.58,231.648,11,12.8715,3.8252,36.092,126.373
"CCR",88,"P1",2024-08-14,10.5,1013.7648,68.58,231.648,11,12.8896,3.8052,36.344,126.218
"CCR",90,"C2",2024-08-14,0.1,561.7464,68.58,231.648,4.5,26.7697,8.457,106.499,115.903
"CCR",90,"C2",2024-08-14,0.2,561.7464,68.58,231.648,4.5,26.6354,5.8635,70.419,115.766
"CCR",90,"C2",2024-08-14,0.3,561.7464,68.58,231.648,4.5,26.4823,4.3528,56.546,116.046
"CCR",90,"C2",2024-08-14,0.4,561.7464,68.58,231.648,4.5,26.8819,7.9066,99.05,116.52
"CCR",90,"C2",2024-08-14,0.5,561.7464,68.58,231.648,4.5,26.82,6.0576,79.263,115.451
"CCR",90,"C2",2024-08-14,0.6,561.7464,68.58,231.648,4.5,26.8859,7.9012,99,116.476
"CCR",90,"C2",2024-08-14,0.7,561.7464,68.58,231.648,4.5,26.8516,6.2468,76.071,116.095
"CCR",90,"C2",2024-08-14,0.8,561.7464,68.58,231.648,4.5,26.8814,7.903,99.042,116.479
"CCR",90,"C2",2024-08-14,0.9,561.7464,68.58,231.648,4.5,26.8815,7.8906,98.875,116.548
"CCR",90,"C2",2024-08-14,1,561.7464,68.58,231.648,4.5,26.8785,7.8949,98.838,116.572
"CCR",90,"C2",2024-08-14,1.1,561.7464,68.58,231.648,4.5,26.8783,7.8909,98.649,116.481
"CCR",90,"C2",2024-08-14,1.2,561.7464,68.58,231.648,4.5,26.879,7.8775,99.217,116.491
"CCR",90,"C2",2024-08-14,1.3,561.7464,68.58,231.648,4.5,26.8816,7.9366,99.189,116.542
"CCR",90,"C2",2024-08-14,1.4,561.7464,68.58,231.648,4.5,26.8736,7.8828,98.495,116.495
"CCR",90,"C2",2024-08-14,1.5,561.7464,68.58,231.648,4.5,26.8626,7.8621,98.335,116.474
"CCR",90,"C2",2024-08-14,1.6,561.7464,68.58,231.648,4.5,26.8456,7.8481,98.14,116.436
"CCR",90,"C2",2024-08-14,1.7,561.7464,68.58,231.648,4.5,26.8281,7.8309,97.588,116.41
"CCR",90,"C2",2024-08-14,1.8,561.7464,68.58,231.648,4.5,26.8216,7.7857,97.46,116.386
"CCR",90,"C2",2024-08-14,1.9,561.7464,68.58,231.648,4.5,26.8196,7.8132,97.58,116.312
"CCR",90,"C2",2024-08-14,2,561.7464,68.58,231.648,4.5,26.817,7.7869,97.548,114.763
"CCR",90,"C2",2024-08-14,2,561.7464,68.58,231.648,4.5,26.8169,7.7922,97.538,111.853
"CCR",90,"C2",2024-08-14,2.4,561.7464,68.58,231.648,4.5,26.7924,7.7242,96.395,116.385
"CCR",90,"C2",2024-08-14,2.5,561.7464,68.58,231.648,4.5,26.7917,7.7107,96.684,116.29
"CCR",90,"C2",2024-08-14,2.6,561.7464,68.58,231.648,4.5,26.7896,7.7425,96.896,116.483
"CCR",90,"C2",2024-08-14,2.7,561.7464,68.58,231.648,4.5,26.7915,7.7318,96.844,116.432
"CCR",90,"C2",2024-08-14,2.8,561.7464,68.58,231.648,4.5,26.7939,7.7817,97.034,116.352
"CCR",90,"C2",2024-08-14,2.9,561.7464,68.58,231.648,4.5,26.7805,7.7455,96.568,116.344
"CCR",90,"C2",2024-08-14,3,561.7464,68.58,231.648,4.5,26.7688,7.687,95.563,116.279
"CCR",90,"C2",2024-08-14,3.1,561.7464,68.58,231.648,4.5,26.7559,7.6427,95.516,116.295
"CCR",90,"C2",2024-08-14,3.2,561.7464,68.58,231.648,4.5,26.7453,7.6491,95.934,116.278
"CCR",90,"C2",2024-08-14,3.3,561.7464,68.58,231.648,4.5,26.7386,7.6679,95.737,116.306
"CCR",90,"C2",2024-08-14,3.4,561.7464,68.58,231.648,4.5,26.732,7.6802,95.766,116.37
"CCR",90,"C2",2024-08-14,3.5,561.7464,68.58,231.648,4.5,26.722,7.6674,95.711,116.395
"CCR",90,"C2",2024-08-14,3.6,561.7464,68.58,231.648,4.5,26.6888,7.6664,95.81,116.187
"CCR",90,"C2",2024-08-14,3.7,561.7464,68.58,231.648,4.5,26.5878,7.6818,95.284,116.067
"CCR",90,"C2",2024-08-14,3.8,561.7464,68.58,231.648,4.5,26.4238,7.629,92.525,116.214
"CCR",90,"C2",2024-08-14,3.9,561.7464,68.58,231.648,4.5,26.3818,7.4414,93.241,116.338
"CCR",50,"P2",2024-09-16,0.1,1527.3528,0.9144,326.7456,19,23.1223,8.1349,84.748,119.361
"CCR",50,"P2",2024-09-16,0.2,1527.3528,0.9144,326.7456,19,23.1925,8.831,103.117,120.705
"CCR",50,"P2",2024-09-16,0.3,1527.3528,0.9144,326.7456,19,23.2199,8.8562,103.693,120.788
"CCR",50,"P2",2024-09-16,0.4,1527.3528,0.9144,326.7456,19,23.2187,8.8253,103.291,120.797
"CCR",50,"P2",2024-09-16,0.5,1527.3528,0.9144,326.7456,19,23.2205,8.8194,103.33,120.8
"CCR",50,"P2",2024-09-16,0.6,1527.3528,0.9144,326.7456,19,23.2216,8.842,103.662,120.771
"CCR",50,"P2",2024-09-16,0.7,1527.3528,0.9144,326.7456,19,23.219,8.8468,103.744,120.681
"CCR",50,"P2",2024-09-16,0.8,1527.3528,0.9144,326.7456,19,23.2209,8.8458,103.414,120.812
"CCR",50,"P2",2024-09-16,0.9,1527.3528,0.9144,326.7456,19,23.2218,8.8202,103.405,120.752
"CCR",50,"P2",2024-09-16,1,1527.3528,0.9144,326.7456,19,23.2215,8.8549,103.568,120.821
"CCR",50,"P2",2024-09-16,1.1,1527.3528,0.9144,326.7456,19,23.2218,8.8464,103.717,120.757
"CCR",50,"P2",2024-09-16,1.2,1527.3528,0.9144,326.7456,19,23.2218,8.8616,103.661,120.849
"CCR",50,"P2",2024-09-16,1.3,1527.3528,0.9144,326.7456,19,23.2224,8.8404,103.644,120.77
"CCR",50,"P2",2024-09-16,1.4,1527.3528,0.9144,326.7456,19,23.2226,8.8628,103.849,120.671
"CCR",50,"P2",2024-09-16,1.5,1527.3528,0.9144,326.7456,19,23.2236,8.8653,103.583,120.644
"CCR",50,"P2",2024-09-16,1.6,1527.3528,0.9144,326.7456,19,23.2233,8.8402,103.644,120.728
"CCR",50,"P2",2024-09-16,1.7,1527.3528,0.9144,326.7456,19,23.2226,8.8592,103.609,120.701
"CCR",50,"P2",2024-09-16,1.8,1527.3528,0.9144,326.7456,19,23.22,8.8431,103.569,120.748
"CCR",50,"P2",2024-09-16,1.9,1527.3528,0.9144,326.7456,19,23.2162,8.8288,102.999,120.701
"CCR",50,"P2",2024-09-16,2,1527.3528,0.9144,326.7456,19,23.2172,8.8309,103.738,120.811
"CCR",50,"P2",2024-09-16,2.1,1527.3528,0.9144,326.7456,19,23.2183,8.8147,103.427,120.807
"CCR",50,"P2",2024-09-16,2.2,1527.3528,0.9144,326.7456,19,23.2181,8.8507,103.541,120.774
"CCR",50,"P2",2024-09-16,2.3,1527.3528,0.9144,326.7456,19,23.2176,8.8347,103.285,120.691
"CCR",50,"P2",2024-09-16,2.4,1527.3528,0.9144,326.7456,19,23.2193,8.8419,103.725,120.666
"CCR",50,"P2",2024-09-16,2.5,1527.3528,0.9144,326.7456,19,23.2201,8.8545,103.521,120.792
"CCR",50,"P2",2024-09-16,2.6,1527.3528,0.9144,326.7456,19,23.2194,8.8353,103.611,120.832
"CCR",50,"P2",2024-09-16,2.7,1527.3528,0.9144,326.7456,19,23.219,8.8579,103.7,120.717
"CCR",50,"P2",2024-09-16,2.8,1527.3528,0.9144,326.7456,19,23.2197,8.8433,103.575,120.658
"CCR",50,"P2",2024-09-16,2.9,1527.3528,0.9144,326.7456,19,23.221,8.8388,103.46,120.711
"CCR",50,"P2",2024-09-16,3,1527.3528,0.9144,326.7456,19,23.2213,8.8367,103.474,120.74
"CCR",50,"P2",2024-09-16,3.1,1527.3528,0.9144,326.7456,19,23.2203,8.8329,103.482,120.862
"CCR",50,"P2",2024-09-16,3.2,1527.3528,0.9144,326.7456,19,23.2209,8.8404,103.412,120.787
"CCR",50,"P2",2024-09-16,3.3,1527.3528,0.9144,326.7456,19,23.2182,8.8221,103.323,120.756
"CCR",50,"P2",2024-09-16,3.4,1527.3528,0.9144,326.7456,19,23.2138,8.802,102.659,120.729
"CCR",50,"P2",2024-09-16,3.5,1527.3528,0.9144,326.7456,19,23.2117,8.807,103.644,120.699
"CCR",50,"P2",2024-09-16,3.6,1527.3528,0.9144,326.7456,19,23.2108,8.8317,103.263,120.639
"CCR",50,"P2",2024-09-16,3.7,1527.3528,0.9144,326.7456,19,23.212,8.8277,103.344,120.758
"CCR",50,"P2",2024-09-16,3.8,1527.3528,0.9144,326.7456,19,23.2121,8.792,103.023,120.723
"CCR",50,"P2",2024-09-16,3.9,1527.3528,0.9144,326.7456,19,23.2119,8.822,103.507,120.747
"CCR",50,"P2",2024-09-16,4,1527.3528,0.9144,326.7456,19,23.2116,8.8368,103.438,120.686
"CCR",50,"P2",2024-09-16,4.1,1527.3528,0.9144,326.7456,19,23.2104,8.8301,103.102,120.725
"CCR",50,"P2",2024-09-16,4.2,1527.3528,0.9144,326.7456,19,23.2093,8.8033,103.082,120.808
"CCR",50,"P2",2024-09-16,4.3,1527.3528,0.9144,326.7456,19,23.2101,8.811,103.04,120.863
"CCR",50,"P2",2024-09-16,4.4,1527.3528,0.9144,326.7456,19,23.2105,8.7993,103.383,120.631
"CCR",50,"P2",2024-09-16,4.5,1527.3528,0.9144,326.7456,19,23.2111,8.8195,103.076,120.602
"CCR",50,"P2",2024-09-16,4.6,1527.3528,0.9144,326.7456,19,23.2104,8.8382,103.688,120.671
"CCR",50,"P2",2024-09-16,4.7,1527.3528,0.9144,326.7456,19,23.2036,8.8208,103.315,120.852
"CCR",50,"P2",2024-09-16,4.8,1527.3528,0.9144,326.7456,19,23.1996,8.8056,102.725,120.729
"CCR",50,"P2",2024-09-16,4.9,1527.3528,0.9144,326.7456,19,23.1975,8.7904,103.262,120.6
"CCR",50,"P2",2024-09-16,5,1527.3528,0.9144,326.7456,19,23.1904,8.8277,103.085,120.64
"CCR",50,"P2",2024-09-16,5.1,1527.3528,0.9144,326.7456,19,23.1789,8.7943,102.672,120.757
"CCR",50,"P2",2024-09-16,5.2,1527.3528,0.9144,326.7456,19,23.1616,8.7547,102.656,120.757
"CCR",50,"P2",2024-09-16,5.3,1527.3528,0.9144,326.7456,19,23.1445,8.7899,102.737,120.754
"CCR",50,"P2",2024-09-16,5.4,1527.3528,0.9144,326.7456,19,23.1263,8.7702,102.392,120.764
"CCR",50,"P2",2024-09-16,5.5,1527.3528,0.9144,326.7456,19,23.1206,8.7435,102.009,120.843
"CCR",50,"P2",2024-09-16,5.6,1527.3528,0.9144,326.7456,19,23.1231,8.734,102.253,120.699
"CCR",50,"P2",2024-09-16,5.7,1527.3528,0.9144,326.7456,19,23.1163,8.7489,102.189,120.74
"CCR",50,"P2",2024-09-16,5.8,1527.3528,0.9144,326.7456,19,23.1061,8.7396,101.363,120.837
"CCR",50,"P2",2024-09-16,5.9,1527.3528,0.9144,326.7456,19,22.9045,8.59,93.246,121.091
"CCR",50,"P2",2024-09-16,6,1527.3528,0.9144,326.7456,19,22.3539,7.8433,77.863,121.562
"CCR",50,"P2",2024-09-16,6.1,1527.3528,0.9144,326.7456,19,21.7756,6.4782,71.913,121.287
"CCR",50,"P2",2024-09-16,6.1,1527.3528,0.9144,326.7456,19,21.5909,6.3352,72.758,116.941
"CCR",50,"P2",2024-09-16,6.7,1527.3528,0.9144,326.7456,19,20.1081,5.1711,57.035,123.643
"CCR",50,"P2",2024-09-16,6.7,1527.3528,0.9144,326.7456,19,20.0773,5.1639,57.072,123.674
"CCR",50,"P2",2024-09-16,6.8,1527.3528,0.9144,326.7456,19,19.8253,5.1189,54.958,123.855
"CCR",50,"P2",2024-09-16,6.9,1527.3528,0.9144,326.7456,19,19.4407,4.9357,52.446,124.279
"CCR",50,"P2",2024-09-16,7,1527.3528,0.9144,326.7456,19,19.1929,4.7985,50.072,124.427
"CCR",50,"P2",2024-09-16,7.1,1527.3528,0.9144,326.7456,19,18.7956,4.4509,44.822,124.748
"CCR",50,"P2",2024-09-16,7.2,1527.3528,0.9144,326.7456,19,18.1281,4.0693,42.988,125.341
"CCR",50,"P2",2024-09-16,7.3,1527.3528,0.9144,326.7456,19,17.5681,4.199,43.831,125.585
"CCR",50,"P2",2024-09-16,7.4,1527.3528,0.9144,326.7456,19,16.9469,4.1943,43.527,125.989
"CCR",50,"P2",2024-09-16,7.5,1527.3528,0.9144,326.7456,19,16.5928,4.255,43.773,125.983
"CCR",50,"P2",2024-09-16,7.6,1527.3528,0.9144,326.7456,19,16.3441,4.2979,44.3,125.91
"CCR",50,"P2",2024-09-16,7.7,1527.3528,0.9144,326.7456,19,15.9587,4.3689,43.297,126.075
"CCR",50,"P2",2024-09-16,7.8,1527.3528,0.9144,326.7456,19,15.6188,4.301,45.789,126.128
"CCR",50,"P2",2024-09-16,7.9,1527.3528,0.9144,326.7456,19,15.3954,4.9395,49.986,126.146
"CCR",50,"P2",2024-09-16,8,1527.3528,0.9144,326.7456,19,15.2399,5.0568,50.963,126.172
"CCR",50,"P2",2024-09-16,8.1,1527.3528,0.9144,326.7456,19,15.091,5.1363,50.709,126.231
"CCR",50,"P2",2024-09-16,8.2,1527.3528,0.9144,326.7456,19,14.9791,5.0779,47.594,126.301
"CCR",50,"P2",2024-09-16,8.3,1527.3528,0.9144,326.7456,19,14.8197,4.6704,45.058,126.436
"CCR",50,"P2",2024-09-16,8.4,1527.3528,0.9144,326.7456,19,14.6989,4.6009,46.001,126.488
"CCR",50,"P2",2024-09-16,8.5,1527.3528,0.9144,326.7456,19,14.6056,4.6653,44.219,126.451
"CCR",50,"P2",2024-09-16,8.6,1527.3528,0.9144,326.7456,19,14.4932,4.3585,42.153,126.484
"CCR",50,"P2",2024-09-16,8.7,1527.3528,0.9144,326.7456,19,14.433,4.3336,43.478,126.603
"CCR",50,"P2",2024-09-16,8.8,1527.3528,0.9144,326.7456,19,14.3872,4.4593,43.649,126.533
"CCR",50,"P2",2024-09-16,8.9,1527.3528,0.9144,326.7456,19,14.3428,4.4368,42.882,126.609
"CCR",50,"P2",2024-09-16,9,1527.3528,0.9144,326.7456,19,14.3031,4.3763,42.289,126.599
"CCR",50,"P2",2024-09-16,9.1,1527.3528,0.9144,326.7456,19,14.283,4.3198,42.106,126.73
"CCR",50,"P2",2024-09-16,9.2,1527.3528,0.9144,326.7456,19,14.2096,4.3117,41.695,126.681
"CCR",50,"P2",2024-09-16,9.3,1527.3528,0.9144,326.7456,19,14.184,4.2712,41.564,126.72
"CCR",50,"P2",2024-09-16,9.4,1527.3528,0.9144,326.7456,19,14.1304,4.2568,41.111,126.668
"CCR",50,"P2",2024-09-16,9.5,1527.3528,0.9144,326.7456,19,14.1117,4.216,41.132,126.649
"CCR",50,"P2",2024-09-16,9.6,1527.3528,0.9144,326.7456,19,14.0558,4.2485,41.696,126.688
"CCR",50,"P2",2024-09-16,9.7,1527.3528,0.9144,326.7456,19,14.0408,4.3335,41.828,126.647
"CCR",50,"P2",2024-09-16,9.8,1527.3528,0.9144,326.7456,19,14.0084,4.2987,42.073,126.706
"CCR",50,"P2",2024-09-16,9.9,1527.3528,0.9144,326.7456,19,14.0033,4.3586,43.408,126.768
"CCR",50,"P2",2024-09-16,10,1527.3528,0.9144,326.7456,19,13.9929,4.4727,44.013,126.755
"CCR",50,"P2",2024-09-16,10.1,1527.3528,0.9144,326.7456,19,13.9813,4.5361,43.628,126.707
"CCR",50,"P2",2024-09-16,10.2,1527.3528,0.9144,326.7456,19,13.9733,4.4973,42.157,126.747
"CCR",50,"P2",2024-09-16,10.3,1527.3528,0.9144,326.7456,19,13.9657,4.279,40.989,126.806
"CCR",50,"P2",2024-09-16,10.4,1527.3528,0.9144,326.7456,19,13.9637,4.2347,41.305,126.675
"CCR",50,"P2",2024-09-16,10.5,1527.3528,0.9144,326.7456,19,13.942,4.2525,40.744,126.808
"CCR",50,"P2",2024-09-16,10.6,1527.3528,0.9144,326.7456,19,13.9373,4.1931,40.842,126.726
"CCR",50,"P2",2024-09-16,10.7,1527.3528,0.9144,326.7456,19,13.9258,4.2316,41.448,126.723
"CCR",50,"P2",2024-09-16,10.8,1527.3528,0.9144,326.7456,19,13.9235,4.321,42.033,126.795
"CCR",50,"P2",2024-09-16,10.9,1527.3528,0.9144,326.7456,19,13.9091,4.3685,42.977,126.783
"CCR",50,"P2",2024-09-16,11,1527.3528,0.9144,326.7456,19,13.8966,4.4862,43.699,126.639
"CCR",50,"P2",2024-09-16,11.1,1527.3528,0.9144,326.7456,19,13.8888,4.4848,42.951,126.736
"CCR",50,"P2",2024-09-16,11.2,1527.3528,0.9144,326.7456,19,13.8831,4.4244,42.884,126.761
"CCR",50,"P2",2024-09-16,11.3,1527.3528,0.9144,326.7456,19,13.8788,4.4348,43.045,126.74
"CCR",50,"P2",2024-09-16,11.4,1527.3528,0.9144,326.7456,19,13.8725,4.4471,42.937,126.7
"CCR",50,"P2",2024-09-16,11.5,1527.3528,0.9144,326.7456,19,13.8665,4.4365,43.118,126.741
"CCR",50,"P2",2024-09-16,11.6,1527.3528,0.9144,326.7456,19,13.8655,4.492,44.28,126.717
"CCR",50,"P2",2024-09-16,11.7,1527.3528,0.9144,326.7456,19,13.8697,4.6073,44.598,126.791
"CCR",50,"P2",2024-09-16,11.8,1527.3528,0.9144,326.7456,19,13.8617,4.5898,44.123,126.834
"CCR",50,"P2",2024-09-16,11.9,1527.3528,0.9144,326.7456,19,13.8582,4.547,43.863,126.883
"CCR",50,"P2",2024-09-16,12,1527.3528,0.9144,326.7456,19,13.854,4.5335,43.703,126.812
"CCR",50,"P2",2024-09-16,12.1,1527.3528,0.9144,326.7456,19,13.8474,4.5114,43.441,126.787
"CCR",50,"P2",2024-09-16,12.2,1527.3528,0.9144,326.7456,19,13.8438,4.4908,43.556,126.848
"CCR",50,"P2",2024-09-16,12.3,1527.3528,0.9144,326.7456,19,13.8405,4.5095,43.798,126.859
"CCR",50,"P2",2024-09-16,12.4,1527.3528,0.9144,326.7456,19,13.8351,4.5291,43.623,126.771
"CCR",50,"P2",2024-09-16,12.5,1527.3528,0.9144,326.7456,19,13.8283,4.4919,42.985,126.665
"CCR",50,"P2",2024-09-16,12.6,1527.3528,0.9144,326.7456,19,13.8225,4.4323,42.285,126.72
"CCR",50,"P2",2024-09-16,12.7,1527.3528,0.9144,326.7456,19,13.818,4.3629,42.376,126.772
"CCR",50,"P2",2024-09-16,12.8,1527.3528,0.9144,326.7456,19,13.8144,4.4132,44.38,126.753
"CCR",50,"P2",2024-09-16,12.9,1527.3528,0.9144,326.7456,19,13.8104,4.6319,45.328,126.776
"CCR",50,"P2",2024-09-16,13,1527.3528,0.9144,326.7456,19,13.8073,4.6637,44.357,126.73
"CCR",50,"P2",2024-09-16,13.1,1527.3528,0.9144,326.7456,19,13.8057,4.5633,43.805,126.78
"CCR",50,"P2",2024-09-16,13.2,1527.3528,0.9144,326.7456,19,13.8019,4.5192,43.493,126.827
"CCR",50,"P2",2024-09-16,13.3,1527.3528,0.9144,326.7456,19,13.8022,4.4919,43.344,126.7
"CCR",50,"P2",2024-09-16,13.4,1527.3528,0.9144,326.7456,19,13.7993,4.4793,43.059,126.794
"CCR",50,"P2",2024-09-16,13.5,1527.3528,0.9144,326.7456,19,13.7965,4.4398,42.771,126.882
"CCR",50,"P2",2024-09-16,13.6,1527.3528,0.9144,326.7456,19,13.7937,4.4382,42.955,126.868
"CCR",50,"P2",2024-09-16,13.7,1527.3528,0.9144,326.7456,19,13.791,4.4352,42.474,126.766
"CCR",50,"P2",2024-09-16,13.8,1527.3528,0.9144,326.7456,19,13.7891,4.3814,42.306,126.767
"CCR",50,"P2",2024-09-16,13.9,1527.3528,0.9144,326.7456,19,13.7898,4.379,42.257,126.941
"CCR",50,"P2",2024-09-16,14,1527.3528,0.9144,326.7456,19,13.7888,4.3694,41.673,126.776
"CCR",50,"P2",2024-09-16,14.1,1527.3528,0.9144,326.7456,19,13.786,4.2865,40.205,126.766
"CCR",50,"P2",2024-09-16,14.2,1527.3528,0.9144,326.7456,19,13.7847,4.1066,38.618,126.91
"CCR",50,"P2",2024-09-16,14.3,1527.3528,0.9144,326.7456,19,13.7876,3.9101,38.077,126.827
"CCR",50,"P2",2024-09-16,14.4,1527.3528,0.9144,326.7456,19,13.7838,3.8423,36.164,126.816
"CCR",50,"P2",2024-09-16,14.5,1527.3528,0.9144,326.7456,19,13.78,3.7214,36.632,126.847
"CCR",50,"P2",2024-09-16,14.6,1527.3528,0.9144,326.7456,19,13.7807,3.8618,38.227,126.779
"CCR",50,"P2",2024-09-16,14.7,1527.3528,0.9144,326.7456,19,13.7808,4.007,39.302,126.804
"CCR",50,"P2",2024-09-16,14.8,1527.3528,0.9144,326.7456,19,13.7795,4.1405,40.371,126.86
"CCR",50,"P2",2024-09-16,14.9,1527.3528,0.9144,326.7456,19,13.7689,4.319,42.142,126.723
"CCR",50,"P2",2024-09-16,15,1527.3528,0.9144,326.7456,19,13.7585,4.3506,41.284,126.819
"CCR",50,"P2",2024-09-16,15.1,1527.3528,0.9144,326.7456,19,13.7553,4.1113,37.528,126.799
"CCR",50,"P2",2024-09-16,15.2,1527.3528,0.9144,326.7456,19,13.7544,3.799,34.889,126.932
"CCR",50,"P2",2024-09-16,15.3,1527.3528,0.9144,326.7456,19,13.7544,3.5613,32.825,126.908
"CCR",50,"P2",2024-09-16,15.4,1527.3528,0.9144,326.7456,19,13.755,3.3849,32.821,126.895
"CCR",50,"P2",2024-09-16,15.5,1527.3528,0.9144,326.7456,19,13.7565,3.4117,33.486,127.064
"CCR",50,"P2",2024-09-16,15.6,1527.3528,0.9144,326.7456,19,13.7559,3.4997,34.081,127.004
"CCR",50,"P2",2024-09-16,15.7,1527.3528,0.9144,326.7456,19,13.7512,3.5204,33.642,126.905
"CCR",50,"P2",2024-09-16,15.8,1527.3528,0.9144,326.7456,19,13.7507,3.4734,33.507,126.932
"CCR",50,"P2",2024-09-16,15.9,1527.3528,0.9144,326.7456,19,13.7512,3.4721,33.609,126.944
"CCR",50,"P2",2024-09-16,16,1527.3528,0.9144,326.7456,19,13.7507,3.4956,33.987,126.842
"CCR",50,"P2",2024-09-16,16.1,1527.3528,0.9144,326.7456,19,13.7383,3.5309,34.792,126.727
"CCR",50,"P2",2024-09-16,16.2,1527.3528,0.9144,326.7456,19,13.733,3.6845,35.951,126.73
"CCR",50,"P2",2024-09-16,16.3,1527.3528,0.9144,326.7456,19,13.7267,3.722,35.613,126.748
"CCR",50,"P2",2024-09-16,16.4,1527.3528,0.9144,326.7456,19,13.7156,3.6828,34.896,126.9
"CCR",50,"P2",2024-09-16,16.5,1527.3528,0.9144,326.7456,19,13.71,3.5947,33.92,126.958
"CCR",50,"P2",2024-09-16,16.6,1527.3528,0.9144,326.7456,19,13.7017,3.5079,33.506,126.822
"CCR",50,"P2",2024-09-16,16.7,1527.3528,0.9144,326.7456,19,13.6884,3.453,32.756,126.921
"CCR",50,"P2",2024-09-16,16.8,1527.3528,0.9144,326.7456,19,13.6823,3.3804,32.281,127.449
"CCR",50,"P2",2024-09-16,16.9,1527.3528,0.9144,326.7456,19,13.6404,3.2862,28.479,128.526
"CCR",50,"P2",2024-09-16,17,1527.3528,0.9144,326.7456,19,13.6022,2.9596,23.071,129.142
"CCR",50,"P2",2024-09-16,17.1,1527.3528,0.9144,326.7456,19,13.5741,2.2638,19.019,129.91
"CCR",50,"P2",2024-09-16,17.2,1527.3528,0.9144,326.7456,19,13.5509,1.9737,19.56,130.081
"CCR",50,"P2",2024-09-16,17.3,1527.3528,0.9144,326.7456,19,13.5214,2.0453,18.913,130.736
"CCR",50,"P2",2024-09-16,17.4,1527.3528,0.9144,326.7456,19,13.4406,1.9142,13.993,133.869
"CCR",50,"P2",2024-09-16,17.5,1527.3528,0.9144,326.7456,19,13.3661,1.4614,7.132,135.538
"CCR",50,"P2",2024-09-16,17.6,1527.3528,0.9144,326.7456,19,13.2522,0.5354,0,137.73
"CCR",50,"P2",2024-09-16,17.6,1527.3528,0.9144,326.7456,19,13.1989,0.127,0,138.905
"CCR",88,"P1",2024-09-16,0.1,1013.7648,0.9144,326.7456,10.45,23.1994,8.871,104.703,120.198
"CCR",88,"P1",2024-09-16,0.2,1013.7648,0.9144,326.7456,10.45,23.313,9.4096,105.483,120.74
"CCR",88,"P1",2024-09-16,0.3,1013.7648,0.9144,326.7456,10.45,23.3157,8.8312,103.799,120.263
"CCR",88,"P1",2024-09-16,0.4,1013.7648,0.9144,326.7456,10.45,23.2329,8.7515,98.171,120.494
"CCR",88,"P1",2024-09-16,0.5,1013.7648,0.9144,326.7456,10.45,23.2394,7.288,83.402,120.353
"CCR",88,"P1",2024-09-16,0.6,1013.7648,0.9144,326.7456,10.45,23.2561,7.1117,84.494,120.251
"CCR",88,"P1",2024-09-16,0.7,1013.7648,0.9144,326.7456,10.45,23.3159,8.8133,103.455,120.634
"CCR",88,"P1",2024-09-16,0.8,1013.7648,0.9144,326.7456,10.45,23.316,8.8131,103.614,120.722
"CCR",88,"P1",2024-09-16,0.9,1013.7648,0.9144,326.7456,10.45,23.3174,8.8442,103.717,120.764
"CCR",88,"P1",2024-09-16,1,1013.7648,0.9144,326.7456,10.45,23.3174,8.8323,103.504,120.731
"CCR",88,"P1",2024-09-16,1.1,1013.7648,0.9144,326.7456,10.45,23.3173,8.8134,103.209,120.662
"CCR",88,"P1",2024-09-16,1.2,1013.7648,0.9144,326.7456,10.45,23.3174,8.7899,103.035,120.723
"CCR",88,"P1",2024-09-16,1.3,1013.7648,0.9144,326.7456,10.45,23.3175,8.7729,103.393,120.668
"CCR",88,"P1",2024-09-16,1.4,1013.7648,0.9144,326.7456,10.45,23.3169,8.8485,103.326,120.675
"CCR",88,"P1",2024-09-16,1.5,1013.7648,0.9144,326.7456,10.45,23.3162,8.8181,103.644,120.653
"CCR",88,"P1",2024-09-16,1.6,1013.7648,0.9144,326.7456,10.45,23.3104,8.843,103.684,120.688
"CCR",88,"P1",2024-09-16,1.7,1013.7648,0.9144,326.7456,10.45,23.3083,8.8379,103.445,120.671
"CCR",88,"P1",2024-09-16,1.8,1013.7648,0.9144,326.7456,10.45,23.308,8.8102,103.165,120.699
"CCR",88,"P1",2024-09-16,1.9,1013.7648,0.9144,326.7456,10.45,23.3072,8.8042,103.676,120.681
"CCR",88,"P1",2024-09-16,2,1013.7648,0.9144,326.7456,10.45,23.306,8.8321,103.482,120.608
"CCR",88,"P1",2024-09-16,2.1,1013.7648,0.9144,326.7456,10.45,23.3061,8.8296,103.653,120.741
"CCR",88,"P1",2024-09-16,2.2,1013.7648,0.9144,326.7456,10.45,23.3043,8.8348,103.612,120.579
"CCR",88,"P1",2024-09-16,2.3,1013.7648,0.9144,326.7456,10.45,23.3054,8.8311,103.541,120.678
"CCR",88,"P1",2024-09-16,2.4,1013.7648,0.9144,326.7456,10.45,23.3038,8.8218,103.34,120.697
"CCR",88,"P1",2024-09-16,2.5,1013.7648,0.9144,326.7456,10.45,23.3059,8.817,103.323,120.699
"CCR",88,"P1",2024-09-16,2.6,1013.7648,0.9144,326.7456,10.45,23.3022,8.826,103.529,120.636
"CCR",88,"P1",2024-09-16,2.7,1013.7648,0.9144,326.7456,10.45,23.3019,8.8209,103.558,120.652
"CCR",88,"P1",2024-09-16,2.8,1013.7648,0.9144,326.7456,10.45,23.3023,8.8227,103.625,120.648
"CCR",88,"P1",2024-09-16,2.9,1013.7648,0.9144,326.7456,10.45,23.3029,8.8012,103.341,120.658
"CCR",88,"P1",2024-09-16,3,1013.7648,0.9144,326.7456,10.45,23.3022,8.835,103.936,120.684
"CCR",88,"P1",2024-09-16,3.1,1013.7648,0.9144,326.7456,10.45,23.3022,8.8065,103.382,120.667
"CCR",88,"P1",2024-09-16,3.2,1013.7648,0.9144,326.7456,10.45,23.3029,8.8172,103.077,120.66
"CCR",88,"P1",2024-09-16,3.3,1013.7648,0.9144,326.7456,10.45,23.3033,8.8164,103.687,120.699
"CCR",88,"P1",2024-09-16,3.4,1013.7648,0.9144,326.7456,10.45,23.3041,8.8336,103.4,120.516
"CCR",88,"P1",2024-09-16,3.5,1013.7648,0.9144,326.7456,10.45,23.304,8.822,103.626,115.857
"CCR",88,"P1",2024-09-16,3.8,1013.7648,0.9144,326.7456,10.45,23.3001,8.8031,103.252,120.537
"CCR",88,"P1",2024-09-16,3.9,1013.7648,0.9144,326.7456,10.45,23.2998,8.8074,103.292,120.619
"CCR",88,"P1",2024-09-16,4,1013.7648,0.9144,326.7456,10.45,23.2981,8.7898,103.445,120.702
"CCR",88,"P1",2024-09-16,4.1,1013.7648,0.9144,326.7456,10.45,23.2967,8.8085,103.002,120.723
"CCR",88,"P1",2024-09-16,4.2,1013.7648,0.9144,326.7456,10.45,23.2961,8.7819,103.296,120.758
"CCR",88,"P1",2024-09-16,4.3,1013.7648,0.9144,326.7456,10.45,23.2957,8.8203,103.431,120.753
"CCR",88,"P1",2024-09-16,4.4,1013.7648,0.9144,326.7456,10.45,23.2911,8.792,102.64,120.595
"CCR",88,"P1",2024-09-16,4.5,1013.7648,0.9144,326.7456,10.45,23.2908,8.7847,103.136,120.528
"CCR",88,"P1",2024-09-16,4.6,1013.7648,0.9144,326.7456,10.45,23.2933,8.7942,103.142,120.71
"CCR",88,"P1",2024-09-16,4.7,1013.7648,0.9144,326.7456,10.45,23.2914,8.7987,103.066,120.769
"CCR",88,"P1",2024-09-16,4.8,1013.7648,0.9144,326.7456,10.45,23.2851,8.7585,102.049,120.767
"CCR",88,"P1",2024-09-16,4.9,1013.7648,0.9144,326.7456,10.45,23.2733,8.6491,101.474,120.696
"CCR",88,"P1",2024-09-16,5,1013.7648,0.9144,326.7456,10.45,23.2782,8.718,102.696,120.697
"CCR",88,"P1",2024-09-16,5.1,1013.7648,0.9144,326.7456,10.45,23.2764,8.7628,102.216,120.435
"CCR",88,"P1",2024-09-16,5.2,1013.7648,0.9144,326.7456,10.45,23.2715,8.7087,101.856,115.804
"CCR",88,"P1",2024-09-16,5.5,1013.7648,0.9144,326.7456,10.45,23.1911,8.5954,99.718,120.79
"CCR",88,"P1",2024-09-16,5.5,1013.7648,0.9144,326.7456,10.45,23.1746,8.5868,99.404,120.821
"CCR",88,"P1",2024-09-16,5.6,1013.7648,0.9144,326.7456,10.45,23.0092,8.4144,97.849,120.89
"CCR",88,"P1",2024-09-16,5.7,1013.7648,0.9144,326.7456,10.45,22.8334,8.3555,95.812,120.998
"CCR",88,"P1",2024-09-16,5.8,1013.7648,0.9144,326.7456,10.45,22.6877,8.1641,93.237,121.178
"CCR",88,"P1",2024-09-16,5.9,1013.7648,0.9144,326.7456,10.45,22.6408,8.0212,92.689,121.092
"CCR",88,"P1",2024-09-16,6,1013.7648,0.9144,326.7456,10.45,22.5925,8.0221,92.996,121.222
"CCR",88,"P1",2024-09-16,6.1,1013.7648,0.9144,326.7456,10.45,22.5496,8.0374,92.022,121.358
"CCR",88,"P1",2024-09-16,6.2,1013.7648,0.9144,326.7456,10.45,22.4764,7.9699,90.369,121.285
"CCR",88,"P1",2024-09-16,6.3,1013.7648,0.9144,326.7456,10.45,22.3873,7.765,88.534,121.351
"CCR",88,"P1",2024-09-16,6.4,1013.7648,0.9144,326.7456,10.45,22.2956,7.684,86.704,121.556
"CCR",88,"P1",2024-09-16,6.5,1013.7648,0.9144,326.7456,10.45,21.9764,7.4793,79.42,121.485
"CCR",88,"P1",2024-09-16,6.6,1013.7648,0.9144,326.7456,10.45,21.7221,6.9773,72.957,122.2
"CCR",88,"P1",2024-09-16,6.7,1013.7648,0.9144,326.7456,10.45,21.2405,6.4695,64.134,122.598
"CCR",88,"P1",2024-09-16,6.8,1013.7648,0.9144,326.7456,10.45,21.0444,5.5709,61.042,122.896
"CCR",88,"P1",2024-09-16,6.9,1013.7648,0.9144,326.7456,10.45,20.5829,5.4834,54.83,123.646
"CCR",88,"P1",2024-09-16,7,1013.7648,0.9144,326.7456,10.45,19.975,4.9803,38.375,124.208
"CCR",88,"P1",2024-09-16,7.1,1013.7648,0.9144,326.7456,10.45,19.2203,3.1735,25.409,125.067
"CCR",88,"P1",2024-09-16,7.2,1013.7648,0.9144,326.7456,10.45,18.5455,2.3148,27.565,125.168
"CCR",88,"P1",2024-09-16,7.3,1013.7648,0.9144,326.7456,10.45,18.2594,2.8903,32.056,125.385
"CCR",88,"P1",2024-09-16,7.4,1013.7648,0.9144,326.7456,10.45,17.2013,2.8823,31.27,125.904
"CCR",88,"P1",2024-09-16,7.5,1013.7648,0.9144,326.7456,10.45,16.6726,3.1887,30.578,126.072
"CCR",88,"P1",2024-09-16,7.6,1013.7648,0.9144,326.7456,10.45,16.1252,3.0074,26.544,125.273
"CCR",88,"P1",2024-09-16,7.7,1013.7648,0.9144,326.7456,10.45,15.7348,2.7167,25.308,120.585
"CCR",88,"P1",2024-09-16,8.4,1013.7648,0.9144,326.7456,10.45,14.6636,3.5124,34.605,126.561
"CCR",88,"P1",2024-09-16,8.5,1013.7648,0.9144,326.7456,10.45,14.5512,3.5225,35.835,126.739
"CCR",88,"P1",2024-09-16,8.6,1013.7648,0.9144,326.7456,10.45,14.4657,3.698,37.463,126.814
"CCR",88,"P1",2024-09-16,8.7,1013.7648,0.9144,326.7456,10.45,14.4493,3.826,36.926,126.783
"CCR",88,"P1",2024-09-16,8.8,1013.7648,0.9144,326.7456,10.45,14.4723,3.7295,36.898,126.654
"CCR",88,"P1",2024-09-16,8.9,1013.7648,0.9144,326.7456,10.45,14.413,3.7774,37.3,126.443
"CCR",88,"P1",2024-09-16,9,1013.7648,0.9144,326.7456,10.45,14.2479,3.8568,38.471,126.594
"CCR",88,"P1",2024-09-16,9.1,1013.7648,0.9144,326.7456,10.45,14.1999,3.9674,38.45,126.592
"CCR",88,"P1",2024-09-16,9.2,1013.7648,0.9144,326.7456,10.45,14.247,3.9186,38.102,126.622
"CCR",88,"P1",2024-09-16,9.3,1013.7648,0.9144,326.7456,10.45,14.2948,3.8882,37.89,126.638
"CCR",88,"P1",2024-09-16,9.4,1013.7648,0.9144,326.7456,10.45,14.2148,3.8566,37.252,126.811
"CCR",88,"P1",2024-09-16,9.5,1013.7648,0.9144,326.7456,10.45,14.1391,3.7887,36.079,126.949
"CCR",88,"P1",2024-09-16,9.6,1013.7648,0.9144,326.7456,10.45,14.0835,3.6149,35.651,127.128
"CCR",88,"P1",2024-09-16,9.7,1013.7648,0.9144,326.7456,10.45,14.047,3.3822,30.964,127.551
"CCR",88,"P1",2024-09-16,9.8,1013.7648,0.9144,326.7456,10.45,14.1244,3.4333,33.484,127.416
"CCR",88,"P1",2024-09-16,9.9,1013.7648,0.9144,326.7456,10.45,14.2728,3.6773,35.884,126.947
"CCR",90,"C2",2024-09-16,0.1,561.7464,0.9144,326.7456,3.6,22.6458,6.5052,77.982,119.96
"CCR",90,"C2",2024-09-16,0.2,561.7464,0.9144,326.7456,3.6,22.6855,6.4148,84.949,119.826
"CCR",90,"C2",2024-09-16,0.3,561.7464,0.9144,326.7456,3.6,22.8033,7.2504,74.732,119.56
"CCR",90,"C2",2024-09-16,0.4,561.7464,0.9144,326.7456,3.6,22.6795,5.1694,61.858,119.703
"CCR",90,"C2",2024-09-16,0.5,561.7464,0.9144,326.7456,3.6,23.2021,7.1042,81.266,119.919
"CCR",90,"C2",2024-09-16,0.6,561.7464,0.9144,326.7456,3.6,23.3237,8.6343,101.437,120.827
"CCR",90,"C2",2024-09-16,0.7,561.7464,0.9144,326.7456,3.6,23.0688,7.6398,83.187,119.981
"CCR",90,"C2",2024-09-16,0.8,561.7464,0.9144,326.7456,3.6,23.3252,8.6199,101.142,120.793
"CCR",90,"C2",2024-09-16,0.9,561.7464,0.9144,326.7456,3.6,23.3251,8.6252,101.271,120.72
"CCR",90,"C2",2024-09-16,1,561.7464,0.9144,326.7456,3.6,23.3232,8.6578,101.571,120.715
"CCR",90,"C2",2024-09-16,1.1,561.7464,0.9144,326.7456,3.6,23.3224,8.649,101.612,120.779
"CCR",90,"C2",2024-09-16,1.2,561.7464,0.9144,326.7456,3.6,23.322,8.656,101.122,120.777
"CCR",90,"C2",2024-09-16,1.3,561.7464,0.9144,326.7456,3.6,23.3217,8.6178,101.344,120.77
"CCR",90,"C2",2024-09-16,1.4,561.7464,0.9144,326.7456,3.6,23.3189,8.6356,101.263,120.753
"CCR",90,"C2",2024-09-16,1.5,561.7464,0.9144,326.7456,3.6,23.3193,8.6447,101.544,120.742
"CCR",90,"C2",2024-09-16,1.6,561.7464,0.9144,326.7456,3.6,23.3187,8.6428,101.48,120.756
"CCR",90,"C2",2024-09-16,1.7,561.7464,0.9144,326.7456,3.6,23.3168,8.6461,101.414,120.742
"CCR",90,"C2",2024-09-16,1.8,561.7464,0.9144,326.7456,3.6,23.3072,8.6245,101.419,120.721
"CCR",90,"C2",2024-09-16,1.9,561.7464,0.9144,326.7456,3.6,23.3094,8.6515,101.145,120.746
"CCR",90,"C2",2024-09-16,2,561.7464,0.9144,326.7456,3.6,23.2963,8.6369,101.353,120.806
"CCR",90,"C2",2024-09-16,2.1,561.7464,0.9144,326.7456,3.6,23.2913,8.6164,101.028,120.76
"CCR",90,"C2",2024-09-16,2.2,561.7464,0.9144,326.7456,3.6,23.2912,8.6163,101.08,120.754
"CCR",90,"C2",2024-09-16,2.3,561.7464,0.9144,326.7456,3.6,23.2912,8.6067,101.391,120.795
"CCR",90,"C2",2024-09-16,2.4,561.7464,0.9144,326.7456,3.6,23.2833,8.6256,100.838,120.752
"CCR",90,"C2",2024-09-16,2.5,561.7464,0.9144,326.7456,3.6,23.2722,8.6013,100.881,120.748
"CCR",90,"C2",2024-09-16,2.6,561.7464,0.9144,326.7456,3.6,23.2863,8.603,100.919,120.762
"CCR",90,"C2",2024-09-16,2.7,561.7464,0.9144,326.7456,3.6,23.2622,8.6064,100.883,120.654
"CCR",90,"C2",2024-09-16,2.8,561.7464,0.9144,326.7456,3.6,23.2412,8.6011,100.293,120.753
"CCR",90,"C2",2024-09-16,2.9,561.7464,0.9144,326.7456,3.6,23.2367,8.5944,100.797,120.684
"CCR",90,"C2",2024-09-16,3,561.7464,0.9144,326.7456,3.6,23.1952,8.5896,99.998,120.824
"CCR",90,"C2",2024-09-16,3.1,561.7464,0.9144,326.7456,3.6,23.0825,8.4562,99.402,120.767
"CCR",90,"C2",2024-09-16,3.1,561.7464,0.9144,326.7456,3.6,23.075,8.5119,99.044,120.764
"CCR",50,"P2",2024-09-30,0.1,1527.3528,NA,NA,20,22.4497,7.113,80.12,115.763
"CCR",50,"P2",2024-09-30,0.2,1527.3528,NA,NA,20,22.4932,9.4803,109.553,115.419
"CCR",50,"P2",2024-09-30,0.3,1527.3528,NA,NA,20,22.4847,7.0354,81.607,115.466
"CCR",50,"P2",2024-09-30,0.4,1527.3528,NA,NA,20,22.5116,7.4162,84.542,115.512
"CCR",50,"P2",2024-09-30,0.5,1527.3528,NA,NA,20,22.3978,6.8876,77.77,115.569
"CCR",50,"P2",2024-09-30,0.6,1527.3528,NA,NA,20,22.3012,4.4417,50.905,115.178
"CCR",50,"P2",2024-09-30,0.7,1527.3528,NA,NA,20,22.452,6.6037,77.254,115.513
"CCR",50,"P2",2024-09-30,0.8,1527.3528,NA,NA,20,22.4584,6.6933,79.942,115.169
"CCR",50,"P2",2024-09-30,0.9,1527.3528,NA,NA,20,22.4483,6.9665,79.62,110.58
"CCR",50,"P2",2024-09-30,1.2,1527.3528,NA,NA,20,22.4073,5.5198,66.026,115.606
"CCR",50,"P2",2024-09-30,1.3,1527.3528,NA,NA,20,22.4312,5.8817,71.1,115.596
"CCR",50,"P2",2024-09-30,1.4,1527.3528,NA,NA,20,22.4482,6.5685,96.708,116.034
"CCR",50,"P2",2024-09-30,1.5,1527.3528,NA,NA,20,22.4558,9.9678,117.758,116.09
"CCR",50,"P2",2024-09-30,1.6,1527.3528,NA,NA,20,22.4556,9.8052,106.322,116.108
"CCR",50,"P2",2024-09-30,1.7,1527.3528,NA,NA,20,22.4528,9.0639,102.825,115.526
"CCR",50,"P2",2024-09-30,1.7,1527.3528,NA,NA,20,22.452,8.9098,102.502,111.225
"CCR",50,"P2",2024-09-30,2.3,1527.3528,NA,NA,20,22.4401,8.7239,101.308,116.148
"CCR",50,"P2",2024-09-30,2.4,1527.3528,NA,NA,20,22.4382,8.7808,101.454,115.981
"CCR",50,"P2",2024-09-30,2.5,1527.3528,NA,NA,20,22.4347,8.7676,100.668,115.986
"CCR",50,"P2",2024-09-30,2.6,1527.3528,NA,NA,20,22.433,8.7606,101.288,115.9
"CCR",50,"P2",2024-09-30,2.7,1527.3528,NA,NA,20,22.4284,8.7507,100.547,115.914
"CCR",50,"P2",2024-09-30,2.8,1527.3528,NA,NA,20,22.4251,8.7126,100.395,115.92
"CCR",50,"P2",2024-09-30,2.9,1527.3528,NA,NA,20,22.425,8.7006,100.461,115.84
"CCR",50,"P2",2024-09-30,3,1527.3528,NA,NA,20,22.4201,8.7133,100.217,115.832
"CCR",50,"P2",2024-09-30,3.1,1527.3528,NA,NA,20,22.4177,8.6518,100.005,115.766
"CCR",50,"P2",2024-09-30,3.2,1527.3528,NA,NA,20,22.4159,8.6797,100.151,115.804
"CCR",50,"P2",2024-09-30,3.3,1527.3528,NA,NA,20,22.4152,8.7127,100.265,115.748
"CCR",50,"P2",2024-09-30,3.4,1527.3528,NA,NA,20,22.4096,8.6396,99.201,115.714
"CCR",50,"P2",2024-09-30,3.5,1527.3528,NA,NA,20,22.4058,8.6291,99.341,114.982
"CCR",50,"P2",2024-09-30,3.6,1527.3528,NA,NA,20,22.3903,8.5116,96.803,114.306
"CCR",50,"P2",2024-09-30,3.7,1527.3528,NA,NA,20,22.3805,8.3176,96.457,114.574
"CCR",50,"P2",2024-09-30,3.8,1527.3528,NA,NA,20,22.3767,8.4635,96.727,113.836
"CCR",50,"P2",2024-09-30,3.9,1527.3528,NA,NA,20,22.3657,8.3767,96.045,113.76
"CCR",50,"P2",2024-09-30,4,1527.3528,NA,NA,20,22.3596,8.3096,96.035,113.587
"CCR",50,"P2",2024-09-30,4.1,1527.3528,NA,NA,20,22.3592,8.3693,96.525,110.774
"CCR",50,"P2",2024-09-30,4.1,1527.3528,NA,NA,20,22.3594,8.3709,96.533,108.703
"CCR",50,"P2",2024-09-30,4.5,1527.3528,NA,NA,20,22.1914,8.021,92.119,107.575
"CCR",50,"P2",2024-09-30,4.6,1527.3528,NA,NA,20,22.1392,8.0352,90.659,108.183
"CCR",50,"P2",2024-09-30,4.7,1527.3528,NA,NA,20,21.9714,8.0561,86.76,108.639
"CCR",50,"P2",2024-09-30,4.8,1527.3528,NA,NA,20,21.6365,7.6363,77.231,108.029
"CCR",50,"P2",2024-09-30,4.9,1527.3528,NA,NA,20,21.6243,6.7997,77.376,107.828
"CCR",50,"P2",2024-09-30,5,1527.3528,NA,NA,20,21.6199,6.8132,80.593,108.579
"CCR",50,"P2",2024-09-30,5.1,1527.3528,NA,NA,20,21.5385,7.1258,79.411,111.918
"CCR",50,"P2",2024-09-30,5.2,1527.3528,NA,NA,20,21.3313,6.9424,73.218,112.838
"CCR",50,"P2",2024-09-30,5.3,1527.3528,NA,NA,20,21.2855,6.3523,73.312,116.698
"CCR",50,"P2",2024-09-30,5.4,1527.3528,NA,NA,20,21.1956,6.5085,71.594,118.163
"CCR",50,"P2",2024-09-30,5.5,1527.3528,NA,NA,20,21.0271,6.279,66.623,119.628
"CCR",50,"P2",2024-09-30,5.6,1527.3528,NA,NA,20,20.9623,5.8923,65.093,121.793
"CCR",50,"P2",2024-09-30,5.7,1527.3528,NA,NA,20,20.9091,5.8007,64.307,123.664
"CCR",50,"P2",2024-09-30,5.8,1527.3528,NA,NA,20,20.8269,5.6855,61.884,125.51
"CCR",50,"P2",2024-09-30,5.9,1527.3528,NA,NA,20,20.8093,5.3827,61.653,124.081
"CCR",50,"P2",2024-09-30,6,1527.3528,NA,NA,20,20.7803,5.682,62.955,125.127
"CCR",50,"P2",2024-09-30,6.1,1527.3528,NA,NA,20,20.6935,5.5624,60.487,125.884
"CCR",50,"P2",2024-09-30,6.2,1527.3528,NA,NA,20,20.5444,5.3621,57.341,125.78
"CCR",50,"P2",2024-09-30,6.3,1527.3528,NA,NA,20,20.4536,5.1279,56.511,125.209
"CCR",50,"P2",2024-09-30,6.4,1527.3528,NA,NA,20,20.4076,5.1074,57.489,123.323
"CCR",50,"P2",2024-09-30,6.5,1527.3528,NA,NA,20,20.3602,5.2296,58.693,121.808
"CCR",50,"P2",2024-09-30,6.6,1527.3528,NA,NA,20,20.3012,5.3108,58.551,119.409
"CCR",50,"P2",2024-09-30,6.7,1527.3528,NA,NA,20,20.1678,5.2862,57.484,117.909
"CCR",50,"P2",2024-09-30,6.8,1527.3528,NA,NA,20,20.0095,5.2027,55.077,117.654
"CCR",50,"P2",2024-09-30,6.9,1527.3528,NA,NA,20,19.8626,4.9446,51.849,117.573
"CCR",50,"P2",2024-09-30,7,1527.3528,NA,NA,20,19.8163,4.7018,51.69,117.907
"CCR",50,"P2",2024-09-30,7.1,1527.3528,NA,NA,20,19.7304,4.7428,50.314,121.183
"CCR",50,"P2",2024-09-30,7.2,1527.3528,NA,NA,20,19.6182,4.6077,45.85,122.345
"CCR",50,"P2",2024-09-30,7.3,1527.3528,NA,NA,20,19.5032,4.2082,41.525,121.642
"CCR",50,"P2",2024-09-30,7.4,1527.3528,NA,NA,20,19.3163,3.9096,39.946,122.503
"CCR",50,"P2",2024-09-30,7.5,1527.3528,NA,NA,20,19.2031,3.6887,41.159,123.055
"CCR",50,"P2",2024-09-30,7.6,1527.3528,NA,NA,20,19.4371,3.91,43.582,122.611
"CCR",50,"P2",2024-09-30,7.7,1527.3528,NA,NA,20,19.31,4.0399,43.193,122.879
"CCR",50,"P2",2024-09-30,7.8,1527.3528,NA,NA,20,19.1462,3.9616,41.452,122.996
"CCR",50,"P2",2024-09-30,7.9,1527.3528,NA,NA,20,18.9042,3.7781,40.631,123.038
"CCR",50,"P2",2024-09-30,8,1527.3528,NA,NA,20,18.953,3.8561,41.604,122.922
"CCR",50,"P2",2024-09-30,8.1,1527.3528,NA,NA,20,18.3729,3.9066,38.277,123.609
"CCR",50,"P2",2024-09-30,8.2,1527.3528,NA,NA,20,17.8008,3.6357,34.782,123.966
"CCR",50,"P2",2024-09-30,8.3,1527.3528,NA,NA,20,17.1862,3.4159,33.066,125.453
"CCR",50,"P2",2024-09-30,8.4,1527.3528,NA,NA,20,16.0453,3.2584,33.359,126.351
"CCR",50,"P2",2024-09-30,8.5,1527.3528,NA,NA,20,15.5734,3.3218,37.539,126.668
"CCR",50,"P2",2024-09-30,8.6,1527.3528,NA,NA,20,15.3879,3.7531,41.076,126.752
"CCR",50,"P2",2024-09-30,8.7,1527.3528,NA,NA,20,15.2784,4.1599,42.062,126.88
"CCR",50,"P2",2024-09-30,8.8,1527.3528,NA,NA,20,15.3783,4.1996,41.109,126.648
"CCR",50,"P2",2024-09-30,8.9,1527.3528,NA,NA,20,15.1903,4.1267,40.39,126.995
"CCR",50,"P2",2024-09-30,9,1527.3528,NA,NA,20,14.9992,4.0714,41.617,127.051
"CCR",50,"P2",2024-09-30,9.1,1527.3528,NA,NA,20,14.9521,4.2371,42.859,127.174
"CCR",50,"P2",2024-09-30,9.2,1527.3528,NA,NA,20,14.9232,4.3406,43.313,127.128
"CCR",50,"P2",2024-09-30,9.3,1527.3528,NA,NA,20,14.9251,4.3721,43.068,127.328
"CCR",50,"P2",2024-09-30,9.4,1527.3528,NA,NA,20,14.8764,4.3574,43.667,127.243
"CCR",50,"P2",2024-09-30,9.5,1527.3528,NA,NA,20,14.8223,4.4256,43.259,127.236
"CCR",50,"P2",2024-09-30,9.6,1527.3528,NA,NA,20,14.7407,4.3851,42.327,127.17
"CCR",50,"P2",2024-09-30,9.7,1527.3528,NA,NA,20,14.6978,4.2738,41.176,127.104
"CCR",50,"P2",2024-09-30,9.8,1527.3528,NA,NA,20,14.6583,4.1814,39.842,127.215
"CCR",50,"P2",2024-09-30,9.9,1527.3528,NA,NA,20,14.6277,4.0252,39.455,127.218
"CCR",50,"P2",2024-09-30,10,1527.3528,NA,NA,20,14.5994,4.0343,40.239,127.187
"CCR",50,"P2",2024-09-30,10.1,1527.3528,NA,NA,20,14.5905,4.1245,40.791,127.294
"CCR",50,"P2",2024-09-30,10.2,1527.3528,NA,NA,20,14.5669,4.1541,40.873,127.514
"CCR",50,"P2",2024-09-30,10.3,1527.3528,NA,NA,20,14.5348,4.1619,41.251,127.553
"CCR",50,"P2",2024-09-30,10.4,1527.3528,NA,NA,20,14.5129,4.2261,42.457,127.546
"CCR",50,"P2",2024-09-30,10.5,1527.3528,NA,NA,20,14.4945,4.327,42.564,127.513
"CCR",50,"P2",2024-09-30,10.6,1527.3528,NA,NA,20,14.4786,4.3114,41.732,127.531
"CCR",50,"P2",2024-09-30,10.7,1527.3528,NA,NA,20,14.4696,4.2478,41.544,127.498
"CCR",50,"P2",2024-09-30,10.8,1527.3528,NA,NA,20,14.456,4.2392,41.623,127.462
"CCR",50,"P2",2024-09-30,10.9,1527.3528,NA,NA,20,14.4471,4.2459,41.518,127.378
"CCR",50,"P2",2024-09-30,11,1527.3528,NA,NA,20,14.4382,4.2364,41.495,127.381
"CCR",50,"P2",2024-09-30,11.1,1527.3528,NA,NA,20,14.4274,4.2362,41.453,127.419
"CCR",50,"P2",2024-09-30,11.2,1527.3528,NA,NA,20,14.4233,4.2195,41.328,127.509
"CCR",50,"P2",2024-09-30,11.3,1527.3528,NA,NA,20,14.4236,4.2205,41.355,127.448
"CCR",50,"P2",2024-09-30,11.4,1527.3528,NA,NA,20,14.4136,4.2207,41.198,127.344
"CCR",50,"P2",2024-09-30,11.5,1527.3528,NA,NA,20,14.4105,4.2063,40.958,127.353
"CCR",50,"P2",2024-09-30,11.6,1527.3528,NA,NA,20,14.4006,4.1757,40.452,127.285
"CCR",50,"P2",2024-09-30,11.7,1527.3528,NA,NA,20,14.3955,4.1164,39.813,127.324
"CCR",50,"P2",2024-09-30,11.8,1527.3528,NA,NA,20,14.3967,4.0563,39.804,127.317
"CCR",50,"P2",2024-09-30,11.9,1527.3528,NA,NA,20,14.3905,4.0707,40.045,127.133
"CCR",50,"P2",2024-09-30,12,1527.3528,NA,NA,20,14.4188,4.086,40.155,127.216
"CCR",50,"P2",2024-09-30,12.1,1527.3528,NA,NA,20,14.4254,4.1174,40.223,127.301
"CCR",50,"P2",2024-09-30,12.2,1527.3528,NA,NA,20,14.4008,4.0892,39.972,127.015
"CCR",50,"P2",2024-09-30,12.3,1527.3528,NA,NA,20,14.3726,4.0968,40.144,126.957
"CCR",50,"P2",2024-09-30,12.4,1527.3528,NA,NA,20,14.3552,4.0801,39.313,126.971
"CCR",50,"P2",2024-09-30,12.5,1527.3528,NA,NA,20,14.3491,3.9668,38.34,127.071
"CCR",50,"P2",2024-09-30,12.6,1527.3528,NA,NA,20,14.3411,3.9205,38.102,127.123
"CCR",50,"P2",2024-09-30,12.7,1527.3528,NA,NA,20,14.328,3.8893,37.672,127.03
"CCR",50,"P2",2024-09-30,12.8,1527.3528,NA,NA,20,14.3269,3.8505,37.805,126.944
"CCR",50,"P2",2024-09-30,12.9,1527.3528,NA,NA,20,14.3163,3.8747,38,127.063
"CCR",50,"P2",2024-09-30,13,1527.3528,NA,NA,20,14.3136,3.8881,38.037,127.015
"CCR",50,"P2",2024-09-30,13.1,1527.3528,NA,NA,20,14.3108,3.8921,38.136,126.97
"CCR",50,"P2",2024-09-30,13.2,1527.3528,NA,NA,20,14.307,3.8998,38.235,126.967
"CCR",50,"P2",2024-09-30,13.3,1527.3528,NA,NA,20,14.3006,3.9132,38.465,127.055
"CCR",50,"P2",2024-09-30,13.4,1527.3528,NA,NA,20,14.2963,3.9371,38.615,127.061
"CCR",50,"P2",2024-09-30,13.5,1527.3528,NA,NA,20,14.2927,3.9506,38.713,127.037
"CCR",50,"P2",2024-09-30,13.6,1527.3528,NA,NA,20,14.2922,3.9629,38.892,127.064
"CCR",50,"P2",2024-09-30,13.7,1527.3528,NA,NA,20,14.2883,3.9831,38.808,126.976
"CCR",50,"P2",2024-09-30,13.8,1527.3528,NA,NA,20,14.3043,3.9355,38.354,126.953
"CCR",50,"P2",2024-09-30,13.9,1527.3528,NA,NA,20,14.3324,3.9678,38.653,126.957
"CCR",50,"P2",2024-09-30,14,1527.3528,NA,NA,20,14.3173,3.9494,38.49,126.985
"CCR",50,"P2",2024-09-30,14.1,1527.3528,NA,NA,20,14.3293,3.9303,38.505,126.993
"CCR",50,"P2",2024-09-30,14.2,1527.3528,NA,NA,20,14.3228,3.941,38.561,127.038
"CCR",50,"P2",2024-09-30,14.3,1527.3528,NA,NA,20,14.3099,3.9458,38.546,127.164
"CCR",50,"P2",2024-09-30,14.4,1527.3528,NA,NA,20,14.2914,3.9459,38.624,127.174
"CCR",50,"P2",2024-09-30,14.5,1527.3528,NA,NA,20,14.278,3.955,38.885,126.987
"CCR",50,"P2",2024-09-30,14.6,1527.3528,NA,NA,20,14.2709,3.9823,38.726,127.006
"CCR",50,"P2",2024-09-30,14.7,1527.3528,NA,NA,20,14.2613,3.9502,37.381,127.077
"CCR",50,"P2",2024-09-30,14.8,1527.3528,NA,NA,20,14.2561,3.787,35.556,127.05
"CCR",50,"P2",2024-09-30,14.9,1527.3528,NA,NA,20,14.2541,3.6273,35.541,127.068
"CCR",50,"P2",2024-09-30,15,1527.3528,NA,NA,20,14.249,3.6453,35.092,126.949
"CCR",50,"P2",2024-09-30,15.1,1527.3528,NA,NA,20,14.2455,3.6166,34.469,126.933
"CCR",50,"P2",2024-09-30,15.2,1527.3528,NA,NA,20,14.2419,3.5735,34.16,126.94
"CCR",50,"P2",2024-09-30,15.3,1527.3528,NA,NA,20,14.2372,3.5326,33.9,126.934
"CCR",50,"P2",2024-09-30,15.4,1527.3528,NA,NA,20,14.2318,3.4877,33.596,127.012
"CCR",50,"P2",2024-09-30,15.5,1527.3528,NA,NA,20,14.2275,3.4526,33.423,126.963
"CCR",50,"P2",2024-09-30,15.6,1527.3528,NA,NA,20,14.2242,3.4264,33.34,127.028
"CCR",50,"P2",2024-09-30,15.7,1527.3528,NA,NA,20,14.2233,3.4179,33.496,126.937
"CCR",50,"P2",2024-09-30,15.8,1527.3528,NA,NA,20,14.2203,3.428,33.641,126.998
"CCR",50,"P2",2024-09-30,15.9,1527.3528,NA,NA,20,14.216,3.4455,33.721,126.985
"CCR",50,"P2",2024-09-30,16,1527.3528,NA,NA,20,14.2103,3.4561,33.757,127.028
"CCR",50,"P2",2024-09-30,16.1,1527.3528,NA,NA,20,14.2042,3.4608,33.73,127.206
"CCR",50,"P2",2024-09-30,16.2,1527.3528,NA,NA,20,14.2004,3.463,33.541,127.2
"CCR",50,"P2",2024-09-30,16.3,1527.3528,NA,NA,20,14.1955,3.4537,32.677,127.159
"CCR",50,"P2",2024-09-30,16.4,1527.3528,NA,NA,20,14.1935,3.4187,31.964,127.108
"CCR",50,"P2",2024-09-30,16.5,1527.3528,NA,NA,20,14.1916,3.3523,31.458,127.16
"CCR",50,"P2",2024-09-30,16.6,1527.3528,NA,NA,20,14.188,3.2794,31.275,127.179
"CCR",50,"P2",2024-09-30,16.7,1527.3528,NA,NA,20,14.1829,3.2279,31.284,127.133
"CCR",50,"P2",2024-09-30,16.8,1527.3528,NA,NA,20,14.1775,3.2094,31.352,127.035
"CCR",50,"P2",2024-09-30,16.9,1527.3528,NA,NA,20,14.1741,3.2088,31.385,126.981
"CCR",50,"P2",2024-09-30,17,1527.3528,NA,NA,20,14.1699,3.2109,31.408,126.917
"CCR",50,"P2",2024-09-30,17.1,1527.3528,NA,NA,20,14.1599,3.2187,31.405,126.6
"CCR",50,"P2",2024-09-30,17.2,1527.3528,NA,NA,20,14.1548,3.2223,31.381,126.206
"CCR",50,"P2",2024-09-30,17.3,1527.3528,NA,NA,20,14.1477,3.226,31.28,124.315
"CCR",50,"P2",2024-09-30,18.7,1527.3528,NA,NA,20,13.747,1.2418,4.246,133.858
"CCR",50,"P2",2024-09-30,18.8,1527.3528,NA,NA,20,13.7168,0.8402,1.589,135.614
"CCR",50,"P2",2024-09-30,18.9,1527.3528,NA,NA,20,13.6965,0.44,0.791,138.776
"CCR",88,"P1",2024-09-30,0.1,1013.7648,NA,NA,11,22.2685,6.8914,82.5,115.235
"CCR",88,"P1",2024-09-30,0.2,1013.7648,NA,NA,11,21.8331,5.2056,67.308,114.981
"CCR",88,"P1",2024-09-30,0.3,1013.7648,NA,NA,11,22.2457,9.536,109.655,115.172
"CCR",88,"P1",2024-09-30,0.4,1013.7648,NA,NA,11,22.3392,7.4023,85.498,115.322
"CCR",88,"P1",2024-09-30,0.5,1013.7648,NA,NA,11,22.3683,7.165,78.608,114.688
"CCR",88,"P1",2024-09-30,0.6,1013.7648,NA,NA,11,22.3057,6.8073,78.042,114.874
"CCR",88,"P1",2024-09-30,0.7,1013.7648,NA,NA,11,22.329,6.7458,76.411,114.688
"CCR",88,"P1",2024-09-30,0.8,1013.7648,NA,NA,11,22.3476,6.6382,76.083,114.642
"CCR",88,"P1",2024-09-30,0.9,1013.7648,NA,NA,11,22.2597,6.3473,71.505,114.682
"CCR",88,"P1",2024-09-30,1,1013.7648,NA,NA,11,22.2064,5.7587,65,114.87
"CCR",88,"P1",2024-09-30,1.1,1013.7648,NA,NA,11,22.2225,5.6984,65.782,114.707
"CCR",88,"P1",2024-09-30,1.2,1013.7648,NA,NA,11,22.2402,5.53,66.072,115.361
"CCR",88,"P1",2024-09-30,1.3,1013.7648,NA,NA,11,22.3261,6.3843,103.944,115.791
"CCR",88,"P1",2024-09-30,1.4,1013.7648,NA,NA,11,22.4108,9.9764,114.937,115.836
"CCR",88,"P1",2024-09-30,1.5,1013.7648,NA,NA,11,22.4181,8.8267,101.071,115.881
"CCR",88,"P1",2024-09-30,1.6,1013.7648,NA,NA,11,22.418,8.7053,100.297,115.764
"CCR",88,"P1",2024-09-30,1.7,1013.7648,NA,NA,11,22.4183,8.6938,100.181,115.741
"CCR",88,"P1",2024-09-30,1.8,1013.7648,NA,NA,11,22.4181,8.6903,100.587,115.787
"CCR",88,"P1",2024-09-30,1.9,1013.7648,NA,NA,11,22.4183,8.7252,100.353,115.776
"CCR",88,"P1",2024-09-30,2,1013.7648,NA,NA,11,22.4182,8.7267,100.571,115.717
"CCR",88,"P1",2024-09-30,2.1,1013.7648,NA,NA,11,22.4178,8.6695,100.354,115.824
"CCR",88,"P1",2024-09-30,2.2,1013.7648,NA,NA,11,22.4184,8.7112,100.793,115.842
"CCR",88,"P1",2024-09-30,2.3,1013.7648,NA,NA,11,22.4182,8.7427,100.56,115.802
"CCR",88,"P1",2024-09-30,2.4,1013.7648,NA,NA,11,22.4179,8.7034,100.481,115.575
"CCR",88,"P1",2024-09-30,2.5,1013.7648,NA,NA,11,22.4176,8.728,100.887,110.821
"CCR",88,"P1",2024-09-30,2.7,1013.7648,NA,NA,11,22.4175,8.7069,100.512,115.888
"CCR",88,"P1",2024-09-30,2.7,1013.7648,NA,NA,11,22.4176,8.7218,100.666,115.889
"CCR",88,"P1",2024-09-30,2.8,1013.7648,NA,NA,11,22.4163,8.7367,100.547,115.884
"CCR",88,"P1",2024-09-30,2.9,1013.7648,NA,NA,11,22.4177,8.7174,100.641,115.783
"CCR",88,"P1",2024-09-30,3,1013.7648,NA,NA,11,22.4181,8.7246,100.525,115.836
"CCR",88,"P1",2024-09-30,3.1,1013.7648,NA,NA,11,22.4176,8.7151,100.562,115.851
"CCR",88,"P1",2024-09-30,3.2,1013.7648,NA,NA,11,22.417,8.7378,100.804,115.822
"CCR",88,"P1",2024-09-30,3.3,1013.7648,NA,NA,11,22.4139,8.7368,100.652,115.771
"CCR",88,"P1",2024-09-30,3.4,1013.7648,NA,NA,11,22.4119,8.6922,100.472,115.689
"CCR",88,"P1",2024-09-30,3.5,1013.7648,NA,NA,11,22.413,8.6833,100.093,115.616
"CCR",88,"P1",2024-09-30,3.6,1013.7648,NA,NA,11,22.4122,8.6993,100.062,115.61
"CCR",88,"P1",2024-09-30,3.7,1013.7648,NA,NA,11,22.4106,8.6823,99.937,115.578
"CCR",88,"P1",2024-09-30,3.8,1013.7648,NA,NA,11,22.4105,8.69,100.281,115.619
"CCR",88,"P1",2024-09-30,3.9,1013.7648,NA,NA,11,22.4105,8.6576,99.834,115.572
"CCR",88,"P1",2024-09-30,4,1013.7648,NA,NA,11,22.4102,8.6845,99.707,115.473
"CCR",88,"P1",2024-09-30,4.1,1013.7648,NA,NA,11,22.4087,8.6364,99.537,115.246
"CCR",88,"P1",2024-09-30,4.2,1013.7648,NA,NA,11,22.3952,8.6207,98.88,114.913
"CCR",88,"P1",2024-09-30,4.3,1013.7648,NA,NA,11,22.3921,8.5903,99.052,114.797
"CCR",88,"P1",2024-09-30,4.4,1013.7648,NA,NA,11,22.3869,8.5694,99.204,109.99
"CCR",88,"P1",2024-09-30,4.6,1013.7648,NA,NA,11,22.3842,8.6152,99.012,114.864
"CCR",88,"P1",2024-09-30,4.6,1013.7648,NA,NA,11,22.3811,8.5916,98.82,114.68
"CCR",88,"P1",2024-09-30,4.7,1013.7648,NA,NA,11,22.342,8.4775,97.451,113.873
"CCR",88,"P1",2024-09-30,4.8,1013.7648,NA,NA,11,22.3037,8.4219,95.963,112.189
"CCR",88,"P1",2024-09-30,4.9,1013.7648,NA,NA,11,22.168,8.1368,92.37,110.787
"CCR",88,"P1",2024-09-30,5,1013.7648,NA,NA,11,22.0456,7.8966,89.43,106.715
"CCR",88,"P1",2024-09-30,5.1,1013.7648,NA,NA,11,21.9328,7.6345,86.365,102.682
"CCR",88,"P1",2024-09-30,5.2,1013.7648,NA,NA,11,21.5986,7.1426,79.66,97.269
"CCR",88,"P1",2024-09-30,5.3,1013.7648,NA,NA,11,21.4232,6.8483,77.883,97.006
"CCR",88,"P1",2024-09-30,5.4,1013.7648,NA,NA,11,21.2965,7.053,79.054,98.192
"CCR",88,"P1",2024-09-30,5.5,1013.7648,NA,NA,11,21.1422,6.7304,75.517,100.977
"CCR",88,"P1",2024-09-30,5.6,1013.7648,NA,NA,11,21.1838,6.7565,76.92,101.497
"CCR",88,"P1",2024-09-30,5.7,1013.7648,NA,NA,11,21.1315,6.6853,74.135,106.635
"CCR",88,"P1",2024-09-30,5.8,1013.7648,NA,NA,11,20.8047,5.8948,65.62,109.765
"CCR",88,"P1",2024-09-30,5.9,1013.7648,NA,NA,11,20.6566,5.832,65.56,108.443
"CCR",88,"P1",2024-09-30,6,1013.7648,NA,NA,11,20.5548,5.9436,66.227,106.783
"CCR",88,"P1",2024-09-30,6.1,1013.7648,NA,NA,11,20.4878,5.8513,65.318,106.565
"CCR",88,"P1",2024-09-30,6.2,1013.7648,NA,NA,11,20.4557,5.8737,64.24,109.248
"CCR",88,"P1",2024-09-30,6.3,1013.7648,NA,NA,11,20.361,5.5085,59.217,113.222
"CCR",88,"P1",2024-09-30,6.4,1013.7648,NA,NA,11,20.3351,5.1316,56.604,115.714
"CCR",88,"P1",2024-09-30,6.5,1013.7648,NA,NA,11,20.3584,5.3675,60.325,117.074
"CCR",88,"P1",2024-09-30,6.6,1013.7648,NA,NA,11,20.2501,4.8126,52.302,121.339
"CCR",88,"P1",2024-09-30,6.7,1013.7648,NA,NA,11,20.2472,4.7778,54.128,120.679
"CCR",88,"P1",2024-09-30,6.8,1013.7648,NA,NA,11,20.1188,4.7613,50.758,123.776
"CCR",88,"P1",2024-09-30,6.9,1013.7648,NA,NA,11,19.9286,4.4718,49.767,122.034
"CCR",88,"P1",2024-09-30,7,1013.7648,NA,NA,11,19.822,4.4978,49.104,122.433
"CCR",88,"P1",2024-09-30,7.1,1013.7648,NA,NA,11,19.7631,4.3599,47.865,124.108
"CCR",88,"P1",2024-09-30,7.2,1013.7648,NA,NA,11,19.688,4.2588,45.804,124.048
"CCR",88,"P1",2024-09-30,7.3,1013.7648,NA,NA,11,19.6097,4.1965,45.856,122.907
"CCR",88,"P1",2024-09-30,7.4,1013.7648,NA,NA,11,19.446,4.3523,48.293,122.094
"CCR",88,"P1",2024-09-30,7.5,1013.7648,NA,NA,11,19.3284,4.2238,44.997,123.502
"CCR",88,"P1",2024-09-30,7.6,1013.7648,NA,NA,11,19.3487,4.0945,45.637,123.025
"CCR",88,"P1",2024-09-30,7.7,1013.7648,NA,NA,11,19.1423,4.1946,42.736,123.498
"CCR",88,"P1",2024-09-30,7.8,1013.7648,NA,NA,11,19.0943,3.8013,41.114,123.449
"CCR",88,"P1",2024-09-30,7.9,1013.7648,NA,NA,11,18.8602,3.8232,39.939,122.517
"CCR",88,"P1",2024-09-30,8,1013.7648,NA,NA,11,18.4122,3.8112,36.666,122.464
"CCR",88,"P1",2024-09-30,8.1,1013.7648,NA,NA,11,17.7988,3.4822,32.188,123.28
"CCR",88,"P1",2024-09-30,8.2,1013.7648,NA,NA,11,17.2937,3.0895,29.636,123.894
"CCR",88,"P1",2024-09-30,8.3,1013.7648,NA,NA,11,17.5802,3.0237,34.764,123.702
"CCR",88,"P1",2024-09-30,8.4,1013.7648,NA,NA,11,16.7675,3.4385,33.059,125.396
"CCR",88,"P1",2024-09-30,8.5,1013.7648,NA,NA,11,16.0337,3.2083,33.079,126.138
"CCR",88,"P1",2024-09-30,8.6,1013.7648,NA,NA,11,15.7928,3.608,36.778,126.146
"CCR",88,"P1",2024-09-30,8.7,1013.7648,NA,NA,11,15.7546,3.669,36.727,126.276
"CCR",88,"P1",2024-09-30,8.8,1013.7648,NA,NA,11,15.6782,3.5401,36.312,126.15
"CCR",88,"P1",2024-09-30,8.9,1013.7648,NA,NA,11,15.7228,3.5857,36.052,126.083
"CCR",88,"P1",2024-09-30,9,1013.7648,NA,NA,11,15.5323,3.6187,36.516,126.416
"CCR",88,"P1",2024-09-30,9.1,1013.7648,NA,NA,11,15.3213,3.6434,36.316,126.685
"CCR",88,"P1",2024-09-30,9.2,1013.7648,NA,NA,11,15.129,3.7392,37.226,126.62
"CCR",88,"P1",2024-09-30,9.3,1013.7648,NA,NA,11,14.943,3.7429,36.974,126.818
"CCR",88,"P1",2024-09-30,9.4,1013.7648,NA,NA,11,14.7438,3.7518,37.326,126.968
"CCR",88,"P1",2024-09-30,9.5,1013.7648,NA,NA,11,14.6836,3.8161,37.816,126.902
"CCR",88,"P1",2024-09-30,9.6,1013.7648,NA,NA,11,14.6757,3.8314,37.583,126.915
"CCR",88,"P1",2024-09-30,9.7,1013.7648,NA,NA,11,14.6642,3.8093,37.507,126.993
"CCR",88,"P1",2024-09-30,9.8,1013.7648,NA,NA,11,14.6509,3.8076,37.399,127.033
"CCR",88,"P1",2024-09-30,9.9,1013.7648,NA,NA,11,14.6355,3.7989,37.388,126.967
"CCR",88,"P1",2024-09-30,10,1013.7648,NA,NA,11,14.5968,3.7881,37.008,127
"CCR",88,"P1",2024-09-30,10.1,1013.7648,NA,NA,11,14.5905,3.7498,36.941,127.003
"CCR",88,"P1",2024-09-30,10.2,1013.7648,NA,NA,11,14.5846,3.7637,36.914,126.965
"CCR",88,"P1",2024-09-30,10.3,1013.7648,NA,NA,11,14.5542,3.7375,36.286,127.247
"CCR",88,"P1",2024-09-30,10.4,1013.7648,NA,NA,11,14.5493,3.5428,33.852,127.248
"CCR",88,"P1",2024-09-30,10.5,1013.7648,NA,NA,11,14.5335,3.4786,32.612,127.785
"CCR",88,"P1",2024-09-30,10.6,1013.7648,NA,NA,11,14.5186,2.9914,28.178,127.935
"CCR",88,"P1",2024-09-30,10.7,1013.7648,NA,NA,11,14.5455,3.1589,31.142,127.686
"CCR",88,"P1",2024-09-30,10.7,1013.7648,NA,NA,11,14.5401,3.1634,31.241,127.737
"CCR",90,"C2",2024-09-30,0.1,561.7464,NA,NA,4.3,21.7492,5.6258,67.329,113.76
"CCR",90,"C2",2024-09-30,0.2,561.7464,NA,NA,4.3,22.2999,7.2772,87.59,113.913
"CCR",90,"C2",2024-09-30,0.3,561.7464,NA,NA,4.3,22.3499,7.6044,95.5,114.211
"CCR",90,"C2",2024-09-30,0.4,561.7464,NA,NA,4.3,22.3989,8.6301,110.676,114.308
"CCR",90,"C2",2024-09-30,0.5,561.7464,NA,NA,4.3,22.4138,9.5536,104.67,114.215
"CCR",90,"C2",2024-09-30,0.6,561.7464,NA,NA,4.3,22.4174,8.9812,101.199,114.273
"CCR",90,"C2",2024-09-30,0.7,561.7464,NA,NA,4.3,22.421,8.7742,100.421,114.294
"CCR",90,"C2",2024-09-30,0.8,561.7464,NA,NA,4.3,22.4224,8.703,100.343,114.318
"CCR",90,"C2",2024-09-30,0.9,561.7464,NA,NA,4.3,22.4223,8.6998,100.282,114.314
"CCR",90,"C2",2024-09-30,1,561.7464,NA,NA,4.3,22.4219,8.7099,100.279,114.262
"CCR",90,"C2",2024-09-30,1.1,561.7464,NA,NA,4.3,22.4201,8.696,100.265,114.283
"CCR",90,"C2",2024-09-30,1.2,561.7464,NA,NA,4.3,22.4209,8.7102,100.485,114.194
"CCR",90,"C2",2024-09-30,1.3,561.7464,NA,NA,4.3,22.4203,8.7065,100.245,114.403
"CCR",90,"C2",2024-09-30,1.4,561.7464,NA,NA,4.3,22.4206,8.6969,100.412,114.391
"CCR",90,"C2",2024-09-30,1.5,561.7464,NA,NA,4.3,22.419,8.6786,100.246,114.505
"CCR",90,"C2",2024-09-30,1.6,561.7464,NA,NA,4.3,22.4187,8.6956,100.007,114.462
"CCR",90,"C2",2024-09-30,1.7,561.7464,NA,NA,4.3,22.4184,8.7019,100.326,114.457
"CCR",90,"C2",2024-09-30,1.8,561.7464,NA,NA,4.3,22.4186,8.6753,99.935,114.37
"CCR",90,"C2",2024-09-30,1.9,561.7464,NA,NA,4.3,22.419,8.6788,100.254,114.47
"CCR",90,"C2",2024-09-30,2,561.7464,NA,NA,4.3,22.4188,8.6801,100.263,114.455
"CCR",90,"C2",2024-09-30,2.1,561.7464,NA,NA,4.3,22.4188,8.6926,100.008,114.366
"CCR",90,"C2",2024-09-30,2.2,561.7464,NA,NA,4.3,22.4181,8.6777,100.351,114.479
"CCR",90,"C2",2024-09-30,2.3,561.7464,NA,NA,4.3,22.4163,8.6883,99.917,114.468
"CCR",90,"C2",2024-09-30,2.4,561.7464,NA,NA,4.3,22.4157,8.6515,99.92,114.486
"CCR",90,"C2",2024-09-30,2.5,561.7464,NA,NA,4.3,22.4065,8.6795,100.135,114.445
"CCR",90,"C2",2024-09-30,2.6,561.7464,NA,NA,4.3,22.4083,8.6682,100.101,114.499
"CCR",90,"C2",2024-09-30,2.7,561.7464,NA,NA,4.3,22.4071,8.7038,100.489,114.548
"CCR",90,"C2",2024-09-30,2.8,561.7464,NA,NA,4.3,22.4123,8.6999,99.926,114.521
"CCR",90,"C2",2024-09-30,2.9,561.7464,NA,NA,4.3,22.4131,8.6535,99.887,114.51
"CCR",90,"C2",2024-09-30,3,561.7464,NA,NA,4.3,22.4121,8.6849,99.914,114.526
"CCR",90,"C2",2024-09-30,3.1,561.7464,NA,NA,4.3,22.4114,8.6627,100.019,114.501
"CCR",90,"C2",2024-09-30,3.2,561.7464,NA,NA,4.3,22.4115,8.6739,99.877,114.401
"CCR",90,"C2",2024-09-30,3.3,561.7464,NA,NA,4.3,22.4101,8.6387,99.807,114.404
"CCR",90,"C2",2024-09-30,3.4,561.7464,NA,NA,4.3,22.4063,8.6496,99.537,114.314
"CCR",90,"C2",2024-09-30,3.5,561.7464,NA,NA,4.3,22.3963,8.6095,98.883,113.826
"CCR",90,"C2",2024-09-30,3.6,561.7464,NA,NA,4.3,22.3732,8.5604,97.705,112.892
"CCR",90,"C2",2024-09-30,3.7,561.7464,NA,NA,4.3,22.3425,8.4275,96.491,112.507
"CCR",90,"C2",2024-09-30,3.8,561.7464,NA,NA,4.3,22.3167,8.3907,96.021,111.36
"CCR",90,"C2",2024-09-30,3.9,561.7464,NA,NA,4.3,22.2272,8.2434,92.22,108.014
"CCR",90,"C2",2024-09-30,3.9,561.7464,NA,NA,4.3,22.1567,7.7635,91.193,110.89
"CCR",50,"P2",2024-10-28,0.2,1527.3528,82.296,196.2912,20,15.746,9.8978,101.971,131.894
"CCR",50,"P2",2024-10-28,0.3,1527.3528,82.296,196.2912,20,16.1599,10.0268,105.742,130.165
"CCR",50,"P2",2024-10-28,0.4,1527.3528,82.296,196.2912,20,16.2422,10.5242,108.975,132.162
"CCR",50,"P2",2024-10-28,0.5,1527.3528,82.296,196.2912,20,16.2146,7.1526,70.309,129.677
"CCR",50,"P2",2024-10-28,0.6,1527.3528,82.296,196.2912,20,14.6439,5.7476,56.398,132.783
"CCR",50,"P2",2024-10-28,0.7,1527.3528,82.296,196.2912,20,15.542,6.3097,93.888,135.238
"CCR",50,"P2",2024-10-28,0.8,1527.3528,82.296,196.2912,20,16.5032,9.4524,96.672,134.955
"CCR",50,"P2",2024-10-28,0.9,1527.3528,82.296,196.2912,20,16.5032,9.4375,96.742,135.02
"CCR",50,"P2",2024-10-28,1,1527.3528,82.296,196.2912,20,16.5041,9.4441,97.108,135.091
"CCR",50,"P2",2024-10-28,1.1,1527.3528,82.296,196.2912,20,16.5046,9.4872,97.242,135.097
"CCR",50,"P2",2024-10-28,1.2,1527.3528,82.296,196.2912,20,16.5009,9.4952,97.279,134.967
"CCR",50,"P2",2024-10-28,1.3,1527.3528,82.296,196.2912,20,16.498,9.4983,97.233,135.006
"CCR",50,"P2",2024-10-28,1.4,1527.3528,82.296,196.2912,20,16.4929,9.4928,97.16,135.072
"CCR",50,"P2",2024-10-28,1.5,1527.3528,82.296,196.2912,20,16.4984,9.507,97.22,135.021
"CCR",50,"P2",2024-10-28,1.6,1527.3528,82.296,196.2912,20,16.4972,9.507,97.322,135.111
"CCR",50,"P2",2024-10-28,1.7,1527.3528,82.296,196.2912,20,16.4995,9.5179,97.476,135.063
"CCR",50,"P2",2024-10-28,1.8,1527.3528,82.296,196.2912,20,16.4938,9.5046,97.358,135.086
"CCR",50,"P2",2024-10-28,1.9,1527.3528,82.296,196.2912,20,16.4945,9.5469,97.627,135.08
"CCR",50,"P2",2024-10-28,2,1527.3528,82.296,196.2912,20,16.4977,9.5127,97.423,135.035
"CCR",50,"P2",2024-10-28,2.1,1527.3528,82.296,196.2912,20,16.4977,9.522,97.532,135.085
"CCR",50,"P2",2024-10-28,2.2,1527.3528,82.296,196.2912,20,16.4929,9.5285,97.704,135.02
"CCR",50,"P2",2024-10-28,2.3,1527.3528,82.296,196.2912,20,16.4966,9.538,97.643,135.124
"CCR",50,"P2",2024-10-28,2.4,1527.3528,82.296,196.2912,20,16.4916,9.5291,97.574,135.065
"CCR",50,"P2",2024-10-28,2.5,1527.3528,82.296,196.2912,20,16.4963,9.5128,97.314,135.089
"CCR",50,"P2",2024-10-28,2.6,1527.3528,82.296,196.2912,20,16.4903,9.4969,97.31,135.1
"CCR",50,"P2",2024-10-28,2.7,1527.3528,82.296,196.2912,20,16.4911,9.5021,97.201,135.122
"CCR",50,"P2",2024-10-28,2.8,1527.3528,82.296,196.2912,20,16.4946,9.4885,97.2,135.067
"CCR",50,"P2",2024-10-28,2.9,1527.3528,82.296,196.2912,20,16.4936,9.4979,97.49,135.056
"CCR",50,"P2",2024-10-28,3,1527.3528,82.296,196.2912,20,16.4926,9.5201,97.492,135.092
"CCR",50,"P2",2024-10-28,3.1,1527.3528,82.296,196.2912,20,16.4915,9.5207,97.409,135.142
"CCR",50,"P2",2024-10-28,3.2,1527.3528,82.296,196.2912,20,16.4866,9.4812,97.507,135.137
"CCR",50,"P2",2024-10-28,3.3,1527.3528,82.296,196.2912,20,16.4841,9.5196,97.536,135.061
"CCR",50,"P2",2024-10-28,3.4,1527.3528,82.296,196.2912,20,16.4886,9.5535,97.768,135.196
"CCR",50,"P2",2024-10-28,3.5,1527.3528,82.296,196.2912,20,16.4918,9.5384,97.475,135.074
"CCR",50,"P2",2024-10-28,3.6,1527.3528,82.296,196.2912,20,16.4929,9.5309,97.513,135.109
"CCR",50,"P2",2024-10-28,3.7,1527.3528,82.296,196.2912,20,16.4921,9.5425,97.679,135.02
"CCR",50,"P2",2024-10-28,3.8,1527.3528,82.296,196.2912,20,16.4925,9.4846,97.019,135.094
"CCR",50,"P2",2024-10-28,3.9,1527.3528,82.296,196.2912,20,16.4923,9.5132,97.559,134.998
"CCR",50,"P2",2024-10-28,4,1527.3528,82.296,196.2912,20,16.4923,9.5232,97.668,135.115
"CCR",50,"P2",2024-10-28,4.1,1527.3528,82.296,196.2912,20,16.491,9.5484,97.837,135.127
"CCR",50,"P2",2024-10-28,4.2,1527.3528,82.296,196.2912,20,16.4919,9.5297,97.504,135.126
"CCR",50,"P2",2024-10-28,4.3,1527.3528,82.296,196.2912,20,16.4903,9.5242,97.696,135.161
"CCR",50,"P2",2024-10-28,4.4,1527.3528,82.296,196.2912,20,16.491,9.5468,97.721,135.126
"CCR",50,"P2",2024-10-28,4.5,1527.3528,82.296,196.2912,20,16.4865,9.5279,97.393,135.071
"CCR",50,"P2",2024-10-28,4.6,1527.3528,82.296,196.2912,20,16.4832,9.5445,97.654,135.121
"CCR",50,"P2",2024-10-28,4.7,1527.3528,82.296,196.2912,20,16.4861,9.5085,97.251,135.158
"CCR",50,"P2",2024-10-28,4.8,1527.3528,82.296,196.2912,20,16.4886,9.5226,97.849,135.109
"CCR",50,"P2",2024-10-28,4.9,1527.3528,82.296,196.2912,20,16.4857,9.5342,97.53,135.15
"CCR",50,"P2",2024-10-28,5,1527.3528,82.296,196.2912,20,16.4849,9.5204,97.457,129.396
"CCR",50,"P2",2024-10-28,5.2,1527.3528,82.296,196.2912,20,16.4848,9.5612,97.764,135.054
"CCR",50,"P2",2024-10-28,5.2,1527.3528,82.296,196.2912,20,16.4853,9.5594,97.705,135.072
"CCR",50,"P2",2024-10-28,5.3,1527.3528,82.296,196.2912,20,16.4869,9.5212,97.512,135.139
"CCR",50,"P2",2024-10-28,5.4,1527.3528,82.296,196.2912,20,16.486,9.5503,98.048,135.132
"CCR",50,"P2",2024-10-28,5.5,1527.3528,82.296,196.2912,20,16.4861,9.5293,97.754,135.186
"CCR",50,"P2",2024-10-28,5.6,1527.3528,82.296,196.2912,20,16.4854,9.555,97.491,135.085
"CCR",50,"P2",2024-10-28,5.7,1527.3528,82.296,196.2912,20,16.4866,9.5479,97.538,135.181
"CCR",50,"P2",2024-10-28,5.8,1527.3528,82.296,196.2912,20,16.4844,9.5492,98.108,135.058
"CCR",50,"P2",2024-10-28,5.9,1527.3528,82.296,196.2912,20,16.4784,9.5449,97.724,135.128
"CCR",50,"P2",2024-10-28,6,1527.3528,82.296,196.2912,20,16.4833,9.5171,97.655,135.103
"CCR",50,"P2",2024-10-28,6.1,1527.3528,82.296,196.2912,20,16.4834,9.5598,97.657,135.061
"CCR",50,"P2",2024-10-28,6.2,1527.3528,82.296,196.2912,20,16.4786,9.5425,97.829,133.987
"CCR",50,"P2",2024-10-28,6.2,1527.3528,82.296,196.2912,20,16.4782,9.5489,97.916,129.428
"CCR",50,"P2",2024-10-28,6.6,1527.3528,82.296,196.2912,20,16.4806,9.5729,97.771,135.098
"CCR",50,"P2",2024-10-28,6.7,1527.3528,82.296,196.2912,20,16.4838,9.5226,97.642,135.17
"CCR",50,"P2",2024-10-28,6.8,1527.3528,82.296,196.2912,20,16.4832,9.5552,97.715,135.087
"CCR",50,"P2",2024-10-28,6.9,1527.3528,82.296,196.2912,20,16.4789,9.5433,97.762,135.247
"CCR",50,"P2",2024-10-28,7,1527.3528,82.296,196.2912,20,16.4742,9.5521,97.773,135.134
"CCR",50,"P2",2024-10-28,7.1,1527.3528,82.296,196.2912,20,16.4743,9.5473,97.688,135.195
"CCR",50,"P2",2024-10-28,7.2,1527.3528,82.296,196.2912,20,16.4674,9.5773,97.776,135.138
"CCR",50,"P2",2024-10-28,7.3,1527.3528,82.296,196.2912,20,16.4755,9.5316,97.743,135.197
"CCR",50,"P2",2024-10-28,7.4,1527.3528,82.296,196.2912,20,16.4776,9.5605,98.09,135.186
"CCR",50,"P2",2024-10-28,7.5,1527.3528,82.296,196.2912,20,16.4765,9.5602,97.625,135.167
"CCR",50,"P2",2024-10-28,7.6,1527.3528,82.296,196.2912,20,16.4758,9.5304,97.642,135.168
"CCR",50,"P2",2024-10-28,7.7,1527.3528,82.296,196.2912,20,16.4746,9.5501,97.76,131.926
"CCR",50,"P2",2024-10-28,7.7,1527.3528,82.296,196.2912,20,16.4742,9.5535,97.744,129.637
"CCR",50,"P2",2024-10-28,8,1527.3528,82.296,196.2912,20,16.4654,9.526,97.737,135.163
"CCR",50,"P2",2024-10-28,8.1,1527.3528,82.296,196.2912,20,16.4608,9.5116,97.291,135.037
"CCR",50,"P2",2024-10-28,8.2,1527.3528,82.296,196.2912,20,16.4411,9.5187,96.551,134.477
"CCR",50,"P2",2024-10-28,8.3,1527.3528,82.296,196.2912,20,16.3151,9.1269,83.323,134.454
"CCR",50,"P2",2024-10-28,8.4,1527.3528,82.296,196.2912,20,16.2974,7.6056,82.267,134.289
"CCR",50,"P2",2024-10-28,8.5,1527.3528,82.296,196.2912,20,16.2789,8.2119,82.724,134.243
"CCR",50,"P2",2024-10-28,8.6,1527.3528,82.296,196.2912,20,16.24,7.9605,78.229,133.95
"CCR",50,"P2",2024-10-28,8.7,1527.3528,82.296,196.2912,20,16.2108,7.4794,74.294,133.347
"CCR",50,"P2",2024-10-28,8.8,1527.3528,82.296,196.2912,20,16.1119,6.8639,64.903,133.397
"CCR",50,"P2",2024-10-28,8.9,1527.3528,82.296,196.2912,20,16.0901,6.7387,69.37,133.253
"CCR",50,"P2",2024-10-28,9,1527.3528,82.296,196.2912,20,16.0182,6.5492,64.717,133.02
"CCR",50,"P2",2024-10-28,9.1,1527.3528,82.296,196.2912,20,16.0073,6.422,65.742,133.051
"CCR",50,"P2",2024-10-28,9.2,1527.3528,82.296,196.2912,20,15.9747,6.4403,64.491,132.952
"CCR",50,"P2",2024-10-28,9.3,1527.3528,82.296,196.2912,20,15.9547,6.3311,63.344,133.004
"CCR",50,"P2",2024-10-28,9.4,1527.3528,82.296,196.2912,20,15.942,6.2056,61.907,132.654
"CCR",50,"P2",2024-10-28,9.5,1527.3528,82.296,196.2912,20,15.9049,6.0928,58.909,132.53
"CCR",50,"P2",2024-10-28,9.6,1527.3528,82.296,196.2912,20,15.8673,5.5949,53.185,132.562
"CCR",50,"P2",2024-10-28,9.7,1527.3528,82.296,196.2912,20,15.8696,5.3214,55.803,130.502
"CCR",50,"P2",2024-10-28,9.7,1527.3528,82.296,196.2912,20,15.8658,5.427,56.283,126.789
"CCR",50,"P2",2024-10-28,10,1527.3528,82.296,196.2912,20,15.8269,5.1886,52.837,132.421
"CCR",50,"P2",2024-10-28,10.1,1527.3528,82.296,196.2912,20,15.8191,5.2516,51.864,132.238
"CCR",50,"P2",2024-10-28,10.2,1527.3528,82.296,196.2912,20,15.7959,4.9158,50.015,132.294
"CCR",50,"P2",2024-10-28,10.3,1527.3528,82.296,196.2912,20,15.784,4.9216,49.681,132.314
"CCR",50,"P2",2024-10-28,10.4,1527.3528,82.296,196.2912,20,15.7769,4.9132,49.1,132.168
"CCR",50,"P2",2024-10-28,10.5,1527.3528,82.296,196.2912,20,15.7712,4.5566,46.411,132.158
"CCR",50,"P2",2024-10-28,10.6,1527.3528,82.296,196.2912,20,15.7692,4.6341,46.886,132.193
"CCR",50,"P2",2024-10-28,10.7,1527.3528,82.296,196.2912,20,15.7655,4.6806,46.998,132.075
"CCR",50,"P2",2024-10-28,10.8,1527.3528,82.296,196.2912,20,15.7627,4.5946,46.068,132.103
"CCR",50,"P2",2024-10-28,10.9,1527.3528,82.296,196.2912,20,15.7544,4.5443,44.543,132.097
"CCR",50,"P2",2024-10-28,11,1527.3528,82.296,196.2912,20,15.7464,4.3836,43.72,132.007
"CCR",50,"P2",2024-10-28,11.1,1527.3528,82.296,196.2912,20,15.7393,4.3377,44.928,130.992
"CCR",50,"P2",2024-10-28,11.2,1527.3528,82.296,196.2912,20,15.7346,4.4136,46.659,126.315
"CCR",50,"P2",2024-10-28,11.8,1527.3528,82.296,196.2912,20,15.668,4.6241,44.219,131.876
"CCR",50,"P2",2024-10-28,11.8,1527.3528,82.296,196.2912,20,15.6613,4.4743,44.668,132.008
"CCR",50,"P2",2024-10-28,11.9,1527.3528,82.296,196.2912,20,15.6509,4.4402,48.232,131.93
"CCR",50,"P2",2024-10-28,12,1527.3528,82.296,196.2912,20,15.635,4.7961,51.856,131.924
"CCR",50,"P2",2024-10-28,12.1,1527.3528,82.296,196.2912,20,15.6229,5.0844,53.097,131.911
"CCR",50,"P2",2024-10-28,12.2,1527.3528,82.296,196.2912,20,15.6133,5.259,52.778,131.922
"CCR",50,"P2",2024-10-28,12.3,1527.3528,82.296,196.2912,20,15.6058,5.2882,51.845,131.906
"CCR",50,"P2",2024-10-28,12.4,1527.3528,82.296,196.2912,20,15.5931,5.2137,49.204,131.736
"CCR",50,"P2",2024-10-28,12.5,1527.3528,82.296,196.2912,20,15.5809,5.0007,46.15,131.776
"CCR",50,"P2",2024-10-28,12.6,1527.3528,82.296,196.2912,20,15.5712,4.688,44.571,131.773
"CCR",50,"P2",2024-10-28,12.7,1527.3528,82.296,196.2912,20,15.563,4.4682,44.839,131.83
"CCR",50,"P2",2024-10-28,12.8,1527.3528,82.296,196.2912,20,15.5564,4.4424,45.935,131.885
"CCR",50,"P2",2024-10-28,12.9,1527.3528,82.296,196.2912,20,15.5509,4.5758,47.151,131.807
"CCR",50,"P2",2024-10-28,13,1527.3528,82.296,196.2912,20,15.547,4.7127,47.623,131.829
"CCR",50,"P2",2024-10-28,13.1,1527.3528,82.296,196.2912,20,15.5446,4.7471,47.605,131.844
"CCR",50,"P2",2024-10-28,13.2,1527.3528,82.296,196.2912,20,15.5415,4.7368,47.38,131.867
"CCR",50,"P2",2024-10-28,13.3,1527.3528,82.296,196.2912,20,15.5391,4.7064,47.134,131.985
"CCR",50,"P2",2024-10-28,13.4,1527.3528,82.296,196.2912,20,15.5362,4.6952,47.013,131.818
"CCR",50,"P2",2024-10-28,13.5,1527.3528,82.296,196.2912,20,15.5299,4.6541,46.293,131.646
"CCR",50,"P2",2024-10-28,13.6,1527.3528,82.296,196.2912,20,15.5246,4.5643,45.592,131.646
"CCR",50,"P2",2024-10-28,13.7,1527.3528,82.296,196.2912,20,15.518,4.5313,45.232,131.639
"CCR",50,"P2",2024-10-28,13.8,1527.3528,82.296,196.2912,20,15.5078,4.5008,44.253,131.553
"CCR",50,"P2",2024-10-28,13.9,1527.3528,82.296,196.2912,20,15.5007,4.3801,42.88,131.582
"CCR",50,"P2",2024-10-28,14,1527.3528,82.296,196.2912,20,15.4964,4.2765,42.417,131.512
"CCR",50,"P2",2024-10-28,14.1,1527.3528,82.296,196.2912,20,15.4928,4.2252,42.255,131.452
"CCR",50,"P2",2024-10-28,14.2,1527.3528,82.296,196.2912,20,15.4901,4.2109,41.918,131.437
"CCR",50,"P2",2024-10-28,14.3,1527.3528,82.296,196.2912,20,15.4884,4.1574,41.663,131.543
"CCR",50,"P2",2024-10-28,14.4,1527.3528,82.296,196.2912,20,15.4872,4.1656,41.912,131.496
"CCR",50,"P2",2024-10-28,14.5,1527.3528,82.296,196.2912,20,15.4838,4.1763,41.349,131.45
"CCR",50,"P2",2024-10-28,14.6,1527.3528,82.296,196.2912,20,15.4774,4.104,39.973,131.296
"CCR",50,"P2",2024-10-28,14.7,1527.3528,82.296,196.2912,20,15.4731,3.9594,38.909,131.318
"CCR",50,"P2",2024-10-28,14.8,1527.3528,82.296,196.2912,20,15.4683,3.8827,38.649,131.437
"CCR",50,"P2",2024-10-28,14.9,1527.3528,82.296,196.2912,20,15.4638,3.8573,38.104,131.493
"CCR",50,"P2",2024-10-28,15,1527.3528,82.296,196.2912,20,15.4597,3.8032,36.398,131.487
"CCR",50,"P2",2024-10-28,15.1,1527.3528,82.296,196.2912,20,15.4553,3.5784,34.786,131.492
"CCR",50,"P2",2024-10-28,15.2,1527.3528,82.296,196.2912,20,15.4512,3.6276,37.238,131.417
"CCR",50,"P2",2024-10-28,15.3,1527.3528,82.296,196.2912,20,15.4498,3.7116,36.61,131.484
"CCR",50,"P2",2024-10-28,15.4,1527.3528,82.296,196.2912,20,15.4451,3.626,36.327,131.488
"CCR",50,"P2",2024-10-28,15.5,1527.3528,82.296,196.2912,20,15.4421,3.7881,38.018,131.424
"CCR",50,"P2",2024-10-28,15.6,1527.3528,82.296,196.2912,20,15.4375,3.8895,38.991,131.369
"CCR",50,"P2",2024-10-28,15.7,1527.3528,82.296,196.2912,20,15.434,3.8452,38.504,131.412
"CCR",50,"P2",2024-10-28,15.8,1527.3528,82.296,196.2912,20,15.4315,3.8732,39.051,131.38
"CCR",50,"P2",2024-10-28,15.9,1527.3528,82.296,196.2912,20,15.4289,3.9106,39.004,131.369
"CCR",50,"P2",2024-10-28,16,1527.3528,82.296,196.2912,20,15.4255,3.8197,37.515,131.375
"CCR",50,"P2",2024-10-28,16.1,1527.3528,82.296,196.2912,20,15.4235,3.6664,36.478,131.325
"CCR",50,"P2",2024-10-28,16.2,1527.3528,82.296,196.2912,20,15.4218,3.6285,36.132,131.449
"CCR",50,"P2",2024-10-28,16.3,1527.3528,82.296,196.2912,20,15.4183,3.598,35.388,131.296
"CCR",50,"P2",2024-10-28,16.4,1527.3528,82.296,196.2912,20,15.4152,3.5497,35.391,131.273
"CCR",50,"P2",2024-10-28,16.5,1527.3528,82.296,196.2912,20,15.4074,3.5364,36.746,131.35
"CCR",50,"P2",2024-10-28,16.6,1527.3528,82.296,196.2912,20,15.4043,3.7119,37.824,131.336
"CCR",50,"P2",2024-10-28,16.7,1527.3528,82.296,196.2912,20,15.3976,3.7593,37.066,131.243
"CCR",50,"P2",2024-10-28,16.8,1527.3528,82.296,196.2912,20,15.3915,3.6946,36.563,131.23
"CCR",50,"P2",2024-10-28,16.9,1527.3528,82.296,196.2912,20,15.383,3.6406,35.677,131.217
"CCR",50,"P2",2024-10-28,17,1527.3528,82.296,196.2912,20,15.3752,3.549,34.921,131.353
"CCR",50,"P2",2024-10-28,17.1,1527.3528,82.296,196.2912,20,15.3671,3.4924,34.46,131.34
"CCR",50,"P2",2024-10-28,17.2,1527.3528,82.296,196.2912,20,15.3598,3.3876,34.022,131.318
"CCR",50,"P2",2024-10-28,17.3,1527.3528,82.296,196.2912,20,15.3575,3.4309,34.465,131.675
"CCR",50,"P2",2024-10-28,17.4,1527.3528,82.296,196.2912,20,15.3452,3.4534,33.713,131.746
"CCR",50,"P2",2024-10-28,17.5,1527.3528,82.296,196.2912,20,15.3297,3.4108,32.1,131.976
"CCR",50,"P2",2024-10-28,17.6,1527.3528,82.296,196.2912,20,15.3156,3.273,30.373,132.089
"CCR",50,"P2",2024-10-28,17.7,1527.3528,82.296,196.2912,20,15.3021,3.0968,29.041,132.128
"CCR",50,"P2",2024-10-28,17.8,1527.3528,82.296,196.2912,20,15.2962,2.9088,28.397,132.253
"CCR",50,"P2",2024-10-28,17.9,1527.3528,82.296,196.2912,20,15.2895,2.8448,28.598,132.761
"CCR",50,"P2",2024-10-28,18,1527.3528,82.296,196.2912,20,15.2754,2.8657,27.7,133.898
"CCR",50,"P2",2024-10-28,18.1,1527.3528,82.296,196.2912,20,15.2445,2.7775,24.86,134.251
"CCR",50,"P2",2024-10-28,18.2,1527.3528,82.296,196.2912,20,15.2125,2.4944,20.537,134.201
"CCR",50,"P2",2024-10-28,18.3,1527.3528,82.296,196.2912,20,15.2127,1.9421,20.821,134.505
"CCR",50,"P2",2024-10-28,18.4,1527.3528,82.296,196.2912,20,15.1918,2.1936,21.314,134.935
"CCR",50,"P2",2024-10-28,18.5,1527.3528,82.296,196.2912,20,15.1661,2.0608,17.145,135.427
"CCR",50,"P2",2024-10-28,18.6,1527.3528,82.296,196.2912,20,15.1417,1.6343,15.238,135.908
"CCR",50,"P2",2024-10-28,18.7,1527.3528,82.296,196.2912,20,15.1101,1.286,13.97,136.173
"CCR",50,"P2",2024-10-28,18.8,1527.3528,82.296,196.2912,20,15.0588,1.346,12.028,136.922
"CCR",50,"P2",2024-10-28,18.9,1527.3528,82.296,196.2912,20,15.0151,1.0903,9,137.486
"CCR",50,"P2",2024-10-28,19,1527.3528,82.296,196.2912,20,14.9899,0.9073,7.18,138.37
"CCR",50,"P2",2024-10-28,19.1,1527.3528,82.296,196.2912,20,14.9503,0.7731,5.081,139.201
"CCR",50,"P2",2024-10-28,19.2,1527.3528,82.296,196.2912,20,14.9133,0.6679,2.952,139.879
"CCR",88,"P1",2024-10-28,0.1,1013.7648,82.296,196.2912,11,16.0279,10.2545,105.872,133.369
"CCR",88,"P1",2024-10-28,0.2,1013.7648,82.296,196.2912,11,16.3132,10.3117,108.067,133.085
"CCR",88,"P1",2024-10-28,0.3,1013.7648,82.296,196.2912,11,16.3661,10.6777,109.364,133.538
"CCR",88,"P1",2024-10-28,0.4,1013.7648,82.296,196.2912,11,16.4037,10.2213,87.776,133.745
"CCR",88,"P1",2024-10-28,0.5,1013.7648,82.296,196.2912,11,16.4213,7.7764,77.601,133.87
"CCR",88,"P1",2024-10-28,0.6,1013.7648,82.296,196.2912,11,15.6515,5.9994,61.711,134.375
"CCR",88,"P1",2024-10-28,0.7,1013.7648,82.296,196.2912,11,16.263,7.1761,70.885,133.802
"CCR",88,"P1",2024-10-28,0.8,1013.7648,82.296,196.2912,11,16.2271,6.9579,70.174,133.355
"CCR",88,"P1",2024-10-28,0.9,1013.7648,82.296,196.2912,11,16.2597,6.9688,72.974,133.148
"CCR",88,"P1",2024-10-28,1,1013.7648,82.296,196.2912,11,16.1882,7.136,71.395,127.836
"CCR",88,"P1",2024-10-28,1.4,1013.7648,82.296,196.2912,11,16.5102,10.7811,103.356,135.153
"CCR",88,"P1",2024-10-28,1.4,1013.7648,82.296,196.2912,11,16.507,10.4196,100.881,135.156
"CCR",88,"P1",2024-10-28,1.5,1013.7648,82.296,196.2912,11,16.5024,9.6494,98.068,135.284
"CCR",88,"P1",2024-10-28,1.6,1013.7648,82.296,196.2912,11,16.5007,9.5262,97.721,135.091
"CCR",88,"P1",2024-10-28,1.7,1013.7648,82.296,196.2912,11,16.4999,9.498,97.327,135.172
"CCR",88,"P1",2024-10-28,1.8,1013.7648,82.296,196.2912,11,16.4986,9.5345,98.08,135.21
"CCR",88,"P1",2024-10-28,1.9,1013.7648,82.296,196.2912,11,16.4948,9.5565,97.363,135.232
"CCR",88,"P1",2024-10-28,2,1013.7648,82.296,196.2912,11,16.4908,9.4912,97.169,135.106
"CCR",88,"P1",2024-10-28,2.1,1013.7648,82.296,196.2912,11,16.4893,9.5283,97.975,135.123
"CCR",88,"P1",2024-10-28,2.2,1013.7648,82.296,196.2912,11,16.4875,9.5459,97.488,135.198
"CCR",88,"P1",2024-10-28,2.3,1013.7648,82.296,196.2912,11,16.4864,9.5229,97.38,135.144
"CCR",88,"P1",2024-10-28,2.4,1013.7648,82.296,196.2912,11,16.4854,9.5231,97.73,135.231
"CCR",88,"P1",2024-10-28,2.5,1013.7648,82.296,196.2912,11,16.4849,9.5234,97.599,135.219
"CCR",88,"P1",2024-10-28,2.6,1013.7648,82.296,196.2912,11,16.4843,9.537,97.541,135.172
"CCR",88,"P1",2024-10-28,2.7,1013.7648,82.296,196.2912,11,16.4825,9.5269,97.781,135.177
"CCR",88,"P1",2024-10-28,2.8,1013.7648,82.296,196.2912,11,16.478,9.5301,97.874,135.208
"CCR",88,"P1",2024-10-28,2.9,1013.7648,82.296,196.2912,11,16.4828,9.5475,97.597,135.233
"CCR",88,"P1",2024-10-28,3,1013.7648,82.296,196.2912,11,16.4825,9.5358,97.517,135.153
"CCR",88,"P1",2024-10-28,3.1,1013.7648,82.296,196.2912,11,16.4821,9.5148,97.547,135.248
"CCR",88,"P1",2024-10-28,3.2,1013.7648,82.296,196.2912,11,16.4797,9.5408,97.69,135.174
"CCR",88,"P1",2024-10-28,3.3,1013.7648,82.296,196.2912,11,16.4804,9.5192,97.411,135.173
"CCR",88,"P1",2024-10-28,3.4,1013.7648,82.296,196.2912,11,16.4792,9.5356,97.9,135.208
"CCR",88,"P1",2024-10-28,3.5,1013.7648,82.296,196.2912,11,16.4768,9.5199,97.565,135.278
"CCR",88,"P1",2024-10-28,3.6,1013.7648,82.296,196.2912,11,16.4728,9.5252,97.418,135.152
"CCR",88,"P1",2024-10-28,3.7,1013.7648,82.296,196.2912,11,16.4737,9.5002,97.04,135.147
"CCR",88,"P1",2024-10-28,3.8,1013.7648,82.296,196.2912,11,16.4727,9.4759,97.034,135.044
"CCR",88,"P1",2024-10-28,3.9,1013.7648,82.296,196.2912,11,16.4718,9.4854,97.423,131.887
"CCR",88,"P1",2024-10-28,3.9,1013.7648,82.296,196.2912,11,16.4718,9.4917,97.5,129.634
"CCR",88,"P1",2024-10-28,4.3,1013.7648,82.296,196.2912,11,16.4704,9.5015,97.221,135.086
"CCR",88,"P1",2024-10-28,4.3,1013.7648,82.296,196.2912,11,16.4706,9.4965,97.236,135.123
"CCR",88,"P1",2024-10-28,4.4,1013.7648,82.296,196.2912,11,16.4711,9.4988,97.07,135.281
"CCR",88,"P1",2024-10-28,4.5,1013.7648,82.296,196.2912,11,16.4696,9.4726,97.191,135.297
"CCR",88,"P1",2024-10-28,4.6,1013.7648,82.296,196.2912,11,16.47,9.5022,96.9,135.219
"CCR",88,"P1",2024-10-28,4.7,1013.7648,82.296,196.2912,11,16.4693,9.481,96.695,135.213
"CCR",88,"P1",2024-10-28,4.8,1013.7648,82.296,196.2912,11,16.4683,9.4756,97.298,135.15
"CCR",88,"P1",2024-10-28,4.9,1013.7648,82.296,196.2912,11,16.4678,9.5322,97.414,135.251
"CCR",88,"P1",2024-10-28,5,1013.7648,82.296,196.2912,11,16.4687,9.513,97.058,135.161
"CCR",88,"P1",2024-10-28,5.1,1013.7648,82.296,196.2912,11,16.4665,9.4766,97.191,135.203
"CCR",88,"P1",2024-10-28,5.2,1013.7648,82.296,196.2912,11,16.4665,9.5092,97.179,135.095
"CCR",88,"P1",2024-10-28,5.3,1013.7648,82.296,196.2912,11,16.4667,9.4804,96.922,135.168
"CCR",88,"P1",2024-10-28,5.4,1013.7648,82.296,196.2912,11,16.4653,9.5056,97.241,135.24
"CCR",88,"P1",2024-10-28,5.5,1013.7648,82.296,196.2912,11,16.465,9.4622,97.141,135.188
"CCR",88,"P1",2024-10-28,5.6,1013.7648,82.296,196.2912,11,16.4648,9.5028,97.256,135.194
"CCR",88,"P1",2024-10-28,5.7,1013.7648,82.296,196.2912,11,16.4635,9.504,97.081,135.242
"CCR",88,"P1",2024-10-28,5.8,1013.7648,82.296,196.2912,11,16.4593,9.4732,96.911,135.198
"CCR",88,"P1",2024-10-28,5.9,1013.7648,82.296,196.2912,11,16.4558,9.4747,97.231,134.459
"CCR",88,"P1",2024-10-28,6,1013.7648,82.296,196.2912,11,16.4552,9.5016,97.344,129.525
"CCR",88,"P1",2024-10-28,6.4,1013.7648,82.296,196.2912,11,16.4387,9.5193,97.448,135.144
"CCR",88,"P1",2024-10-28,6.5,1013.7648,82.296,196.2912,11,16.4395,9.5152,97.155,135.174
"CCR",88,"P1",2024-10-28,6.6,1013.7648,82.296,196.2912,11,16.438,9.4898,97.157,135.299
"CCR",88,"P1",2024-10-28,6.7,1013.7648,82.296,196.2912,11,16.4367,9.4981,97.099,135.193
"CCR",88,"P1",2024-10-28,6.8,1013.7648,82.296,196.2912,11,16.4337,9.493,97.118,135.26
"CCR",88,"P1",2024-10-28,6.9,1013.7648,82.296,196.2912,11,16.4296,9.5038,97.19,135.166
"CCR",88,"P1",2024-10-28,7,1013.7648,82.296,196.2912,11,16.4295,9.4892,96.925,135.207
"CCR",88,"P1",2024-10-28,7.1,1013.7648,82.296,196.2912,11,16.4307,9.519,97.463,135.264
"CCR",88,"P1",2024-10-28,7.2,1013.7648,82.296,196.2912,11,16.4307,9.5219,97.204,135.322
"CCR",88,"P1",2024-10-28,7.3,1013.7648,82.296,196.2912,11,16.4279,9.4954,96.903,135.099
"CCR",88,"P1",2024-10-28,7.4,1013.7648,82.296,196.2912,11,16.4205,9.4698,96.844,134.966
"CCR",88,"P1",2024-10-28,7.5,1013.7648,82.296,196.2912,11,16.3922,9.4764,96.665,135.032
"CCR",88,"P1",2024-10-28,7.6,1013.7648,82.296,196.2912,11,16.3904,9.4161,96.827,135.225
"CCR",88,"P1",2024-10-28,7.7,1013.7648,82.296,196.2912,11,16.3865,9.5151,96.711,135.159
"CCR",88,"P1",2024-10-28,7.8,1013.7648,82.296,196.2912,11,16.3051,9.4352,95.102,135.117
"CCR",88,"P1",2024-10-28,7.9,1013.7648,82.296,196.2912,11,16.2904,9.1447,92.382,135.126
"CCR",88,"P1",2024-10-28,8,1013.7648,82.296,196.2912,11,16.277,9.148,89.594,134.627
"CCR",88,"P1",2024-10-28,8.1,1013.7648,82.296,196.2912,11,16.2186,8.5649,83.429,134.487
"CCR",88,"P1",2024-10-28,8.2,1013.7648,82.296,196.2912,11,16.1802,8.2002,79.51,134.387
"CCR",88,"P1",2024-10-28,8.3,1013.7648,82.296,196.2912,11,16.157,7.7337,76.816,134.215
"CCR",88,"P1",2024-10-28,8.4,1013.7648,82.296,196.2912,11,16.1436,7.5562,76.015,134.03
"CCR",88,"P1",2024-10-28,8.5,1013.7648,82.296,196.2912,11,16.1299,7.4795,72.586,133.847
"CCR",88,"P1",2024-10-28,8.6,1013.7648,82.296,196.2912,11,16.1154,7.1443,66.837,133.746
"CCR",88,"P1",2024-10-28,8.7,1013.7648,82.296,196.2912,11,16.1046,6.4495,62.854,133.707
"CCR",88,"P1",2024-10-28,8.8,1013.7648,82.296,196.2912,11,16.103,6.1943,64.573,133.809
"CCR",88,"P1",2024-10-28,8.9,1013.7648,82.296,196.2912,11,16.1011,6.4366,65.916,133.594
"CCR",88,"P1",2024-10-28,9,1013.7648,82.296,196.2912,11,16.0952,6.4897,65.436,133.463
"CCR",88,"P1",2024-10-28,9.1,1013.7648,82.296,196.2912,11,16.0803,6.2899,61.478,133.552
"CCR",88,"P1",2024-10-28,9.2,1013.7648,82.296,196.2912,11,16.0824,6.0984,63.497,133.444
"CCR",88,"P1",2024-10-28,9.3,1013.7648,82.296,196.2912,11,16.0769,6.275,62.735,133.126
"CCR",88,"P1",2024-10-28,9.4,1013.7648,82.296,196.2912,11,16.0679,6.2372,59.173,133.218
"CCR",88,"P1",2024-10-28,9.5,1013.7648,82.296,196.2912,11,16.0587,5.6645,52.321,133.154
"CCR",88,"P1",2024-10-28,9.6,1013.7648,82.296,196.2912,11,16.0418,5.1945,54.826,132.927
"CCR",88,"P1",2024-10-28,9.7,1013.7648,82.296,196.2912,11,15.9971,5.4264,54.516,132.711
"CCR",88,"P1",2024-10-28,9.8,1013.7648,82.296,196.2912,11,15.952,5.3651,53.606,132.647
"CCR",88,"P1",2024-10-28,9.9,1013.7648,82.296,196.2912,11,15.9168,5.2412,52.765,132.579
"CCR",88,"P1",2024-10-28,10,1013.7648,82.296,196.2912,11,15.8769,5.216,52.326,132.725
"CCR",88,"P1",2024-10-28,10.1,1013.7648,82.296,196.2912,11,15.8533,5.1665,51.546,132.869
"CCR",88,"P1",2024-10-28,10.2,1013.7648,82.296,196.2912,11,15.8188,5.0751,49.077,133.07
"CCR",88,"P1",2024-10-28,10.3,1013.7648,82.296,196.2912,11,15.7948,4.8634,46.424,133.101
"CCR",88,"P1",2024-10-28,10.4,1013.7648,82.296,196.2912,11,15.7783,4.5504,44.773,133.286
"CCR",88,"P1",2024-10-28,10.5,1013.7648,82.296,196.2912,11,15.778,4.4292,44.949,133.207
"CCR",88,"P1",2024-10-28,10.6,1013.7648,82.296,196.2912,11,15.7825,4.5594,46.535,133.337
"CCR",88,"P1",2024-10-28,10.7,1013.7648,82.296,196.2912,11,15.7817,4.6036,46.592,133.16
"CCR",90,"C2",2024-10-28,0.1,561.7464,82.296,196.2912,4.5,16.4867,10.1726,106.759,134.738
"CCR",90,"C2",2024-10-28,0.2,561.7464,82.296,196.2912,4.5,16.496,10.345,108.965,134.782
"CCR",90,"C2",2024-10-28,0.3,561.7464,82.296,196.2912,4.5,16.4794,10.6865,109.013,134.903
"CCR",90,"C2",2024-10-28,0.4,561.7464,82.296,196.2912,4.5,16.5051,9.0951,83.77,134.95
"CCR",90,"C2",2024-10-28,0.5,561.7464,82.296,196.2912,4.5,16.465,8.0704,81.799,135.03
"CCR",90,"C2",2024-10-28,0.6,561.7464,82.296,196.2912,4.5,16.5075,6.1554,62.142,135.118
"CCR",90,"C2",2024-10-28,0.7,561.7464,82.296,196.2912,4.5,16.5048,5.3012,54.081,135.03
"CCR",90,"C2",2024-10-28,0.8,561.7464,82.296,196.2912,4.5,16.4165,9.9705,101.936,135.007
"CCR",90,"C2",2024-10-28,0.9,561.7464,82.296,196.2912,4.5,16.3974,9.9948,102.073,135.051
"CCR",90,"C2",2024-10-28,1,561.7464,82.296,196.2912,4.5,16.3927,9.9743,101.999,135.015
"CCR",90,"C2",2024-10-28,1.1,561.7464,82.296,196.2912,4.5,16.3781,9.9772,101.818,135.001
"CCR",90,"C2",2024-10-28,1.2,561.7464,82.296,196.2912,4.5,16.3735,9.9824,101.939,135.029
"CCR",90,"C2",2024-10-28,1.3,561.7464,82.296,196.2912,4.5,16.3642,9.9807,101.802,135.067
"CCR",90,"C2",2024-10-28,1.4,561.7464,82.296,196.2912,4.5,16.343,9.9718,101.709,134.959
"CCR",90,"C2",2024-10-28,1.5,561.7464,82.296,196.2912,4.5,16.3146,9.9539,101.423,135.136
"CCR",90,"C2",2024-10-28,1.6,561.7464,82.296,196.2912,4.5,16.3375,9.9679,101.707,134.995
"CCR",90,"C2",2024-10-28,1.7,561.7464,82.296,196.2912,4.5,16.2994,9.9309,100.814,135.007
"CCR",90,"C2",2024-10-28,1.8,561.7464,82.296,196.2912,4.5,16.2929,9.8523,100.603,134.99
"CCR",90,"C2",2024-10-28,1.9,561.7464,82.296,196.2912,4.5,16.2838,9.8608,100.499,135.029
"CCR",90,"C2",2024-10-28,2,561.7464,82.296,196.2912,4.5,16.2788,9.8581,100.737,135.023
"CCR",90,"C2",2024-10-28,2.1,561.7464,82.296,196.2912,4.5,16.2666,9.9103,101.309,134.973
"CCR",90,"C2",2024-10-28,2.2,561.7464,82.296,196.2912,4.5,16.2638,9.9363,101.339,134.921
"CCR",90,"C2",2024-10-28,2.3,561.7464,82.296,196.2912,4.5,16.2392,9.893,100.713,134.909
"CCR",90,"C2",2024-10-28,2.4,561.7464,82.296,196.2912,4.5,16.218,9.9331,101.883,134.983
"CCR",90,"C2",2024-10-28,2.5,561.7464,82.296,196.2912,4.5,16.2022,10.0175,101.881,135.029
"CCR",90,"C2",2024-10-28,2.6,561.7464,82.296,196.2912,4.5,16.1865,9.9844,101.045,135.098
"CCR",90,"C2",2024-10-28,2.7,561.7464,82.296,196.2912,4.5,16.1784,9.9299,101.026,134.979
"CCR",90,"C2",2024-10-28,2.8,561.7464,82.296,196.2912,4.5,16.1772,9.9374,101.319,135.036
"CCR",90,"C2",2024-10-28,2.9,561.7464,82.296,196.2912,4.5,16.1751,9.9609,101.243,134.202
"CCR",90,"C2",2024-10-28,3,561.7464,82.296,196.2912,4.5,16.1735,9.9527,101.295,129.22
"CCR",90,"C2",2024-10-28,3.2,561.7464,82.296,196.2912,4.5,16.154,9.9925,101.808,134.947
"CCR",90,"C2",2024-10-28,3.3,561.7464,82.296,196.2912,4.5,16.1445,9.9493,101.202,134.99
"CCR",90,"C2",2024-10-28,3.4,561.7464,82.296,196.2912,4.5,16.1258,9.9582,101.298,135.155
"CCR",90,"C2",2024-10-28,3.5,561.7464,82.296,196.2912,4.5,16.0831,9.9911,101.623,135.076
"CCR",90,"C2",2024-10-28,3.6,561.7464,82.296,196.2912,4.5,16.0616,9.9975,101.517,135.015
"CCR",90,"C2",2024-10-28,3.7,561.7464,82.296,196.2912,4.5,15.9878,9.9759,101.037,134.991
"CCR",90,"C2",2024-10-28,3.8,561.7464,82.296,196.2912,4.5,15.9105,9.989,100.236,134.73
"CCR",90,"C2",2024-10-28,3.9,561.7464,82.296,196.2912,4.5,15.6825,9.9104,98.964,134.67
"CCR",90,"C2",2024-10-28,4,561.7464,82.296,196.2912,4.5,15.5218,9.7558,97.972,134.828
"CCR",90,"C2",2024-10-28,4,561.7464,82.296,196.2912,4.5,15.5059,9.7663,97.971,134.823
"CCR",50,"P2",2024-12-17,0.1,1527.3528,NA,NA,20,7.6832,10.8001,90.536,135.207
"CCR",50,"P2",2024-12-17,0.2,1527.3528,NA,NA,20,7.6827,10.8029,90.483,135.089
"CCR",50,"P2",2024-12-17,0.3,1527.3528,NA,NA,20,7.6845,10.797,90.425,135.176
"CCR",50,"P2",2024-12-17,0.4,1527.3528,NA,NA,20,8.1108,9.732,84.649,135.751
"CCR",50,"P2",2024-12-17,0.5,1527.3528,NA,NA,20,8.082,9.5902,80.481,135.973
"CCR",50,"P2",2024-12-17,0.6,1527.3528,NA,NA,20,7.6265,10.7726,90.056,135.283
"CCR",50,"P2",2024-12-17,0.7,1527.3528,NA,NA,20,7.6027,10.7552,89.993,135.378
"CCR",50,"P2",2024-12-17,0.8,1527.3528,NA,NA,20,7.6084,10.7512,89.845,135.285
"CCR",50,"P2",2024-12-17,0.9,1527.3528,NA,NA,20,7.6116,10.7432,89.986,135.284
"CCR",50,"P2",2024-12-17,1,1527.3528,NA,NA,20,7.6248,10.7529,90.069,135.211
"CCR",50,"P2",2024-12-17,1.1,1527.3528,NA,NA,20,7.5997,10.749,90.05,135.333
"CCR",50,"P2",2024-12-17,1.2,1527.3528,NA,NA,20,7.5987,10.7688,90.086,135.247
"CCR",50,"P2",2024-12-17,1.3,1527.3528,NA,NA,20,7.5955,10.748,89.772,135.291
"CCR",50,"P2",2024-12-17,1.4,1527.3528,NA,NA,20,7.5923,10.7431,89.857,135.312
"CCR",50,"P2",2024-12-17,1.5,1527.3528,NA,NA,20,7.5923,10.7284,89.917,135.362
"CCR",50,"P2",2024-12-17,1.6,1527.3528,NA,NA,20,7.5921,10.7287,89.84,135.393
"CCR",50,"P2",2024-12-17,1.7,1527.3528,NA,NA,20,7.5858,10.7401,89.967,135.432
"CCR",50,"P2",2024-12-17,1.8,1527.3528,NA,NA,20,7.5865,10.7604,89.96,135.36
"CCR",50,"P2",2024-12-17,1.9,1527.3528,NA,NA,20,7.5879,10.7533,89.905,135.293
"CCR",50,"P2",2024-12-17,2,1527.3528,NA,NA,20,7.5861,10.7701,89.979,135.27
"CCR",50,"P2",2024-12-17,2.1,1527.3528,NA,NA,20,7.5879,10.7722,89.974,135.306
"CCR",50,"P2",2024-12-17,2.2,1527.3528,NA,NA,20,7.5874,10.7689,90.051,135.339
"CCR",50,"P2",2024-12-17,2.3,1527.3528,NA,NA,20,7.5867,10.7457,89.947,135.385
"CCR",50,"P2",2024-12-17,2.4,1527.3528,NA,NA,20,7.5868,10.7684,90.047,135.422
"CCR",50,"P2",2024-12-17,2.5,1527.3528,NA,NA,20,7.5883,10.7592,90.009,135.439
"CCR",50,"P2",2024-12-17,2.6,1527.3528,NA,NA,20,7.5832,10.7771,90.036,135.433
"CCR",50,"P2",2024-12-17,2.7,1527.3528,NA,NA,20,7.5842,10.7785,90.008,135.397
"CCR",50,"P2",2024-12-17,2.8,1527.3528,NA,NA,20,7.583,10.7691,89.966,135.405
"CCR",50,"P2",2024-12-17,2.9,1527.3528,NA,NA,20,7.5854,10.7963,90.084,135.348
"CCR",50,"P2",2024-12-17,3,1527.3528,NA,NA,20,7.5842,10.7768,90.02,135.425
"CCR",50,"P2",2024-12-17,3.1,1527.3528,NA,NA,20,7.584,10.7804,90.076,135.372
"CCR",50,"P2",2024-12-17,3.2,1527.3528,NA,NA,20,7.5842,10.776,90.093,135.374
"CCR",50,"P2",2024-12-17,3.3,1527.3528,NA,NA,20,7.5871,10.7869,90.218,135.356
"CCR",50,"P2",2024-12-17,3.4,1527.3528,NA,NA,20,7.5847,10.7839,90.146,135.362
"CCR",50,"P2",2024-12-17,3.5,1527.3528,NA,NA,20,7.585,10.7876,90.147,135.365
"CCR",50,"P2",2024-12-17,3.6,1527.3528,NA,NA,20,7.5895,10.777,90.022,135.459
"CCR",50,"P2",2024-12-17,3.7,1527.3528,NA,NA,20,7.5798,10.7741,90.198,135.565
"CCR",50,"P2",2024-12-17,3.8,1527.3528,NA,NA,20,7.5779,10.7576,89.939,135.57
"CCR",50,"P2",2024-12-17,3.9,1527.3528,NA,NA,20,7.5804,10.7752,89.884,135.602
"CCR",50,"P2",2024-12-17,4,1527.3528,NA,NA,20,7.5806,10.7741,90.117,135.484
"CCR",50,"P2",2024-12-17,4.1,1527.3528,NA,NA,20,7.5849,10.7792,90.074,135.465
"CCR",50,"P2",2024-12-17,4.2,1527.3528,NA,NA,20,7.5855,10.7699,90.022,135.479
"CCR",50,"P2",2024-12-17,4.3,1527.3528,NA,NA,20,7.5808,10.7683,90.037,135.516
"CCR",50,"P2",2024-12-17,4.4,1527.3528,NA,NA,20,7.5842,10.767,90.035,135.535
"CCR",50,"P2",2024-12-17,4.5,1527.3528,NA,NA,20,7.5844,10.7823,89.968,135.541
"CCR",50,"P2",2024-12-17,4.6,1527.3528,NA,NA,20,7.5809,10.7765,90.074,135.479
"CCR",50,"P2",2024-12-17,4.7,1527.3528,NA,NA,20,7.5802,10.77,90.071,135.479
"CCR",50,"P2",2024-12-17,4.8,1527.3528,NA,NA,20,7.5795,10.7627,90.156,135.538
"CCR",50,"P2",2024-12-17,4.9,1527.3528,NA,NA,20,7.5811,10.7703,89.878,135.602
"CCR",50,"P2",2024-12-17,5,1527.3528,NA,NA,20,7.579,10.7638,90.089,135.645
"CCR",50,"P2",2024-12-17,5.1,1527.3528,NA,NA,20,7.5758,10.7661,90.086,135.632
"CCR",50,"P2",2024-12-17,5.2,1527.3528,NA,NA,20,7.576,10.7634,90.03,135.598
"CCR",50,"P2",2024-12-17,5.3,1527.3528,NA,NA,20,7.5771,10.7624,90.057,135.528
"CCR",50,"P2",2024-12-17,5.4,1527.3528,NA,NA,20,7.5749,10.7741,90.034,135.753
"CCR",50,"P2",2024-12-17,5.5,1527.3528,NA,NA,20,7.5748,10.7683,89.972,135.804
"CCR",50,"P2",2024-12-17,5.6,1527.3528,NA,NA,20,7.5735,10.7596,90.057,135.797
"CCR",50,"P2",2024-12-17,5.7,1527.3528,NA,NA,20,7.5744,10.754,90.055,135.751
"CCR",50,"P2",2024-12-17,5.8,1527.3528,NA,NA,20,7.5738,10.7553,90.014,135.868
"CCR",50,"P2",2024-12-17,5.9,1527.3528,NA,NA,20,7.574,10.7721,89.978,135.829
"CCR",50,"P2",2024-12-17,6,1527.3528,NA,NA,20,7.5748,10.7507,90.034,135.789
"CCR",50,"P2",2024-12-17,6.1,1527.3528,NA,NA,20,7.574,10.7848,90.062,135.716
"CCR",50,"P2",2024-12-17,6.2,1527.3528,NA,NA,20,7.5736,10.7607,90.026,135.749
"CCR",50,"P2",2024-12-17,6.3,1527.3528,NA,NA,20,7.5738,10.7706,89.934,135.728
"CCR",50,"P2",2024-12-17,6.4,1527.3528,NA,NA,20,7.5735,10.7632,89.997,135.675
"CCR",50,"P2",2024-12-17,6.5,1527.3528,NA,NA,20,7.5733,10.7542,90.011,135.669
"CCR",50,"P2",2024-12-17,6.6,1527.3528,NA,NA,20,7.5733,10.7736,90.098,135.668
"CCR",50,"P2",2024-12-17,6.7,1527.3528,NA,NA,20,7.5731,10.7674,89.939,135.679
"CCR",50,"P2",2024-12-17,6.8,1527.3528,NA,NA,20,7.5731,10.7539,89.935,135.668
"CCR",50,"P2",2024-12-17,6.9,1527.3528,NA,NA,20,7.5734,10.7537,89.914,135.737
"CCR",50,"P2",2024-12-17,7,1527.3528,NA,NA,20,7.5722,10.7512,89.975,135.721
"CCR",50,"P2",2024-12-17,7.1,1527.3528,NA,NA,20,7.5727,10.745,89.918,135.803
"CCR",50,"P2",2024-12-17,7.2,1527.3528,NA,NA,20,7.5728,10.7533,89.753,135.779
"CCR",50,"P2",2024-12-17,7.3,1527.3528,NA,NA,20,7.5722,10.7663,90.009,135.684
"CCR",50,"P2",2024-12-17,7.4,1527.3528,NA,NA,20,7.5711,10.7697,89.896,135.685
"CCR",50,"P2",2024-12-17,7.5,1527.3528,NA,NA,20,7.5709,10.7461,89.835,135.695
"CCR",50,"P2",2024-12-17,7.6,1527.3528,NA,NA,20,7.5712,10.7476,89.908,135.717
"CCR",50,"P2",2024-12-17,7.7,1527.3528,NA,NA,20,7.5719,10.7548,89.902,135.621
"CCR",50,"P2",2024-12-17,7.8,1527.3528,NA,NA,20,7.5725,10.7581,89.933,135.629
"CCR",50,"P2",2024-12-17,7.9,1527.3528,NA,NA,20,7.5733,10.7401,89.783,135.622
"CCR",50,"P2",2024-12-17,8,1527.3528,NA,NA,20,7.5735,10.739,89.891,135.58
"CCR",50,"P2",2024-12-17,8.1,1527.3528,NA,NA,20,7.5735,10.7544,89.808,135.594
"CCR",50,"P2",2024-12-17,8.2,1527.3528,NA,NA,20,7.5743,10.753,89.983,135.65
"CCR",50,"P2",2024-12-17,8.3,1527.3528,NA,NA,20,7.5734,10.766,89.903,135.599
"CCR",50,"P2",2024-12-17,8.4,1527.3528,NA,NA,20,7.5736,10.7532,89.953,135.637
"CCR",50,"P2",2024-12-17,8.5,1527.3528,NA,NA,20,7.574,10.7651,90.044,135.629
"CCR",50,"P2",2024-12-17,8.6,1527.3528,NA,NA,20,7.5739,10.7784,90.062,135.648
"CCR",50,"P2",2024-12-17,8.7,1527.3528,NA,NA,20,7.5739,10.7674,89.873,135.58
"CCR",50,"P2",2024-12-17,8.8,1527.3528,NA,NA,20,7.5731,10.7475,89.864,135.602
"CCR",50,"P2",2024-12-17,8.9,1527.3528,NA,NA,20,7.5744,10.7666,89.999,135.607
"CCR",50,"P2",2024-12-17,9,1527.3528,NA,NA,20,7.5727,10.7555,89.719,135.668
"CCR",50,"P2",2024-12-17,9.1,1527.3528,NA,NA,20,7.5752,10.7605,89.864,135.62
"CCR",50,"P2",2024-12-17,9.2,1527.3528,NA,NA,20,7.5735,10.7501,89.952,135.626
"CCR",50,"P2",2024-12-17,9.3,1527.3528,NA,NA,20,7.5723,10.7632,89.886,135.647
"CCR",50,"P2",2024-12-17,9.4,1527.3528,NA,NA,20,7.5734,10.7533,89.87,135.606
"CCR",50,"P2",2024-12-17,9.5,1527.3528,NA,NA,20,7.573,10.7532,89.907,135.691
"CCR",50,"P2",2024-12-17,9.6,1527.3528,NA,NA,20,7.5728,10.7588,89.929,135.671
"CCR",50,"P2",2024-12-17,9.7,1527.3528,NA,NA,20,7.5725,10.7599,89.888,135.649
"CCR",50,"P2",2024-12-17,9.8,1527.3528,NA,NA,20,7.5719,10.7501,89.855,135.655
"CCR",50,"P2",2024-12-17,9.9,1527.3528,NA,NA,20,7.5718,10.7475,89.782,135.618
"CCR",50,"P2",2024-12-17,10,1527.3528,NA,NA,20,7.5729,10.738,89.729,135.471
"CCR",50,"P2",2024-12-17,10.1,1527.3528,NA,NA,20,7.5694,10.7268,89.564,135.414
"CCR",50,"P2",2024-12-17,10.2,1527.3528,NA,NA,20,7.5671,10.702,89.505,135.383
"CCR",50,"P2",2024-12-17,10.3,1527.3528,NA,NA,20,7.5715,10.7206,89.541,135.43
"CCR",50,"P2",2024-12-17,10.4,1527.3528,NA,NA,20,7.5683,10.7247,89.607,135.408
"CCR",50,"P2",2024-12-17,10.5,1527.3528,NA,NA,20,7.5731,10.7089,89.543,135.497
"CCR",50,"P2",2024-12-17,10.6,1527.3528,NA,NA,20,7.5701,10.7254,89.604,135.485
"CCR",50,"P2",2024-12-17,10.7,1527.3528,NA,NA,20,7.57,10.7282,89.589,135.458
"CCR",50,"P2",2024-12-17,10.8,1527.3528,NA,NA,20,7.5693,10.7282,89.661,135.44
"CCR",50,"P2",2024-12-17,10.9,1527.3528,NA,NA,20,7.5666,10.7298,89.713,135.394
"CCR",50,"P2",2024-12-17,11,1527.3528,NA,NA,20,7.566,10.7209,89.581,135.547
"CCR",50,"P2",2024-12-17,11.1,1527.3528,NA,NA,20,7.5685,10.7196,89.617,135.214
"CCR",50,"P2",2024-12-17,11.2,1527.3528,NA,NA,20,7.5647,10.7205,89.543,135.132
"CCR",50,"P2",2024-12-17,11.3,1527.3528,NA,NA,20,7.5604,10.706,89.379,134.991
"CCR",50,"P2",2024-12-17,11.4,1527.3528,NA,NA,20,7.5588,10.7146,89.22,135.051
"CCR",50,"P2",2024-12-17,11.5,1527.3528,NA,NA,20,7.5575,10.6658,89.031,134.969
"CCR",50,"P2",2024-12-17,11.6,1527.3528,NA,NA,20,7.5582,10.6502,89.162,134.934
"CCR",50,"P2",2024-12-17,11.7,1527.3528,NA,NA,20,7.5558,10.6779,89.181,134.997
"CCR",50,"P2",2024-12-17,11.8,1527.3528,NA,NA,20,7.5585,10.6814,89.292,134.965
"CCR",50,"P2",2024-12-17,11.9,1527.3528,NA,NA,20,7.5539,10.6669,89.034,134.941
"CCR",50,"P2",2024-12-17,12,1527.3528,NA,NA,20,7.5547,10.6537,89.249,134.92
"CCR",50,"P2",2024-12-17,12.1,1527.3528,NA,NA,20,7.5558,10.6726,89.251,134.769
"CCR",50,"P2",2024-12-17,12.2,1527.3528,NA,NA,20,7.5508,10.6364,88.7,134.854
"CCR",50,"P2",2024-12-17,12.3,1527.3528,NA,NA,20,7.5515,10.6115,88.783,134.863
"CCR",50,"P2",2024-12-17,12.4,1527.3528,NA,NA,20,7.5548,10.6572,89.067,134.872
"CCR",50,"P2",2024-12-17,12.5,1527.3528,NA,NA,20,7.5524,10.6309,88.81,134.742
"CCR",50,"P2",2024-12-17,12.6,1527.3528,NA,NA,20,7.5495,10.5961,88.689,134.634
"CCR",50,"P2",2024-12-17,12.7,1527.3528,NA,NA,20,7.5474,10.6189,88.57,134.596
"CCR",50,"P2",2024-12-17,12.8,1527.3528,NA,NA,20,7.547,10.5932,88.437,134.623
"CCR",50,"P2",2024-12-17,12.9,1527.3528,NA,NA,20,7.5469,10.5839,88.45,134.592
"CCR",50,"P2",2024-12-17,13,1527.3528,NA,NA,20,7.5481,10.6032,88.494,134.609
"CCR",50,"P2",2024-12-17,13.1,1527.3528,NA,NA,20,7.5475,10.6121,88.56,134.625
"CCR",50,"P2",2024-12-17,13.2,1527.3528,NA,NA,20,7.5489,10.5959,88.464,134.631
"CCR",50,"P2",2024-12-17,13.3,1527.3528,NA,NA,20,7.5457,10.5884,88.53,134.532
"CCR",50,"P2",2024-12-17,13.4,1527.3528,NA,NA,20,7.5421,10.6116,88.522,134.608
"CCR",50,"P2",2024-12-17,13.5,1527.3528,NA,NA,20,7.5435,10.6018,88.579,134.565
"CCR",50,"P2",2024-12-17,13.6,1527.3528,NA,NA,20,7.543,10.6007,88.64,134.515
"CCR",50,"P2",2024-12-17,13.7,1527.3528,NA,NA,20,7.5436,10.5694,88.326,134.531
"CCR",50,"P2",2024-12-17,13.8,1527.3528,NA,NA,20,7.541,10.5834,88.314,134.498
"CCR",50,"P2",2024-12-17,13.9,1527.3528,NA,NA,20,7.5421,10.5789,88.328,134.575
"CCR",50,"P2",2024-12-17,14,1527.3528,NA,NA,20,7.5414,10.6071,88.557,134.503
"CCR",50,"P2",2024-12-17,14.1,1527.3528,NA,NA,20,7.5402,10.5964,88.514,134.537
"CCR",50,"P2",2024-12-17,14.2,1527.3528,NA,NA,20,7.5401,10.5926,88.609,135.714
"CCR",50,"P2",2024-12-17,14.3,1527.3528,NA,NA,20,7.5451,10.61,88.54,136.716
"CCR",50,"P2",2024-12-17,14.4,1527.3528,NA,NA,20,7.5477,10.602,88.513,136.579
"CCR",50,"P2",2024-12-17,14.5,1527.3528,NA,NA,20,7.5602,10.5933,88.534,136.434
"CCR",50,"P2",2024-12-17,14.6,1527.3528,NA,NA,20,7.559,10.594,88.444,136.357
"CCR",50,"P2",2024-12-17,14.7,1527.3528,NA,NA,20,7.5577,10.6192,88.647,136.656
"CCR",50,"P2",2024-12-17,14.8,1527.3528,NA,NA,20,7.557,10.6151,88.589,136.678
"CCR",50,"P2",2024-12-17,14.9,1527.3528,NA,NA,20,7.5588,10.6031,88.676,136.694
"CCR",50,"P2",2024-12-17,15,1527.3528,NA,NA,20,7.5599,10.5994,88.713,136.636
"CCR",50,"P2",2024-12-17,15.1,1527.3528,NA,NA,20,7.5602,10.5949,88.547,136.608
"CCR",50,"P2",2024-12-17,15.2,1527.3528,NA,NA,20,7.5599,10.61,88.647,136.663
"CCR",50,"P2",2024-12-17,15.3,1527.3528,NA,NA,20,7.5615,10.6055,88.488,136.776
"CCR",50,"P2",2024-12-17,15.4,1527.3528,NA,NA,20,7.5638,10.5818,88.576,137.321
"CCR",50,"P2",2024-12-17,15.5,1527.3528,NA,NA,20,7.5656,10.5981,88.479,137.569
"CCR",50,"P2",2024-12-17,15.6,1527.3528,NA,NA,20,7.5636,10.5707,88.108,137.494
"CCR",50,"P2",2024-12-17,15.7,1527.3528,NA,NA,20,7.5629,10.5573,88.277,137.476
"CCR",50,"P2",2024-12-17,15.8,1527.3528,NA,NA,20,7.5612,10.5615,88.149,137.46
"CCR",50,"P2",2024-12-17,15.9,1527.3528,NA,NA,20,7.5574,10.5563,88.226,137.394
"CCR",50,"P2",2024-12-17,16,1527.3528,NA,NA,20,7.5553,10.5524,88.084,136.866
"CCR",50,"P2",2024-12-17,16.1,1527.3528,NA,NA,20,7.5506,10.5534,88.22,137.038
"CCR",50,"P2",2024-12-17,16.2,1527.3528,NA,NA,20,7.5479,10.5486,88.12,136.577
"CCR",50,"P2",2024-12-17,16.3,1527.3528,NA,NA,20,7.5378,10.548,88.09,136.077
"CCR",50,"P2",2024-12-17,16.4,1527.3528,NA,NA,20,7.5342,10.5359,87.983,136.102
"CCR",50,"P2",2024-12-17,16.5,1527.3528,NA,NA,20,7.5344,10.5217,87.815,134.544
"CCR",50,"P2",2024-12-17,16.6,1527.3528,NA,NA,20,7.5209,10.5199,87.616,134.654
"CCR",50,"P2",2024-12-17,16.7,1527.3528,NA,NA,20,7.5092,10.4211,87.002,134.385
"CCR",50,"P2",2024-12-17,16.8,1527.3528,NA,NA,20,7.4914,10.4442,86.984,134.298
"CCR",50,"P2",2024-12-17,16.9,1527.3528,NA,NA,20,7.4799,10.4135,86.868,133.757
"CCR",50,"P2",2024-12-17,17,1527.3528,NA,NA,20,7.48,10.3954,86.854,134.1
"CCR",50,"P2",2024-12-17,17.1,1527.3528,NA,NA,20,7.4812,10.4179,86.767,133.681
"CCR",50,"P2",2024-12-17,17.2,1527.3528,NA,NA,20,7.4632,10.4126,86.875,133.871
"CCR",50,"P2",2024-12-17,17.3,1527.3528,NA,NA,20,7.4684,10.4522,86.975,133.854
"CCR",50,"P2",2024-12-17,17.4,1527.3528,NA,NA,20,7.4739,10.4176,86.988,133.835
"CCR",50,"P2",2024-12-17,17.5,1527.3528,NA,NA,20,7.4598,10.4544,86.936,133.924
"CCR",50,"P2",2024-12-17,17.6,1527.3528,NA,NA,20,7.4643,10.4347,86.466,135.003
"CCR",50,"P2",2024-12-17,17.6,1527.3528,NA,NA,20,7.466,10.3346,86.251,139.716
"CCR",88,"P1",2024-12-17,0.1,1013.7648,NA,NA,11,7.8054,10.6073,89.15,133.923
"CCR",88,"P1",2024-12-17,0.2,1013.7648,NA,NA,11,8.7676,11.4547,99.624,136.018
"CCR",88,"P1",2024-12-17,0.3,1013.7648,NA,NA,11,8.6932,11.5212,100.227,134.479
"CCR",88,"P1",2024-12-17,0.4,1013.7648,NA,NA,11,8.2332,9.3013,80.017,134.765
"CCR",88,"P1",2024-12-17,0.5,1013.7648,NA,NA,11,8.2195,9.404,79.541,135.24
"CCR",88,"P1",2024-12-17,0.6,1013.7648,NA,NA,11,7.6634,10.6385,88.921,134.202
"CCR",88,"P1",2024-12-17,0.7,1013.7648,NA,NA,11,7.6788,10.6113,88.955,134.173
"CCR",88,"P1",2024-12-17,0.8,1013.7648,NA,NA,11,7.6724,10.6121,89.059,134.149
"CCR",88,"P1",2024-12-17,0.9,1013.7648,NA,NA,11,7.6754,10.625,88.912,134.183
"CCR",88,"P1",2024-12-17,1,1013.7648,NA,NA,11,7.6179,10.6207,88.789,134.26
"CCR",88,"P1",2024-12-17,1.1,1013.7648,NA,NA,11,7.6116,10.6054,88.481,134.376
"CCR",88,"P1",2024-12-17,1.2,1013.7648,NA,NA,11,7.606,10.5744,88.543,134.267
"CCR",88,"P1",2024-12-17,1.3,1013.7648,NA,NA,11,7.6056,10.5923,88.678,134.302
"CCR",88,"P1",2024-12-17,1.4,1013.7648,NA,NA,11,7.6057,10.5973,88.658,134.327
"CCR",88,"P1",2024-12-17,1.5,1013.7648,NA,NA,11,7.5976,10.5997,88.668,134.388
"CCR",88,"P1",2024-12-17,1.6,1013.7648,NA,NA,11,7.5967,10.604,88.598,134.363
"CCR",88,"P1",2024-12-17,1.7,1013.7648,NA,NA,11,7.5921,10.5931,88.534,134.416
"CCR",88,"P1",2024-12-17,1.8,1013.7648,NA,NA,11,7.5978,10.5856,88.581,134.428
"CCR",88,"P1",2024-12-17,1.9,1013.7648,NA,NA,11,7.6031,10.5624,88.41,134.43
"CCR",88,"P1",2024-12-17,2,1013.7648,NA,NA,11,7.5846,10.5771,88.164,134.374
"CCR",88,"P1",2024-12-17,2.1,1013.7648,NA,NA,11,7.5999,10.4959,87.897,134.407
"CCR",88,"P1",2024-12-17,2.2,1013.7648,NA,NA,11,7.5928,10.5179,88.026,134.409
"CCR",88,"P1",2024-12-17,2.3,1013.7648,NA,NA,11,7.583,10.5296,88.072,134.365
"CCR",88,"P1",2024-12-17,2.4,1013.7648,NA,NA,11,7.5838,10.5331,88.087,134.396
"CCR",88,"P1",2024-12-17,2.5,1013.7648,NA,NA,11,7.5836,10.5366,88.071,134.384
"CCR",88,"P1",2024-12-17,2.6,1013.7648,NA,NA,11,7.5871,10.5318,88.071,134.387
"CCR",88,"P1",2024-12-17,2.7,1013.7648,NA,NA,11,7.5902,10.5182,88.062,134.359
"CCR",88,"P1",2024-12-17,2.8,1013.7648,NA,NA,11,7.5844,10.5349,87.965,134.406
"CCR",88,"P1",2024-12-17,2.9,1013.7648,NA,NA,11,7.5809,10.5328,88.042,134.47
"CCR",88,"P1",2024-12-17,3,1013.7648,NA,NA,11,7.5813,10.5279,88,134.452
"CCR",88,"P1",2024-12-17,3.1,1013.7648,NA,NA,11,7.581,10.5195,87.836,134.452
"CCR",88,"P1",2024-12-17,3.2,1013.7648,NA,NA,11,7.5811,10.5243,88.1,134.42
"CCR",88,"P1",2024-12-17,3.3,1013.7648,NA,NA,11,7.5796,10.5261,88.079,134.47
"CCR",88,"P1",2024-12-17,3.4,1013.7648,NA,NA,11,7.5796,10.5379,88.004,134.421
"CCR",88,"P1",2024-12-17,3.5,1013.7648,NA,NA,11,7.5784,10.5204,88.108,134.448
"CCR",88,"P1",2024-12-17,3.6,1013.7648,NA,NA,11,7.5808,10.5388,88.087,134.453
"CCR",88,"P1",2024-12-17,3.7,1013.7648,NA,NA,11,7.5794,10.5406,88.008,134.424
"CCR",88,"P1",2024-12-17,3.8,1013.7648,NA,NA,11,7.5783,10.5256,88.148,134.451
"CCR",88,"P1",2024-12-17,3.9,1013.7648,NA,NA,11,7.5808,10.5515,88.31,134.451
"CCR",88,"P1",2024-12-17,4,1013.7648,NA,NA,11,7.5826,10.5702,88.155,134.479
"CCR",88,"P1",2024-12-17,4.1,1013.7648,NA,NA,11,7.5774,10.5386,88.121,134.383
"CCR",88,"P1",2024-12-17,4.2,1013.7648,NA,NA,11,7.5746,10.5399,88.136,134.433
"CCR",88,"P1",2024-12-17,4.3,1013.7648,NA,NA,11,7.5769,10.5301,87.892,134.442
"CCR",88,"P1",2024-12-17,4.4,1013.7648,NA,NA,11,7.5761,10.5258,87.882,134.45
"CCR",88,"P1",2024-12-17,4.5,1013.7648,NA,NA,11,7.5745,10.5197,87.919,134.449
"CCR",88,"P1",2024-12-17,4.6,1013.7648,NA,NA,11,7.5759,10.5386,88.094,134.435
"CCR",88,"P1",2024-12-17,4.7,1013.7648,NA,NA,11,7.5756,10.5443,88.084,134.42
"CCR",88,"P1",2024-12-17,4.8,1013.7648,NA,NA,11,7.5745,10.5405,87.899,134.372
"CCR",88,"P1",2024-12-17,4.9,1013.7648,NA,NA,11,7.5731,10.5172,87.978,134.393
"CCR",88,"P1",2024-12-17,5,1013.7648,NA,NA,11,7.5727,10.527,88.106,134.42
"CCR",88,"P1",2024-12-17,5.1,1013.7648,NA,NA,11,7.5722,10.5401,88.172,134.39
"CCR",88,"P1",2024-12-17,5.2,1013.7648,NA,NA,11,7.573,10.5473,88.185,134.353
"CCR",88,"P1",2024-12-17,5.3,1013.7648,NA,NA,11,7.5722,10.5508,88.037,134.378
"CCR",88,"P1",2024-12-17,5.4,1013.7648,NA,NA,11,7.5731,10.5276,88.066,134.353
"CCR",88,"P1",2024-12-17,5.5,1013.7648,NA,NA,11,7.5717,10.534,88.118,134.395
"CCR",88,"P1",2024-12-17,5.6,1013.7648,NA,NA,11,7.5715,10.5428,88.154,134.395
"CCR",88,"P1",2024-12-17,5.7,1013.7648,NA,NA,11,7.5708,10.5482,88.297,134.384
"CCR",88,"P1",2024-12-17,5.8,1013.7648,NA,NA,11,7.5734,10.5588,88.057,134.351
"CCR",88,"P1",2024-12-17,5.9,1013.7648,NA,NA,11,7.5707,10.5343,88.054,134.409
"CCR",88,"P1",2024-12-17,6,1013.7648,NA,NA,11,7.5717,10.5368,88.074,134.398
"CCR",88,"P1",2024-12-17,6.1,1013.7648,NA,NA,11,7.5713,10.5368,88.109,134.404
"CCR",88,"P1",2024-12-17,6.2,1013.7648,NA,NA,11,7.5672,10.5517,88.245,134.315
"CCR",88,"P1",2024-12-17,6.3,1013.7648,NA,NA,11,7.5667,10.5583,88.141,134.416
"CCR",88,"P1",2024-12-17,6.4,1013.7648,NA,NA,11,7.5662,10.5568,88.024,134.414
"CCR",88,"P1",2024-12-17,6.5,1013.7648,NA,NA,11,7.5662,10.5388,87.921,134.434
"CCR",88,"P1",2024-12-17,6.6,1013.7648,NA,NA,11,7.5662,10.5169,88.012,134.413
"CCR",88,"P1",2024-12-17,6.7,1013.7648,NA,NA,11,7.5665,10.5288,87.931,134.374
"CCR",88,"P1",2024-12-17,6.8,1013.7648,NA,NA,11,7.5692,10.5474,87.959,134.315
"CCR",88,"P1",2024-12-17,6.9,1013.7648,NA,NA,11,7.5653,10.5238,87.848,134.36
"CCR",88,"P1",2024-12-17,7,1013.7648,NA,NA,11,7.5651,10.5123,87.823,134.356
"CCR",88,"P1",2024-12-17,7.1,1013.7648,NA,NA,11,7.5654,10.5068,87.861,134.373
"CCR",88,"P1",2024-12-17,7.2,1013.7648,NA,NA,11,7.5665,10.5124,87.881,134.333
"CCR",88,"P1",2024-12-17,7.3,1013.7648,NA,NA,11,7.5661,10.527,87.974,134.335
"CCR",88,"P1",2024-12-17,7.4,1013.7648,NA,NA,11,7.5658,10.5015,87.794,134.317
"CCR",88,"P1",2024-12-17,7.5,1013.7648,NA,NA,11,7.5654,10.5038,87.879,134.393
"CCR",88,"P1",2024-12-17,7.6,1013.7648,NA,NA,11,7.565,10.5092,87.864,134.33
"CCR",88,"P1",2024-12-17,7.7,1013.7648,NA,NA,11,7.5654,10.5113,87.869,134.31
"CCR",88,"P1",2024-12-17,7.8,1013.7648,NA,NA,11,7.5654,10.5124,87.884,134.278
"CCR",88,"P1",2024-12-17,7.9,1013.7648,NA,NA,11,7.5635,10.5136,88.171,134.36
"CCR",88,"P1",2024-12-17,8,1013.7648,NA,NA,11,7.5631,10.5524,88.198,134.348
"CCR",88,"P1",2024-12-17,8.1,1013.7648,NA,NA,11,7.5625,10.5558,88.072,134.321
"CCR",88,"P1",2024-12-17,8.2,1013.7648,NA,NA,11,7.5646,10.5338,88.127,134.333
"CCR",88,"P1",2024-12-17,8.3,1013.7648,NA,NA,11,7.5651,10.5459,88.035,134.244
"CCR",88,"P1",2024-12-17,8.4,1013.7648,NA,NA,11,7.5626,10.5416,87.941,134.225
"CCR",88,"P1",2024-12-17,8.5,1013.7648,NA,NA,11,7.5616,10.5333,87.937,134.247
"CCR",88,"P1",2024-12-17,8.6,1013.7648,NA,NA,11,7.5617,10.524,87.788,134.189
"CCR",88,"P1",2024-12-17,8.7,1013.7648,NA,NA,11,7.5606,10.5093,87.692,134.126
"CCR",88,"P1",2024-12-17,8.8,1013.7648,NA,NA,11,7.5598,10.5088,87.862,133.982
"CCR",88,"P1",2024-12-17,8.9,1013.7648,NA,NA,11,7.5571,10.5154,87.71,134.016
"CCR",88,"P1",2024-12-17,9,1013.7648,NA,NA,11,7.5583,10.4801,87.568,133.849
"CCR",88,"P1",2024-12-17,9.1,1013.7648,NA,NA,11,7.5589,10.4769,87.343,133.933
"CCR",88,"P1",2024-12-17,9.2,1013.7648,NA,NA,11,7.56,10.4775,87.458,133.916
"CCR",88,"P1",2024-12-17,9.3,1013.7648,NA,NA,11,7.5582,10.4635,87.585,134.052
"CCR",88,"P1",2024-12-17,9.4,1013.7648,NA,NA,11,7.5559,10.479,87.505,134.042
"CCR",88,"P1",2024-12-17,9.5,1013.7648,NA,NA,11,7.5569,10.4716,87.773,134.008
"CCR",88,"P1",2024-12-17,9.6,1013.7648,NA,NA,11,7.559,10.4985,87.668,133.405
"CCR",88,"P1",2024-12-17,9.7,1013.7648,NA,NA,11,7.5558,10.4769,87.163,133.684
"CCR",88,"P1",2024-12-17,9.8,1013.7648,NA,NA,11,7.5596,10.4433,87.311,133.923
"CCR",88,"P1",2024-12-17,9.9,1013.7648,NA,NA,11,7.5592,10.4476,87.396,133.917
"CCR",88,"P1",2024-12-17,10,1013.7648,NA,NA,11,7.5595,10.4499,87.544,133.84
"CCR",88,"P1",2024-12-17,10.1,1013.7648,NA,NA,11,7.5608,10.4805,87.587,133.597
"CCR",88,"P1",2024-12-17,10.2,1013.7648,NA,NA,11,7.5593,10.4877,87.411,133.698
"CCR",88,"P1",2024-12-17,10.3,1013.7648,NA,NA,11,7.5702,10.4272,87.179,133.934
"CCR",88,"P1",2024-12-17,10.4,1013.7648,NA,NA,11,7.5599,10.4601,87.353,133.835
"CCR",90,"C2",2024-12-17,0.1,561.7464,NA,NA,4,7.6571,10.8672,91.046,123.206
"CCR",90,"C2",2024-12-17,0.2,561.7464,NA,NA,4,8.0203,9.2644,82.265,126.466
"CCR",90,"C2",2024-12-17,0.3,561.7464,NA,NA,4,8.0653,9.6089,83.321,124.887
"CCR",90,"C2",2024-12-17,0.4,561.7464,NA,NA,4,8.0108,9.4353,79.083,124.625
"CCR",90,"C2",2024-12-17,0.5,561.7464,NA,NA,4,7.6339,10.887,90.99,123.277
"CCR",90,"C2",2024-12-17,0.6,561.7464,NA,NA,4,7.6054,10.882,91.182,123.313
"CCR",90,"C2",2024-12-17,0.7,561.7464,NA,NA,4,7.5939,10.9105,91.092,123.387
"CCR",90,"C2",2024-12-17,0.8,561.7464,NA,NA,4,7.6007,10.8761,90.962,123.438
"CCR",90,"C2",2024-12-17,0.9,561.7464,NA,NA,4,7.571,10.8807,90.951,123.487
"CCR",90,"C2",2024-12-17,1,561.7464,NA,NA,4,7.5695,10.8769,90.928,123.737
"CCR",90,"C2",2024-12-17,1.1,561.7464,NA,NA,4,7.4975,10.8907,90.996,124.078
"CCR",90,"C2",2024-12-17,1.2,561.7464,NA,NA,4,7.5578,10.9175,91.174,123.663
"CCR",90,"C2",2024-12-17,1.3,561.7464,NA,NA,4,7.5254,10.8925,91.178,124.382
"CCR",90,"C2",2024-12-17,1.4,561.7464,NA,NA,4,7.5251,10.9229,91.043,124.578
"CCR",90,"C2",2024-12-17,1.5,561.7464,NA,NA,4,7.4977,10.9295,91.24,124.515
"CCR",90,"C2",2024-12-17,1.6,561.7464,NA,NA,4,7.4957,10.9267,91.109,124.305
"CCR",90,"C2",2024-12-17,1.7,561.7464,NA,NA,4,7.4578,10.9207,90.901,123.61
"CCR",90,"C2",2024-12-17,1.8,561.7464,NA,NA,4,7.4104,10.9015,90.729,122.638
"CCR",90,"C2",2024-12-17,1.9,561.7464,NA,NA,4,7.4186,10.8861,90.659,122.672
"CCR",90,"C2",2024-12-17,2,561.7464,NA,NA,4,7.4113,10.9048,90.69,125.007
"CCR",90,"C2",2024-12-17,2.1,561.7464,NA,NA,4,7.4169,10.833,90.293,125.189
"CCR",90,"C2",2024-12-17,2.2,561.7464,NA,NA,4,7.4221,10.8278,90.202,125.434
"CCR",90,"C2",2024-12-17,2.3,561.7464,NA,NA,4,7.4279,10.84,90.338,126.468
"CCR",90,"C2",2024-12-17,2.4,561.7464,NA,NA,4,7.4282,10.8424,90.322,126.703
"CCR",90,"C2",2024-12-17,2.5,561.7464,NA,NA,4,7.4343,10.8366,90.237,126.205
"CCR",90,"C2",2024-12-17,2.6,561.7464,NA,NA,4,7.4234,10.8327,90.294,125.737
"CCR",90,"C2",2024-12-17,2.7,561.7464,NA,NA,4,7.4144,10.8426,90.129,126.168
"CCR",90,"C2",2024-12-17,2.8,561.7464,NA,NA,4,7.4225,10.8254,90.258,127.053
"CCR",90,"C2",2024-12-17,2.9,561.7464,NA,NA,4,7.434,10.831,90.249,125.918
"CCR",90,"C2",2024-12-17,3,561.7464,NA,NA,4,7.4225,10.8352,90.262,126.656
"CCR",90,"C2",2024-12-17,3.1,561.7464,NA,NA,4,7.4271,10.8272,90.16,127.068
"CCR",90,"C2",2024-12-17,3.2,561.7464,NA,NA,4,7.4315,10.8253,90.114,127.027
"CCR",90,"C2",2024-12-17,3.3,561.7464,NA,NA,4,7.4349,10.8328,90.407,126.996
"CCR",90,"C2",2024-12-17,3.4,561.7464,NA,NA,4,7.4467,10.832,90.147,126.961
"CCR",90,"C2",2024-12-17,3.4,561.7464,NA,NA,4,7.4517,10.8374,90.218,126.802
"CCR",50,"P2",2025-02-26,0.1,1527.3528,NA,NA,22.6,5.314,8.7481,68.575,140.138
"CCR",50,"P2",2025-02-26,0.2,1527.3528,NA,NA,22.6,5.3136,8.9005,69.746,140.184
"CCR",50,"P2",2025-02-26,0.3,1527.3528,NA,NA,22.6,5.3562,12.0796,95.171,140.114
"CCR",50,"P2",2025-02-26,0.4,1527.3528,NA,NA,22.6,5.3468,12.0227,95.022,140.149
"CCR",50,"P2",2025-02-26,0.5,1527.3528,NA,NA,22.6,5.3397,12.0051,94.876,140.143
"CCR",50,"P2",2025-02-26,0.6,1527.3528,NA,NA,22.6,5.3335,12.0174,94.793,140.115
"CCR",50,"P2",2025-02-26,0.7,1527.3528,NA,NA,22.6,5.3011,12.3477,89.825,140.185
"CCR",50,"P2",2025-02-26,0.8,1527.3528,NA,NA,22.6,5.2943,12.0077,94.761,140.127
"CCR",50,"P2",2025-02-26,0.9,1527.3528,NA,NA,22.6,5.2873,12.0076,94.823,140.1
"CCR",50,"P2",2025-02-26,1,1527.3528,NA,NA,22.6,5.2844,12.0232,94.883,140.107
"CCR",50,"P2",2025-02-26,1.1,1527.3528,NA,NA,22.6,5.2793,12.0063,94.663,140.162
"CCR",50,"P2",2025-02-26,1.2,1527.3528,NA,NA,22.6,5.2735,11.9929,94.68,140.122
"CCR",50,"P2",2025-02-26,1.3,1527.3528,NA,NA,22.6,5.2719,12.0211,94.818,140.111
"CCR",50,"P2",2025-02-26,1.4,1527.3528,NA,NA,22.6,5.2721,12.0168,94.791,140.173
"CCR",50,"P2",2025-02-26,1.5,1527.3528,NA,NA,22.6,5.2755,12.0263,94.793,140.126
"CCR",50,"P2",2025-02-26,1.6,1527.3528,NA,NA,22.6,5.2694,12.0163,94.867,140.181
"CCR",50,"P2",2025-02-26,1.7,1527.3528,NA,NA,22.6,5.2656,12.0015,94.61,140.172
"CCR",50,"P2",2025-02-26,1.8,1527.3528,NA,NA,22.6,5.2581,11.9988,94.73,140.149
"CCR",50,"P2",2025-02-26,1.9,1527.3528,NA,NA,22.6,5.2529,12.0048,94.703,140.196
"CCR",50,"P2",2025-02-26,2,1527.3528,NA,NA,22.6,5.2439,12.0111,94.563,140.24
"CCR",50,"P2",2025-02-26,2.1,1527.3528,NA,NA,22.6,5.24,11.9959,94.594,140.235
"CCR",50,"P2",2025-02-26,2.2,1527.3528,NA,NA,22.6,5.239,11.9915,94.536,140.212
"CCR",50,"P2",2025-02-26,2.3,1527.3528,NA,NA,22.6,5.2376,12.0129,94.575,140.235
"CCR",50,"P2",2025-02-26,2.4,1527.3528,NA,NA,22.6,5.2254,12.0007,94.45,140.224
"CCR",50,"P2",2025-02-26,2.5,1527.3528,NA,NA,22.6,5.2197,12.0012,94.45,140.279
"CCR",50,"P2",2025-02-26,2.6,1527.3528,NA,NA,22.6,5.2185,11.963,94.27,140.26
"CCR",50,"P2",2025-02-26,2.7,1527.3528,NA,NA,22.6,5.2146,11.9727,94.24,140.282
"CCR",50,"P2",2025-02-26,2.8,1527.3528,NA,NA,22.6,5.2252,11.9789,94.353,140.293
"CCR",50,"P2",2025-02-26,2.9,1527.3528,NA,NA,22.6,5.225,11.9631,94.27,140.26
"CCR",50,"P2",2025-02-26,3,1527.3528,NA,NA,22.6,5.2128,11.9696,94.172,140.238
"CCR",50,"P2",2025-02-26,3.1,1527.3528,NA,NA,22.6,5.2191,11.9576,94.228,140.282
"CCR",50,"P2",2025-02-26,3.2,1527.3528,NA,NA,22.6,5.219,11.9494,94.225,140.291
"CCR",50,"P2",2025-02-26,3.3,1527.3528,NA,NA,22.6,5.2161,11.9539,94.218,140.279
"CCR",50,"P2",2025-02-26,3.4,1527.3528,NA,NA,22.6,5.2185,11.9727,94.38,140.23
"CCR",50,"P2",2025-02-26,3.5,1527.3528,NA,NA,22.6,5.2133,11.9599,94.181,140.275
"CCR",50,"P2",2025-02-26,3.6,1527.3528,NA,NA,22.6,5.1652,11.9656,94.127,140.303
"CCR",50,"P2",2025-02-26,3.7,1527.3528,NA,NA,22.6,5.1628,11.9735,94.07,140.354
"CCR",50,"P2",2025-02-26,3.8,1527.3528,NA,NA,22.6,5.1668,11.9721,93.871,140.417
"CCR",50,"P2",2025-02-26,3.9,1527.3528,NA,NA,22.6,5.1705,11.9427,94.05,140.332
"CCR",50,"P2",2025-02-26,4,1527.3528,NA,NA,22.6,5.1754,11.9714,93.823,140.343
"CCR",50,"P2",2025-02-26,4.1,1527.3528,NA,NA,22.6,5.165,11.9354,94.234,140.283
"CCR",50,"P2",2025-02-26,4.2,1527.3528,NA,NA,22.6,5.1488,11.9627,94.173,140.35
"CCR",50,"P2",2025-02-26,4.3,1527.3528,NA,NA,22.6,5.1824,11.9697,94.142,140.341
"CCR",50,"P2",2025-02-26,4.4,1527.3528,NA,NA,22.6,5.1847,11.9523,93.844,140.233
"CCR",50,"P2",2025-02-26,4.5,1527.3528,NA,NA,22.6,5.1484,11.9723,94.247,140.385
"CCR",50,"P2",2025-02-26,4.6,1527.3528,NA,NA,22.6,5.1442,11.9487,93.957,140.342
"CCR",50,"P2",2025-02-26,4.7,1527.3528,NA,NA,22.6,5.2051,11.9921,94.302,140.288
"CCR",50,"P2",2025-02-26,4.8,1527.3528,NA,NA,22.6,5.1996,11.9644,94.325,140.239
"CCR",50,"P2",2025-02-26,4.9,1527.3528,NA,NA,22.6,5.1898,11.9663,94.172,140.295
"CCR",50,"P2",2025-02-26,5,1527.3528,NA,NA,22.6,5.1007,11.9566,93.731,140.418
"CCR",50,"P2",2025-02-26,5.1,1527.3528,NA,NA,22.6,5.0915,11.9401,93.993,140.547
"CCR",50,"P2",2025-02-26,5.2,1527.3528,NA,NA,22.6,5.0913,11.9649,94.075,140.452
"CCR",50,"P2",2025-02-26,5.3,1527.3528,NA,NA,22.6,5.0894,11.9852,93.998,140.509
"CCR",50,"P2",2025-02-26,5.4,1527.3528,NA,NA,22.6,5.1037,11.9591,93.899,140.447
"CCR",50,"P2",2025-02-26,5.5,1527.3528,NA,NA,22.6,5.0678,11.9592,93.709,140.528
"CCR",50,"P2",2025-02-26,5.6,1527.3528,NA,NA,22.6,5.06,11.9439,93.778,140.494
"CCR",50,"P2",2025-02-26,5.7,1527.3528,NA,NA,22.6,5.0822,12.0094,94.13,140.516
"CCR",50,"P2",2025-02-26,5.8,1527.3528,NA,NA,22.6,5.0921,11.9821,93.864,140.549
"CCR",50,"P2",2025-02-26,5.9,1527.3528,NA,NA,22.6,5.0581,11.9446,93.828,140.53
"CCR",50,"P2",2025-02-26,6,1527.3528,NA,NA,22.6,5.0415,11.9736,93.509,140.804
"CCR",50,"P2",2025-02-26,6.1,1527.3528,NA,NA,22.6,4.8964,11.9403,93.245,141.021
"CCR",50,"P2",2025-02-26,6.2,1527.3528,NA,NA,22.6,4.8684,11.9426,93.227,141.023
"CCR",50,"P2",2025-02-26,6.3,1527.3528,NA,NA,22.6,4.854,11.9456,93.159,141.144
"CCR",50,"P2",2025-02-26,6.4,1527.3528,NA,NA,22.6,4.841,11.9401,93.014,141.309
"CCR",50,"P2",2025-02-26,6.5,1527.3528,NA,NA,22.6,4.8185,11.9345,93.152,141.208
"CCR",50,"P2",2025-02-26,6.6,1527.3528,NA,NA,22.6,4.8274,11.9466,93.107,141.195
"CCR",50,"P2",2025-02-26,6.7,1527.3528,NA,NA,22.6,4.8144,11.9378,93.036,141.216
"CCR",50,"P2",2025-02-26,6.8,1527.3528,NA,NA,22.6,4.8152,11.9227,93.085,141.186
"CCR",50,"P2",2025-02-26,6.9,1527.3528,NA,NA,22.6,4.8233,11.935,92.944,141.2
"CCR",50,"P2",2025-02-26,7,1527.3528,NA,NA,22.6,4.7986,11.9097,92.834,141.121
"CCR",50,"P2",2025-02-26,7.1,1527.3528,NA,NA,22.6,4.7611,11.9292,92.872,141.401
"CCR",50,"P2",2025-02-26,7.2,1527.3528,NA,NA,22.6,4.7457,11.9312,92.736,141.447
"CCR",50,"P2",2025-02-26,7.3,1527.3528,NA,NA,22.6,4.7301,11.9078,92.738,141.591
"CCR",50,"P2",2025-02-26,7.4,1527.3528,NA,NA,22.6,4.699,11.9334,92.645,141.649
"CCR",50,"P2",2025-02-26,7.5,1527.3528,NA,NA,22.6,4.6971,11.9309,92.639,141.665
"CCR",50,"P2",2025-02-26,7.6,1527.3528,NA,NA,22.6,4.6665,11.9169,92.554,141.72
"CCR",50,"P2",2025-02-26,7.7,1527.3528,NA,NA,22.6,4.6585,11.935,92.644,141.685
"CCR",50,"P2",2025-02-26,7.8,1527.3528,NA,NA,22.6,4.6471,11.9252,92.7,141.862
"CCR",50,"P2",2025-02-26,7.9,1527.3528,NA,NA,22.6,4.6327,11.9526,92.609,141.933
"CCR",50,"P2",2025-02-26,8,1527.3528,NA,NA,22.6,4.6229,11.9488,92.629,141.955
"CCR",50,"P2",2025-02-26,8.1,1527.3528,NA,NA,22.6,4.6214,11.9566,92.808,141.967
"CCR",50,"P2",2025-02-26,8.2,1527.3528,NA,NA,22.6,4.6162,11.9591,92.717,141.985
"CCR",50,"P2",2025-02-26,8.3,1527.3528,NA,NA,22.6,4.612,11.9659,92.737,141.873
"CCR",50,"P2",2025-02-26,8.4,1527.3528,NA,NA,22.6,4.6024,11.9557,92.633,141.855
"CCR",50,"P2",2025-02-26,8.5,1527.3528,NA,NA,22.6,4.5987,11.9483,92.426,141.857
"CCR",50,"P2",2025-02-26,8.6,1527.3528,NA,NA,22.6,4.595,11.9248,92.601,141.875
"CCR",50,"P2",2025-02-26,8.7,1527.3528,NA,NA,22.6,4.5972,11.9456,92.63,141.857
"CCR",50,"P2",2025-02-26,8.8,1527.3528,NA,NA,22.6,4.597,11.9521,92.597,141.958
"CCR",50,"P2",2025-02-26,8.9,1527.3528,NA,NA,22.6,4.5881,11.9254,92.492,141.885
"CCR",50,"P2",2025-02-26,9,1527.3528,NA,NA,22.6,4.5457,11.9362,92.336,141.893
"CCR",50,"P2",2025-02-26,9.1,1527.3528,NA,NA,22.6,4.5352,11.9294,92.517,141.89
"CCR",50,"P2",2025-02-26,9.2,1527.3528,NA,NA,22.6,4.5309,11.9617,92.602,141.933
"CCR",50,"P2",2025-02-26,9.3,1527.3528,NA,NA,22.6,4.5166,11.966,92.429,141.951
"CCR",50,"P2",2025-02-26,9.4,1527.3528,NA,NA,22.6,4.499,11.9402,92.317,142.034
"CCR",50,"P2",2025-02-26,9.5,1527.3528,NA,NA,22.6,4.4951,11.9408,92.373,141.943
"CCR",50,"P2",2025-02-26,9.6,1527.3528,NA,NA,22.6,4.4953,11.9506,92.406,141.905
"CCR",50,"P2",2025-02-26,9.7,1527.3528,NA,NA,22.6,4.4778,11.95,92.322,142.035
"CCR",50,"P2",2025-02-26,9.8,1527.3528,NA,NA,22.6,4.4597,11.9193,92.062,142.076
"CCR",50,"P2",2025-02-26,9.9,1527.3528,NA,NA,22.6,4.4471,11.9216,92.094,142.12
"CCR",50,"P2",2025-02-26,10,1527.3528,NA,NA,22.6,4.4436,11.9327,92.111,142.176
"CCR",50,"P2",2025-02-26,10.1,1527.3528,NA,NA,22.6,4.4407,11.938,92.057,142.144
"CCR",50,"P2",2025-02-26,10.2,1527.3528,NA,NA,22.6,4.4315,11.9084,91.957,142.209
"CCR",50,"P2",2025-02-26,10.3,1527.3528,NA,NA,22.6,4.4216,11.933,91.967,142.218
"CCR",50,"P2",2025-02-26,10.4,1527.3528,NA,NA,22.6,4.4181,11.9148,91.897,142.228
"CCR",50,"P2",2025-02-26,10.5,1527.3528,NA,NA,22.6,4.4141,11.9015,91.741,142.277
"CCR",50,"P2",2025-02-26,10.6,1527.3528,NA,NA,22.6,4.4141,11.8882,91.813,142.285
"CCR",50,"P2",2025-02-26,10.7,1527.3528,NA,NA,22.6,4.4116,11.9116,91.955,142.249
"CCR",50,"P2",2025-02-26,10.8,1527.3528,NA,NA,22.6,4.4114,11.919,91.886,142.298
"CCR",50,"P2",2025-02-26,10.9,1527.3528,NA,NA,22.6,4.4104,11.9068,91.843,142.256
"CCR",50,"P2",2025-02-26,11,1527.3528,NA,NA,22.6,4.4105,11.9001,91.861,142.25
"CCR",50,"P2",2025-02-26,11.1,1527.3528,NA,NA,22.6,4.4113,11.9026,91.808,142.246
"CCR",50,"P2",2025-02-26,11.2,1527.3528,NA,NA,22.6,4.4123,11.9049,91.93,142.221
"CCR",50,"P2",2025-02-26,11.3,1527.3528,NA,NA,22.6,4.4122,11.9118,91.887,142.242
"CCR",50,"P2",2025-02-26,11.4,1527.3528,NA,NA,22.6,4.4125,11.9084,91.97,142.271
"CCR",50,"P2",2025-02-26,11.5,1527.3528,NA,NA,22.6,4.4123,11.9209,92.059,142.269
"CCR",50,"P2",2025-02-26,11.6,1527.3528,NA,NA,22.6,4.4114,11.9029,91.884,142.24
"CCR",50,"P2",2025-02-26,11.7,1527.3528,NA,NA,22.6,4.4139,11.9246,91.978,142.284
"CCR",50,"P2",2025-02-26,11.8,1527.3528,NA,NA,22.6,4.4119,11.9092,91.954,142.305
"CCR",50,"P2",2025-02-26,11.9,1527.3528,NA,NA,22.6,4.4106,11.9232,91.933,142.253
"CCR",50,"P2",2025-02-26,12,1527.3528,NA,NA,22.6,4.4106,11.9104,91.888,142.299
"CCR",50,"P2",2025-02-26,12.1,1527.3528,NA,NA,22.6,4.41,11.8976,91.746,142.256
"CCR",50,"P2",2025-02-26,12.2,1527.3528,NA,NA,22.6,4.4102,11.8993,91.951,142.267
"CCR",50,"P2",2025-02-26,12.3,1527.3528,NA,NA,22.6,4.4082,11.9175,91.866,142.306
"CCR",50,"P2",2025-02-26,12.4,1527.3528,NA,NA,22.6,4.4049,11.9084,91.872,142.291
"CCR",50,"P2",2025-02-26,12.5,1527.3528,NA,NA,22.6,4.403,11.8903,91.793,142.361
"CCR",50,"P2",2025-02-26,12.6,1527.3528,NA,NA,22.6,4.4013,11.9132,91.814,142.366
"CCR",50,"P2",2025-02-26,12.7,1527.3528,NA,NA,22.6,4.4009,11.8939,91.752,142.356
"CCR",50,"P2",2025-02-26,12.8,1527.3528,NA,NA,22.6,4.3995,11.892,91.759,142.358
"CCR",50,"P2",2025-02-26,12.9,1527.3528,NA,NA,22.6,4.3991,11.8946,91.746,142.339
"CCR",50,"P2",2025-02-26,13,1527.3528,NA,NA,22.6,4.3975,11.8991,91.805,142.374
"CCR",50,"P2",2025-02-26,13.1,1527.3528,NA,NA,22.6,4.3963,11.9058,91.903,142.37
"CCR",50,"P2",2025-02-26,13.2,1527.3528,NA,NA,22.6,4.397,11.9114,91.802,142.395
"CCR",50,"P2",2025-02-26,13.3,1527.3528,NA,NA,22.6,4.396,11.9074,91.737,142.353
"CCR",50,"P2",2025-02-26,13.4,1527.3528,NA,NA,22.6,4.3951,11.8921,91.653,142.382
"CCR",50,"P2",2025-02-26,13.5,1527.3528,NA,NA,22.6,4.3942,11.8873,91.677,142.386
"CCR",50,"P2",2025-02-26,13.6,1527.3528,NA,NA,22.6,4.3934,11.9002,91.746,142.368
"CCR",50,"P2",2025-02-26,13.7,1527.3528,NA,NA,22.6,4.3925,11.891,91.659,142.439
"CCR",50,"P2",2025-02-26,13.8,1527.3528,NA,NA,22.6,4.3914,11.9012,91.793,142.514
"CCR",50,"P2",2025-02-26,13.9,1527.3528,NA,NA,22.6,4.391,11.9044,91.749,142.472
"CCR",50,"P2",2025-02-26,14,1527.3528,NA,NA,22.6,4.3902,11.8855,91.629,142.454
"CCR",50,"P2",2025-02-26,14.1,1527.3528,NA,NA,22.6,4.3894,11.879,91.58,142.522
"CCR",50,"P2",2025-02-26,14.2,1527.3528,NA,NA,22.6,4.389,11.8971,91.715,142.523
"CCR",50,"P2",2025-02-26,14.3,1527.3528,NA,NA,22.6,4.3883,11.8906,91.638,142.505
"CCR",50,"P2",2025-02-26,14.4,1527.3528,NA,NA,22.6,4.388,11.8812,91.588,142.477
"CCR",50,"P2",2025-02-26,14.5,1527.3528,NA,NA,22.6,4.3891,11.8773,91.633,142.527
"CCR",50,"P2",2025-02-26,14.6,1527.3528,NA,NA,22.6,4.3883,11.8833,91.539,142.5
"CCR",50,"P2",2025-02-26,14.7,1527.3528,NA,NA,22.6,4.3883,11.8737,91.57,142.504
"CCR",50,"P2",2025-02-26,14.8,1527.3528,NA,NA,22.6,4.3881,11.8845,91.704,142.554
"CCR",50,"P2",2025-02-26,14.9,1527.3528,NA,NA,22.6,4.3876,11.8841,91.621,142.487
"CCR",50,"P2",2025-02-26,15,1527.3528,NA,NA,22.6,4.3874,11.8776,91.548,142.492
"CCR",50,"P2",2025-02-26,15.1,1527.3528,NA,NA,22.6,4.3863,11.8816,91.563,142.567
"CCR",50,"P2",2025-02-26,15.2,1527.3528,NA,NA,22.6,4.3857,11.8781,91.549,142.578
"CCR",50,"P2",2025-02-26,15.3,1527.3528,NA,NA,22.6,4.3822,11.8823,91.63,142.518
"CCR",50,"P2",2025-02-26,15.4,1527.3528,NA,NA,22.6,4.3816,11.8871,91.585,142.539
"CCR",50,"P2",2025-02-26,15.5,1527.3528,NA,NA,22.6,4.3811,11.8826,91.664,142.517
"CCR",50,"P2",2025-02-26,15.6,1527.3528,NA,NA,22.6,4.3813,11.892,91.702,142.566
"CCR",50,"P2",2025-02-26,15.7,1527.3528,NA,NA,22.6,4.3808,11.8909,91.483,142.564
"CCR",50,"P2",2025-02-26,15.8,1527.3528,NA,NA,22.6,4.3796,11.8671,91.453,142.571
"CCR",50,"P2",2025-02-26,15.9,1527.3528,NA,NA,22.6,4.3787,11.881,91.554,142.549
"CCR",50,"P2",2025-02-26,16,1527.3528,NA,NA,22.6,4.3791,11.8791,91.573,142.534
"CCR",50,"P2",2025-02-26,16.1,1527.3528,NA,NA,22.6,4.3765,11.8788,91.591,142.6
"CCR",50,"P2",2025-02-26,16.2,1527.3528,NA,NA,22.6,4.3738,11.8861,91.502,142.565
"CCR",50,"P2",2025-02-26,16.3,1527.3528,NA,NA,22.6,4.3745,11.8742,91.398,142.598
"CCR",50,"P2",2025-02-26,16.4,1527.3528,NA,NA,22.6,4.3731,11.8507,91.43,142.599
"CCR",50,"P2",2025-02-26,16.5,1527.3528,NA,NA,22.6,4.3735,11.8687,91.45,142.649
"CCR",50,"P2",2025-02-26,16.6,1527.3528,NA,NA,22.6,4.373,11.8603,91.433,142.64
"CCR",50,"P2",2025-02-26,16.7,1527.3528,NA,NA,22.6,4.369,11.8546,91.352,142.646
"CCR",50,"P2",2025-02-26,16.8,1527.3528,NA,NA,22.6,4.3682,11.8585,91.393,142.66
"CCR",50,"P2",2025-02-26,16.9,1527.3528,NA,NA,22.6,4.3658,11.8645,91.468,142.687
"CCR",50,"P2",2025-02-26,17,1527.3528,NA,NA,22.6,4.3653,11.8679,91.322,142.696
"CCR",50,"P2",2025-02-26,17.1,1527.3528,NA,NA,22.6,4.3636,11.8447,91.175,142.839
"CCR",50,"P2",2025-02-26,17.2,1527.3528,NA,NA,22.6,4.3629,11.8316,91.212,142.841
"CCR",50,"P2",2025-02-26,17.3,1527.3528,NA,NA,22.6,4.362,11.8404,91.208,142.82
"CCR",50,"P2",2025-02-26,17.4,1527.3528,NA,NA,22.6,4.3619,11.837,91.035,142.873
"CCR",50,"P2",2025-02-26,17.5,1527.3528,NA,NA,22.6,4.3611,11.8149,91.124,142.876
"CCR",50,"P2",2025-02-26,17.6,1527.3528,NA,NA,22.6,4.3607,11.8304,91.177,142.872
"CCR",50,"P2",2025-02-26,17.7,1527.3528,NA,NA,22.6,4.3614,11.8343,91.178,142.896
"CCR",50,"P2",2025-02-26,17.8,1527.3528,NA,NA,22.6,4.3628,11.8322,91.048,143.182
"CCR",50,"P2",2025-02-26,17.9,1527.3528,NA,NA,22.6,4.3644,11.8127,91.009,143.162
"CCR",50,"P2",2025-02-26,18,1527.3528,NA,NA,22.6,4.3649,11.8023,90.828,143.213
"CCR",50,"P2",2025-02-26,18.1,1527.3528,NA,NA,22.6,4.365,11.7816,90.795,143.308
"CCR",50,"P2",2025-02-26,18.2,1527.3528,NA,NA,22.6,4.3653,11.7872,90.826,143.329
"CCR",50,"P2",2025-02-26,18.3,1527.3528,NA,NA,22.6,4.3656,11.78,90.742,143.358
"CCR",50,"P2",2025-02-26,18.4,1527.3528,NA,NA,22.6,4.3654,11.7795,90.832,143.449
"CCR",50,"P2",2025-02-26,18.5,1527.3528,NA,NA,22.6,4.3649,11.7819,90.7,143.366
"CCR",50,"P2",2025-02-26,18.6,1527.3528,NA,NA,22.6,4.3646,11.7711,90.629,143.486
"CCR",50,"P2",2025-02-26,18.7,1527.3528,NA,NA,22.6,4.3626,11.7606,90.609,143.616
"CCR",50,"P2",2025-02-26,18.8,1527.3528,NA,NA,22.6,4.3603,11.7653,90.553,143.623
"CCR",50,"P2",2025-02-26,18.9,1527.3528,NA,NA,22.6,4.3589,11.7512,90.494,143.657
"CCR",50,"P2",2025-02-26,19,1527.3528,NA,NA,22.6,4.3577,11.7417,90.388,143.752
"CCR",50,"P2",2025-02-26,19.1,1527.3528,NA,NA,22.6,4.3554,11.7392,90.387,143.628
"CCR",50,"P2",2025-02-26,19.2,1527.3528,NA,NA,22.6,4.3539,11.7291,90.375,143.672
"CCR",50,"P2",2025-02-26,19.3,1527.3528,NA,NA,22.6,4.3554,11.7203,90.38,143.71
"CCR",50,"P2",2025-02-26,19.4,1527.3528,NA,NA,22.6,4.3553,11.7341,90.407,143.659
"CCR",50,"P2",2025-02-26,19.5,1527.3528,NA,NA,22.6,4.3499,11.7342,90.35,143.696
"CCR",50,"P2",2025-02-26,19.6,1527.3528,NA,NA,22.6,4.3477,11.7274,90.211,143.7
"CCR",50,"P2",2025-02-26,19.7,1527.3528,NA,NA,22.6,4.3481,11.7086,90.263,143.721
"CCR",50,"P2",2025-02-26,19.8,1527.3528,NA,NA,22.6,4.348,11.7248,90.346,143.63
"CCR",50,"P2",2025-02-26,19.9,1527.3528,NA,NA,22.6,4.3473,11.7242,90.373,143.594
"CCR",50,"P2",2025-02-26,20,1527.3528,NA,NA,22.6,4.3465,11.7336,90.262,143.64
"CCR",50,"P2",2025-02-26,20.1,1527.3528,NA,NA,22.6,4.3449,11.7171,90.274,143.645
"CCR",50,"P2",2025-02-26,20.2,1527.3528,NA,NA,22.6,4.3397,11.7206,90.194,143.675
"CCR",50,"P2",2025-02-26,20.3,1527.3528,NA,NA,22.6,4.3387,11.7124,90.142,143.63
"CCR",50,"P2",2025-02-26,20.4,1527.3528,NA,NA,22.6,4.3388,11.7062,90.149,143.649
"CCR",50,"P2",2025-02-26,20.5,1527.3528,NA,NA,22.6,4.3384,11.701,90.118,143.665
"CCR",50,"P2",2025-02-26,20.6,1527.3528,NA,NA,22.6,4.334,11.7224,90.199,143.677
"CCR",50,"P2",2025-02-26,20.7,1527.3528,NA,NA,22.6,4.3333,11.7149,90.204,143.633
"CCR",50,"P2",2025-02-26,20.8,1527.3528,NA,NA,22.6,4.3315,11.7056,90.064,143.695
"CCR",50,"P2",2025-02-26,20.9,1527.3528,NA,NA,22.6,4.3297,11.702,90.008,143.686
"CCR",50,"P2",2025-02-26,21,1527.3528,NA,NA,22.6,4.3272,11.6941,90.059,143.803
"CCR",88,"P1",2025-02-26,0.1,1013.7648,NA,NA,13.3,5.0753,12.0557,94.664,140.045
"CCR",88,"P1",2025-02-26,0.2,1013.7648,NA,NA,13.3,5.0714,12.0457,94.62,139.989
"CCR",88,"P1",2025-02-26,0.3,1013.7648,NA,NA,13.3,5.0514,12.0371,94.433,139.928
"CCR",88,"P1",2025-02-26,0.4,1013.7648,NA,NA,13.3,5.0639,12.6332,97.177,140.026
"CCR",88,"P1",2025-02-26,0.5,1013.7648,NA,NA,13.3,5.0461,12.0539,94.548,140.077
"CCR",88,"P1",2025-02-26,0.6,1013.7648,NA,NA,13.3,5.0544,12.0501,94.582,139.967
"CCR",88,"P1",2025-02-26,0.7,1013.7648,NA,NA,13.3,5.0486,12.0663,94.656,140.104
"CCR",88,"P1",2025-02-26,0.8,1013.7648,NA,NA,13.3,5.0328,12.0672,94.6,139.949
"CCR",88,"P1",2025-02-26,0.9,1013.7648,NA,NA,13.3,5.0303,12.0527,94.489,139.854
"CCR",88,"P1",2025-02-26,1,1013.7648,NA,NA,13.3,5.1296,10.7475,85.149,140.5
"CCR",88,"P1",2025-02-26,1.1,1013.7648,NA,NA,13.3,4.9613,12.0555,94.329,139.892
"CCR",88,"P1",2025-02-26,1.2,1013.7648,NA,NA,13.3,4.9653,12.0531,94.363,139.906
"CCR",88,"P1",2025-02-26,1.3,1013.7648,NA,NA,13.3,4.9591,12.0441,94.277,139.898
"CCR",88,"P1",2025-02-26,1.4,1013.7648,NA,NA,13.3,4.9531,12.0613,94.356,139.91
"CCR",88,"P1",2025-02-26,1.5,1013.7648,NA,NA,13.3,4.9458,12.0421,94.057,139.91
"CCR",88,"P1",2025-02-26,1.6,1013.7648,NA,NA,13.3,4.9429,12.0441,94.324,139.912
"CCR",88,"P1",2025-02-26,1.7,1013.7648,NA,NA,13.3,4.9366,12.0503,94.194,139.895
"CCR",88,"P1",2025-02-26,1.8,1013.7648,NA,NA,13.3,4.9341,12.0431,94.121,139.878
"CCR",88,"P1",2025-02-26,1.9,1013.7648,NA,NA,13.3,4.9268,12.0453,94.201,139.845
"CCR",88,"P1",2025-02-26,2,1013.7648,NA,NA,13.3,4.9221,12.0278,94.064,139.832
"CCR",88,"P1",2025-02-26,2.1,1013.7648,NA,NA,13.3,4.9126,12.0268,93.896,139.838
"CCR",88,"P1",2025-02-26,2.2,1013.7648,NA,NA,13.3,4.8908,12.0182,93.909,139.971
"CCR",88,"P1",2025-02-26,2.3,1013.7648,NA,NA,13.3,4.8486,12.0117,93.635,140.022
"CCR",88,"P1",2025-02-26,2.4,1013.7648,NA,NA,13.3,4.8584,11.9948,93.633,139.963
"CCR",88,"P1",2025-02-26,2.5,1013.7648,NA,NA,13.3,4.8263,12.0049,93.567,140.098
"CCR",88,"P1",2025-02-26,2.6,1013.7648,NA,NA,13.3,4.8004,11.9923,93.361,140.012
"CCR",88,"P1",2025-02-26,2.7,1013.7648,NA,NA,13.3,4.7938,11.9751,93.35,140.07
"CCR",88,"P1",2025-02-26,2.8,1013.7648,NA,NA,13.3,4.7879,11.9891,93.338,140.088
"CCR",88,"P1",2025-02-26,2.9,1013.7648,NA,NA,13.3,4.7867,11.9686,93.306,140.142
"CCR",88,"P1",2025-02-26,3,1013.7648,NA,NA,13.3,4.788,11.985,93.398,140.137
"CCR",88,"P1",2025-02-26,3.1,1013.7648,NA,NA,13.3,4.7998,11.9781,93.465,140.137
"CCR",88,"P1",2025-02-26,3.2,1013.7648,NA,NA,13.3,4.796,11.993,93.18,140.151
"CCR",88,"P1",2025-02-26,3.3,1013.7648,NA,NA,13.3,4.7958,11.9864,93.366,140.167
"CCR",88,"P1",2025-02-26,3.4,1013.7648,NA,NA,13.3,4.801,11.9665,93.384,140.056
"CCR",88,"P1",2025-02-26,3.5,1013.7648,NA,NA,13.3,4.7886,11.9815,93.23,140.048
"CCR",88,"P1",2025-02-26,3.6,1013.7648,NA,NA,13.3,4.7849,11.9663,93.244,140.085
"CCR",88,"P1",2025-02-26,3.7,1013.7648,NA,NA,13.3,4.7763,11.9749,93.253,140.122
"CCR",88,"P1",2025-02-26,3.8,1013.7648,NA,NA,13.3,4.7783,11.9811,93.344,140.084
"CCR",88,"P1",2025-02-26,3.9,1013.7648,NA,NA,13.3,4.7773,11.9784,93.273,140.071
"CCR",88,"P1",2025-02-26,4,1013.7648,NA,NA,13.3,4.7738,11.972,93.361,140.082
"CCR",88,"P1",2025-02-26,4.1,1013.7648,NA,NA,13.3,4.7717,11.9826,93.347,140.088
"CCR",88,"P1",2025-02-26,4.2,1013.7648,NA,NA,13.3,4.7737,11.9685,93.242,140.031
"CCR",88,"P1",2025-02-26,4.3,1013.7648,NA,NA,13.3,4.7741,11.9903,93.235,140.054
"CCR",88,"P1",2025-02-26,4.4,1013.7648,NA,NA,13.3,4.7655,11.9735,93.425,140.027
"CCR",88,"P1",2025-02-26,4.5,1013.7648,NA,NA,13.3,4.7662,11.991,93.217,140.092
"CCR",88,"P1",2025-02-26,4.6,1013.7648,NA,NA,13.3,4.7635,11.9722,93.313,140.072
"CCR",88,"P1",2025-02-26,4.7,1013.7648,NA,NA,13.3,4.7599,11.9724,93.125,140.049
"CCR",88,"P1",2025-02-26,4.8,1013.7648,NA,NA,13.3,4.761,11.9625,93.212,140.036
"CCR",88,"P1",2025-02-26,4.9,1013.7648,NA,NA,13.3,4.7615,11.9658,93.256,140.157
"CCR",88,"P1",2025-02-26,5,1013.7648,NA,NA,13.3,4.7449,11.9745,93.032,140.216
"CCR",88,"P1",2025-02-26,5.1,1013.7648,NA,NA,13.3,4.7473,11.9479,93.011,140.165
"CCR",88,"P1",2025-02-26,5.2,1013.7648,NA,NA,13.3,4.7463,11.9524,93.053,140.151
"CCR",88,"P1",2025-02-26,5.3,1013.7648,NA,NA,13.3,4.7502,11.9545,93.124,140.134
"CCR",88,"P1",2025-02-26,5.4,1013.7648,NA,NA,13.3,4.7487,11.9747,93.132,140.162
"CCR",88,"P1",2025-02-26,5.5,1013.7648,NA,NA,13.3,4.7524,11.9606,93.004,140.115
"CCR",88,"P1",2025-02-26,5.6,1013.7648,NA,NA,13.3,4.7519,11.9642,93.118,140.096
"CCR",88,"P1",2025-02-26,5.7,1013.7648,NA,NA,13.3,4.7506,11.964,93.12,140.168
"CCR",88,"P1",2025-02-26,5.8,1013.7648,NA,NA,13.3,4.749,11.9549,93.089,140.125
"CCR",88,"P1",2025-02-26,5.9,1013.7648,NA,NA,13.3,4.7511,11.9551,93.072,140.142
"CCR",88,"P1",2025-02-26,6,1013.7648,NA,NA,13.3,4.7527,11.968,93.089,140.133
"CCR",88,"P1",2025-02-26,6.1,1013.7648,NA,NA,13.3,4.7564,11.9468,93.016,140.127
"CCR",88,"P1",2025-02-26,6.2,1013.7648,NA,NA,13.3,4.753,11.9586,93.101,140.113
"CCR",88,"P1",2025-02-26,6.3,1013.7648,NA,NA,13.3,4.7534,11.9548,93.062,140.095
"CCR",88,"P1",2025-02-26,6.4,1013.7648,NA,NA,13.3,4.7486,11.9566,93.108,140.089
"CCR",88,"P1",2025-02-26,6.5,1013.7648,NA,NA,13.3,4.7508,11.9658,93.121,140.167
"CCR",88,"P1",2025-02-26,6.6,1013.7648,NA,NA,13.3,4.7501,11.9781,93.024,140.201
"CCR",88,"P1",2025-02-26,6.7,1013.7648,NA,NA,13.3,4.7498,11.9523,93.137,140.161
"CCR",88,"P1",2025-02-26,6.8,1013.7648,NA,NA,13.3,4.7495,11.9777,93.162,140.181
"CCR",88,"P1",2025-02-26,6.9,1013.7648,NA,NA,13.3,4.7487,11.9618,93.161,140.137
"CCR",88,"P1",2025-02-26,7,1013.7648,NA,NA,13.3,4.7478,11.9483,92.986,140.163
"CCR",88,"P1",2025-02-26,7.1,1013.7648,NA,NA,13.3,4.7474,11.9566,93.141,140.258
"CCR",88,"P1",2025-02-26,7.2,1013.7648,NA,NA,13.3,4.7395,11.9586,92.957,140.266
"CCR",88,"P1",2025-02-26,7.3,1013.7648,NA,NA,13.3,4.7404,11.9473,92.967,140.169
"CCR",88,"P1",2025-02-26,7.4,1013.7648,NA,NA,13.3,4.7422,11.9459,93.146,140.212
"CCR",88,"P1",2025-02-26,7.5,1013.7648,NA,NA,13.3,4.7404,11.9588,93.004,140.28
"CCR",88,"P1",2025-02-26,7.6,1013.7648,NA,NA,13.3,4.737,11.955,93.034,140.316
"CCR",88,"P1",2025-02-26,7.7,1013.7648,NA,NA,13.3,4.7327,11.9584,93.05,140.395
"CCR",88,"P1",2025-02-26,7.8,1013.7648,NA,NA,13.3,4.7302,11.9514,92.978,140.488
"CCR",88,"P1",2025-02-26,7.9,1013.7648,NA,NA,13.3,4.7285,11.947,92.882,140.436
"CCR",88,"P1",2025-02-26,8,1013.7648,NA,NA,13.3,4.7284,11.9416,92.94,140.477
"CCR",88,"P1",2025-02-26,8.1,1013.7648,NA,NA,13.3,4.7248,11.9385,92.865,140.533
"CCR",88,"P1",2025-02-26,8.2,1013.7648,NA,NA,13.3,4.7164,11.936,92.839,140.603
"CCR",88,"P1",2025-02-26,8.3,1013.7648,NA,NA,13.3,4.7042,11.9494,92.811,140.734
"CCR",88,"P1",2025-02-26,8.4,1013.7648,NA,NA,13.3,4.7018,11.9235,92.791,140.769
"CCR",88,"P1",2025-02-26,8.5,1013.7648,NA,NA,13.3,4.6973,11.9334,92.821,140.962
"CCR",88,"P1",2025-02-26,8.6,1013.7648,NA,NA,13.3,4.6708,11.944,92.665,140.987
"CCR",88,"P1",2025-02-26,8.7,1013.7648,NA,NA,13.3,4.6532,11.9328,92.569,141.102
"CCR",88,"P1",2025-02-26,8.8,1013.7648,NA,NA,13.3,4.6435,11.953,92.672,141.045
"CCR",88,"P1",2025-02-26,8.9,1013.7648,NA,NA,13.3,4.6361,11.9475,92.625,141.217
"CCR",88,"P1",2025-02-26,9,1013.7648,NA,NA,13.3,4.6077,11.9492,92.624,141.234
"CCR",88,"P1",2025-02-26,9.1,1013.7648,NA,NA,13.3,4.5968,11.9563,92.672,141.334
"CCR",88,"P1",2025-02-26,9.2,1013.7648,NA,NA,13.3,4.6018,11.9504,92.698,141.368
"CCR",88,"P1",2025-02-26,9.3,1013.7648,NA,NA,13.3,4.578,11.971,92.887,140.742
"CCR",88,"P1",2025-02-26,9.4,1013.7648,NA,NA,13.3,4.6696,11.9815,92.65,141.162
"CCR",88,"P1",2025-02-26,9.5,1013.7648,NA,NA,13.3,4.5977,11.9233,92.607,141.21
"CCR",88,"P1",2025-02-26,9.6,1013.7648,NA,NA,13.3,4.5896,11.9585,92.611,141.325
"CCR",88,"P1",2025-02-26,9.7,1013.7648,NA,NA,13.3,4.5955,11.9383,92.567,141.388
"CCR",88,"P1",2025-02-26,9.8,1013.7648,NA,NA,13.3,4.5643,11.9464,92.542,141.564
"CCR",88,"P1",2025-02-26,9.9,1013.7648,NA,NA,13.3,4.5523,11.9348,92.503,141.528
"CCR",88,"P1",2025-02-26,10,1013.7648,NA,NA,13.3,4.5427,11.9608,92.531,141.643
"CCR",88,"P1",2025-02-26,10.1,1013.7648,NA,NA,13.3,4.5249,11.9548,92.501,141.653
"CCR",88,"P1",2025-02-26,10.2,1013.7648,NA,NA,13.3,4.521,11.9615,92.588,141.697
"CCR",88,"P1",2025-02-26,10.3,1013.7648,NA,NA,13.3,4.5118,11.9625,92.417,141.637
"CCR",88,"P1",2025-02-26,10.4,1013.7648,NA,NA,13.3,4.5094,11.9399,92.509,141.733
"CCR",88,"P1",2025-02-26,10.5,1013.7648,NA,NA,13.3,4.5101,11.9502,92.416,141.672
"CCR",88,"P1",2025-02-26,10.6,1013.7648,NA,NA,13.3,4.51,11.9498,92.436,141.741
"CCR",88,"P1",2025-02-26,10.7,1013.7648,NA,NA,13.3,4.5044,11.9382,92.337,141.685
"CCR",88,"P1",2025-02-26,10.8,1013.7648,NA,NA,13.3,4.5028,11.9524,92.423,141.733
"CCR",88,"P1",2025-02-26,10.9,1013.7648,NA,NA,13.3,4.4999,11.9505,92.315,141.802
"CCR",88,"P1",2025-02-26,11,1013.7648,NA,NA,13.3,4.499,11.9337,92.254,141.699
"CCR",88,"P1",2025-02-26,11.1,1013.7648,NA,NA,13.3,4.5006,11.9224,92.31,141.786
"CCR",88,"P1",2025-02-26,11.2,1013.7648,NA,NA,13.3,4.4996,11.9377,92.327,141.698
"CCR",88,"P1",2025-02-26,11.3,1013.7648,NA,NA,13.3,4.4995,11.9351,92.23,141.725
"CCR",88,"P1",2025-02-26,11.4,1013.7648,NA,NA,13.3,4.4993,11.9416,92.234,141.76
"CCR",88,"P1",2025-02-26,11.5,1013.7648,NA,NA,13.3,4.4971,11.9286,92.21,141.711
"CCR",88,"P1",2025-02-26,11.6,1013.7648,NA,NA,13.3,4.4946,11.9261,92.1,141.792
"CCR",88,"P1",2025-02-26,11.7,1013.7648,NA,NA,13.3,4.4889,11.8926,91.669,142.034
"CCR",88,"P1",2025-02-26,11.8,1013.7648,NA,NA,13.3,4.4768,11.8188,90.952,142.008
"CCR",88,"P1",2025-02-26,11.9,1013.7648,NA,NA,13.3,4.476,11.7526,90.841,142.045
"CCR",88,"P1",2025-02-26,12,1013.7648,NA,NA,13.3,4.4779,11.7568,90.897,142.043
"CCR",88,"P1",2025-02-26,12.1,1013.7648,NA,NA,13.3,4.4777,11.7619,91.068,141.998
"CCR",88,"P1",2025-02-26,12.2,1013.7648,NA,NA,13.3,4.4793,11.802,91.214,142.045
"CCR",88,"P1",2025-02-26,12.3,1013.7648,NA,NA,13.3,4.4793,11.7777,90.795,142.015
"CCR",88,"P1",2025-02-26,12.3,1013.7648,NA,NA,13.3,4.4807,11.7448,90.64,142.058
"CCR",90,"C2",2025-02-26,0.1,561.7464,NA,NA,5.7,5.1785,12.015,96.547,138.887
"CCR",90,"C2",2025-02-26,0.2,561.7464,NA,NA,5.7,4.8393,11.9073,92.848,138.781
"CCR",90,"C2",2025-02-26,0.3,561.7464,NA,NA,5.7,4.6851,11.9459,92.85,140.8
"CCR",90,"C2",2025-02-26,0.4,561.7464,NA,NA,5.7,5.0191,10.1253,77.965,142.302
"CCR",90,"C2",2025-02-26,0.5,561.7464,NA,NA,5.7,4.7836,11.9453,92.983,139.632
"CCR",90,"C2",2025-02-26,0.6,561.7464,NA,NA,5.7,4.7547,11.9497,92.942,139.677
"CCR",90,"C2",2025-02-26,0.7,561.7464,NA,NA,5.7,4.7465,11.9413,92.956,140.702
"CCR",90,"C2",2025-02-26,0.8,561.7464,NA,NA,5.7,4.8189,11.7245,87.855,142.145
"CCR",90,"C2",2025-02-26,0.9,561.7464,NA,NA,5.7,4.899,10.9525,84.445,141.902
"CCR",90,"C2",2025-02-26,1,561.7464,NA,NA,5.7,4.6628,11.9606,92.839,140.905
"CCR",90,"C2",2025-02-26,1.1,561.7464,NA,NA,5.7,4.6589,11.9602,92.981,140.861
"CCR",90,"C2",2025-02-26,1.2,561.7464,NA,NA,5.7,4.6497,11.9714,92.894,140.927
"CCR",90,"C2",2025-02-26,1.3,561.7464,NA,NA,5.7,4.6529,11.9671,93.014,140.897
"CCR",90,"C2",2025-02-26,1.4,561.7464,NA,NA,5.7,4.6496,11.9837,92.933,140.861
"CCR",90,"C2",2025-02-26,1.5,561.7464,NA,NA,5.7,4.645,11.9733,92.899,140.948
"CCR",90,"C2",2025-02-26,1.6,561.7464,NA,NA,5.7,4.6457,11.9676,92.711,140.96
"CCR",90,"C2",2025-02-26,1.7,561.7464,NA,NA,5.7,4.6403,11.9427,92.933,140.995
"CCR",90,"C2",2025-02-26,1.8,561.7464,NA,NA,5.7,4.6285,11.9791,92.792,141.003
"CCR",90,"C2",2025-02-26,1.9,561.7464,NA,NA,5.7,4.6237,11.9494,92.666,141.017
"CCR",90,"C2",2025-02-26,2,561.7464,NA,NA,5.7,4.6247,11.9621,92.889,140.99
"CCR",90,"C2",2025-02-26,2.1,561.7464,NA,NA,5.7,4.6263,11.9827,92.838,140.973
"CCR",90,"C2",2025-02-26,2.2,561.7464,NA,NA,5.7,4.6251,11.9606,92.771,141.012
"CCR",90,"C2",2025-02-26,2.3,561.7464,NA,NA,5.7,4.6233,11.9698,92.929,141.015
"CCR",90,"C2",2025-02-26,2.4,561.7464,NA,NA,5.7,4.6229,11.9721,92.82,140.997
"CCR",90,"C2",2025-02-26,2.5,561.7464,NA,NA,5.7,4.6241,11.9516,92.757,141.038
"CCR",90,"C2",2025-02-26,2.6,561.7464,NA,NA,5.7,4.6189,11.966,92.881,141.053
"CCR",90,"C2",2025-02-26,2.7,561.7464,NA,NA,5.7,4.6144,11.9767,92.839,141.063
"CCR",90,"C2",2025-02-26,2.8,561.7464,NA,NA,5.7,4.6098,11.9732,92.856,141.111
"CCR",90,"C2",2025-02-26,2.9,561.7464,NA,NA,5.7,4.6051,11.9553,92.636,141.123
"CCR",90,"C2",2025-02-26,3,561.7464,NA,NA,5.7,4.6032,11.9469,92.601,141.203
"CCR",90,"C2",2025-02-26,3.1,561.7464,NA,NA,5.7,4.5951,11.9573,92.703,141.215
"CCR",90,"C2",2025-02-26,3.2,561.7464,NA,NA,5.7,4.5905,11.9547,92.598,141.23
"CCR",90,"C2",2025-02-26,3.3,561.7464,NA,NA,5.7,4.5866,11.9468,92.533,141.269
"CCR",90,"C2",2025-02-26,3.4,561.7464,NA,NA,5.7,4.5862,11.946,92.491,141.216
"CCR",90,"C2",2025-02-26,3.5,561.7464,NA,NA,5.7,4.5835,11.9189,92.361,141.37
"CCR",90,"C2",2025-02-26,3.6,561.7464,NA,NA,5.7,4.5793,11.915,92.447,141.41
"CCR",90,"C2",2025-02-26,3.7,561.7464,NA,NA,5.7,4.5781,11.9307,92.43,141.367
"CCR",90,"C2",2025-02-26,3.8,561.7464,NA,NA,5.7,4.5769,11.9188,92.279,141.367
"CCR",90,"C2",2025-02-26,3.9,561.7464,NA,NA,5.7,4.5742,11.9373,92.482,141.456
"CCR",90,"C2",2025-02-26,4,561.7464,NA,NA,5.7,4.5741,11.9367,92.394,141.842
"CCR",90,"C2",2025-02-26,4.1,561.7464,NA,NA,5.7,4.5827,11.9197,92.316,141.831
"CCR",90,"C2",2025-02-26,4.2,561.7464,NA,NA,5.7,4.5943,11.8679,91.403,141.775
"CCR",90,"C2",2025-02-26,4.3,561.7464,NA,NA,5.7,4.5906,11.7662,91.042,141.741
"CCR",90,"C2",2025-02-26,4.4,561.7464,NA,NA,5.7,4.5865,11.7897,91.557,141.655
"CCR",90,"C2",2025-02-26,4.5,561.7464,NA,NA,5.7,4.584,11.8086,91.481,141.882
"CCR",90,"C2",2025-02-26,4.6,561.7464,NA,NA,5.7,4.5933,11.8209,91.721,141.91
"CCR",90,"C2",2025-02-26,4.7,561.7464,NA,NA,5.7,4.6017,11.7935,91.091,141.911
"CCR",90,"C2",2025-02-26,4.8,561.7464,NA,NA,5.7,4.6092,11.7423,90.946,141.889
"CCR",90,"C2",2025-02-26,4.9,561.7464,NA,NA,5.7,4.6031,11.6999,90.732,141.911
"CCR",90,"C2",2025-02-26,5,561.7464,NA,NA,5.7,4.6184,11.7333,90.723,141.864
"CCR",90,"C2",2025-02-26,5.1,561.7464,NA,NA,5.7,4.6077,11.6496,90.811,141.905
"CCR",90,"C2",2025-02-26,5.1,561.7464,NA,NA,5.7,4.6328,11.726,90.995,141.996
"CCR",50,"P2",2025-04-16,0.1,1527.3528,NA,NA,21.8,13.6445,10.7375,103.254,125.956
"CCR",50,"P2",2025-04-16,0.2,1527.3528,NA,NA,21.8,13.6443,10.7091,103.364,125.984
"CCR",50,"P2",2025-04-16,0.3,1527.3528,NA,NA,21.8,13.5868,8.8129,84.766,124.822
"CCR",50,"P2",2025-04-16,0.4,1527.3528,NA,NA,21.8,13.6444,10.7158,103.021,125.885
"CCR",50,"P2",2025-04-16,0.5,1527.3528,NA,NA,21.8,13.6453,10.749,103.482,125.919
"CCR",50,"P2",2025-04-16,0.6,1527.3528,NA,NA,21.8,13.6448,10.7257,103.414,126.041
"CCR",50,"P2",2025-04-16,0.7,1527.3528,NA,NA,21.8,13.6447,10.7402,103.399,125.845
"CCR",50,"P2",2025-04-16,0.8,1527.3528,NA,NA,21.8,13.6451,10.773,103.662,125.896
"CCR",50,"P2",2025-04-16,0.9,1527.3528,NA,NA,21.8,13.6443,10.7295,103.24,125.997
"CCR",50,"P2",2025-04-16,1,1527.3528,NA,NA,21.8,13.6431,10.7305,103.574,125.926
"CCR",50,"P2",2025-04-16,1.1,1527.3528,NA,NA,21.8,13.6424,10.7577,103.185,126.036
"CCR",50,"P2",2025-04-16,1.2,1527.3528,NA,NA,21.8,13.6421,10.6869,103.286,125.908
"CCR",50,"P2",2025-04-16,1.3,1527.3528,NA,NA,21.8,13.6446,10.7339,103.559,125.993
"CCR",50,"P2",2025-04-16,1.4,1527.3528,NA,NA,21.8,13.6444,10.744,103.394,126.005
"CCR",50,"P2",2025-04-16,1.5,1527.3528,NA,NA,21.8,13.6441,10.7328,103.282,125.923
"CCR",50,"P2",2025-04-16,1.6,1527.3528,NA,NA,21.8,13.6441,10.7377,103.561,125.879
"CCR",50,"P2",2025-04-16,1.7,1527.3528,NA,NA,21.8,13.6432,10.7515,103.223,125.882
"CCR",50,"P2",2025-04-16,1.8,1527.3528,NA,NA,21.8,13.6426,10.706,102.969,126.019
"CCR",50,"P2",2025-04-16,1.9,1527.3528,NA,NA,21.8,13.6425,10.6921,103.235,126.078
"CCR",50,"P2",2025-04-16,2,1527.3528,NA,NA,21.8,13.6415,10.7474,103.443,126.052
"CCR",50,"P2",2025-04-16,2.1,1527.3528,NA,NA,21.8,13.6415,10.7526,103.385,125.989
"CCR",50,"P2",2025-04-16,2.2,1527.3528,NA,NA,21.8,13.6432,10.7299,103.362,125.973
"CCR",50,"P2",2025-04-16,2.3,1527.3528,NA,NA,21.8,13.6431,10.736,103.364,125.974
"CCR",50,"P2",2025-04-16,2.4,1527.3528,NA,NA,21.8,13.6392,10.7064,103.316,126.029
"CCR",50,"P2",2025-04-16,2.5,1527.3528,NA,NA,21.8,13.6381,10.7041,103.227,125.963
"CCR",50,"P2",2025-04-16,2.6,1527.3528,NA,NA,21.8,13.6339,10.7124,103.224,125.906
"CCR",50,"P2",2025-04-16,2.7,1527.3528,NA,NA,21.8,13.6329,10.7218,103.379,125.935
"CCR",50,"P2",2025-04-16,2.8,1527.3528,NA,NA,21.8,13.6312,10.7575,103.347,125.899
"CCR",50,"P2",2025-04-16,2.9,1527.3528,NA,NA,21.8,13.6376,10.7348,103.394,125.924
"CCR",50,"P2",2025-04-16,3,1527.3528,NA,NA,21.8,13.6373,10.734,103.41,125.995
"CCR",50,"P2",2025-04-16,3.1,1527.3528,NA,NA,21.8,13.6364,10.731,103.215,125.99
"CCR",50,"P2",2025-04-16,3.2,1527.3528,NA,NA,21.8,13.6392,10.7276,103.26,125.877
"CCR",50,"P2",2025-04-16,3.3,1527.3528,NA,NA,21.8,13.6393,10.7235,103.046,125.966
"CCR",50,"P2",2025-04-16,3.4,1527.3528,NA,NA,21.8,13.6397,10.7275,103.262,126.029
"CCR",50,"P2",2025-04-16,3.5,1527.3528,NA,NA,21.8,13.6398,10.7453,103.255,125.942
"CCR",50,"P2",2025-04-16,3.6,1527.3528,NA,NA,21.8,13.6395,10.703,103.013,126.038
"CCR",50,"P2",2025-04-16,3.7,1527.3528,NA,NA,21.8,13.6391,10.7568,103.347,125.885
"CCR",50,"P2",2025-04-16,3.8,1527.3528,NA,NA,21.8,13.6388,10.7175,103.237,126.007
"CCR",50,"P2",2025-04-16,3.9,1527.3528,NA,NA,21.8,13.6376,10.7406,103.405,125.999
"CCR",50,"P2",2025-04-16,4,1527.3528,NA,NA,21.8,13.638,10.7248,103.42,125.9
"CCR",50,"P2",2025-04-16,4.1,1527.3528,NA,NA,21.8,13.638,10.7399,103.078,126.021
"CCR",50,"P2",2025-04-16,4.2,1527.3528,NA,NA,21.8,13.6377,10.7024,103.346,125.97
"CCR",50,"P2",2025-04-16,4.3,1527.3528,NA,NA,21.8,13.6378,10.7395,103.39,125.955
"CCR",50,"P2",2025-04-16,4.4,1527.3528,NA,NA,21.8,13.638,10.7301,103.098,125.941
"CCR",50,"P2",2025-04-16,4.5,1527.3528,NA,NA,21.8,13.638,10.7104,103.536,125.963
"CCR",50,"P2",2025-04-16,4.6,1527.3528,NA,NA,21.8,13.6381,10.7294,103.172,125.95
"CCR",50,"P2",2025-04-16,4.7,1527.3528,NA,NA,21.8,13.638,10.7057,103.378,125.963
"CCR",50,"P2",2025-04-16,4.8,1527.3528,NA,NA,21.8,13.6377,10.7247,103.282,125.967
"CCR",50,"P2",2025-04-16,4.9,1527.3528,NA,NA,21.8,13.6375,10.7085,103.291,125.894
"CCR",50,"P2",2025-04-16,5,1527.3528,NA,NA,21.8,13.6374,10.7367,103.286,125.95
"CCR",50,"P2",2025-04-16,5.1,1527.3528,NA,NA,21.8,13.6373,10.7261,103.494,126.024
"CCR",50,"P2",2025-04-16,5.2,1527.3528,NA,NA,21.8,13.6371,10.7292,103.197,126.009
"CCR",50,"P2",2025-04-16,5.3,1527.3528,NA,NA,21.8,13.6369,10.7227,103.229,124.488
"CCR",50,"P2",2025-04-16,5.3,1527.3528,NA,NA,21.8,13.6369,10.7214,103.166,122.204
"CCR",50,"P2",2025-04-16,5.6,1527.3528,NA,NA,21.8,13.6368,10.7141,103.397,125.898
"CCR",50,"P2",2025-04-16,5.6,1527.3528,NA,NA,21.8,13.6372,10.7466,103.478,126.026
"CCR",50,"P2",2025-04-16,5.7,1527.3528,NA,NA,21.8,13.637,10.7107,102.867,125.887
"CCR",50,"P2",2025-04-16,5.8,1527.3528,NA,NA,21.8,13.637,10.7386,103.404,125.917
"CCR",50,"P2",2025-04-16,5.9,1527.3528,NA,NA,21.8,13.6367,10.7344,103.427,125.912
"CCR",50,"P2",2025-04-16,6,1527.3528,NA,NA,21.8,13.6139,10.7199,102.953,125.927
"CCR",50,"P2",2025-04-16,6.1,1527.3528,NA,NA,21.8,13.6046,10.7099,103.236,122.381
"CCR",50,"P2",2025-04-16,6.5,1527.3528,NA,NA,21.8,13.6011,10.6908,102.932,125.945
"CCR",50,"P2",2025-04-16,6.5,1527.3528,NA,NA,21.8,13.6007,10.7025,103.085,125.959
"CCR",50,"P2",2025-04-16,6.6,1527.3528,NA,NA,21.8,13.575,10.6863,102.895,125.918
"CCR",50,"P2",2025-04-16,6.7,1527.3528,NA,NA,21.8,13.5179,10.7127,102.407,125.948
"CCR",50,"P2",2025-04-16,6.8,1527.3528,NA,NA,21.8,13.4437,10.6692,102.164,125.899
"CCR",50,"P2",2025-04-16,6.9,1527.3528,NA,NA,21.8,13.2827,10.657,101.821,126.157
"CCR",50,"P2",2025-04-16,7,1527.3528,NA,NA,21.8,13.3343,10.6918,102.507,126.134
"CCR",50,"P2",2025-04-16,7.1,1527.3528,NA,NA,21.8,13.3405,10.7096,102.218,125.853
"CCR",50,"P2",2025-04-16,7.2,1527.3528,NA,NA,21.8,13.1355,10.6645,100.309,126.142
"CCR",50,"P2",2025-04-16,7.3,1527.3528,NA,NA,21.8,12.942,10.5136,99.393,125.666
"CCR",50,"P2",2025-04-16,7.4,1527.3528,NA,NA,21.8,12.5566,10.4945,98.181,125.987
"CCR",50,"P2",2025-04-16,7.5,1527.3528,NA,NA,21.8,12.3169,10.5137,98.488,126.172
"CCR",50,"P2",2025-04-16,7.6,1527.3528,NA,NA,21.8,12.1424,10.5417,97.934,126.01
"CCR",50,"P2",2025-04-16,7.7,1527.3528,NA,NA,21.8,11.9427,10.5345,97.008,125.844
"CCR",50,"P2",2025-04-16,7.8,1527.3528,NA,NA,21.8,11.5676,10.485,94.34,126.303
"CCR",50,"P2",2025-04-16,7.9,1527.3528,NA,NA,21.8,10.8302,10.2911,91.225,127.474
"CCR",50,"P2",2025-04-16,8,1527.3528,NA,NA,21.8,10.3737,10.1802,91.423,127.979
"CCR",50,"P2",2025-04-16,8.1,1527.3528,NA,NA,21.8,10.2638,10.3184,92.639,127.886
"CCR",50,"P2",2025-04-16,8.2,1527.3528,NA,NA,21.8,10.2276,10.4116,92.719,127.955
"CCR",50,"P2",2025-04-16,8.3,1527.3528,NA,NA,21.8,10.1824,10.4027,92.274,127.969
"CCR",50,"P2",2025-04-16,8.4,1527.3528,NA,NA,21.8,10.1463,10.3316,91.491,127.908
"CCR",50,"P2",2025-04-16,8.5,1527.3528,NA,NA,21.8,10.1268,10.2929,91.295,127.949
"CCR",50,"P2",2025-04-16,8.6,1527.3528,NA,NA,21.8,10.0154,10.2977,90.921,128.129
"CCR",50,"P2",2025-04-16,8.7,1527.3528,NA,NA,21.8,9.9372,10.2745,91.28,128.01
"CCR",50,"P2",2025-04-16,8.8,1527.3528,NA,NA,21.8,9.87,10.3846,91.68,128.087
"CCR",50,"P2",2025-04-16,8.9,1527.3528,NA,NA,21.8,9.7345,10.3252,90.582,128.263
"CCR",50,"P2",2025-04-16,9,1527.3528,NA,NA,21.8,9.6364,10.3254,90.725,128.204
"CCR",50,"P2",2025-04-16,9.1,1527.3528,NA,NA,21.8,9.5286,10.1678,88.125,128.413
"CCR",50,"P2",2025-04-16,9.2,1527.3528,NA,NA,21.8,9.4366,10.0388,88.365,128.66
"CCR",50,"P2",2025-04-16,9.3,1527.3528,NA,NA,21.8,9.4282,10.2644,89.949,128.428
"CCR",50,"P2",2025-04-16,9.4,1527.3528,NA,NA,21.8,9.4624,10.2272,89.621,128.322
"CCR",50,"P2",2025-04-16,9.5,1527.3528,NA,NA,21.8,9.3981,10.2563,89.393,128.521
"CCR",50,"P2",2025-04-16,9.6,1527.3528,NA,NA,21.8,9.3549,10.2332,88.865,128.493
"CCR",50,"P2",2025-04-16,9.7,1527.3528,NA,NA,21.8,9.3382,10.114,87.757,128.808
"CCR",50,"P2",2025-04-16,9.8,1527.3528,NA,NA,21.8,9.3184,10.0364,86.898,128.544
"CCR",50,"P2",2025-04-16,9.9,1527.3528,NA,NA,21.8,9.2587,9.9596,86.042,128.594
"CCR",50,"P2",2025-04-16,10,1527.3528,NA,NA,21.8,9.1869,9.8765,85.214,128.792
"CCR",50,"P2",2025-04-16,10.1,1527.3528,NA,NA,21.8,9.1251,9.8024,84.791,129.011
"CCR",50,"P2",2025-04-16,10.2,1527.3528,NA,NA,21.8,9.0892,9.8227,85.411,128.868
"CCR",50,"P2",2025-04-16,10.3,1527.3528,NA,NA,21.8,9.0899,9.8717,85.777,128.88
"CCR",50,"P2",2025-04-16,10.4,1527.3528,NA,NA,21.8,9.0704,9.9048,86.414,128.958
"CCR",50,"P2",2025-04-16,10.5,1527.3528,NA,NA,21.8,9.05,10.0944,89.356,128.895
"CCR",50,"P2",2025-04-16,10.6,1527.3528,NA,NA,21.8,9.042,10.4261,90.215,128.818
"CCR",50,"P2",2025-04-16,10.7,1527.3528,NA,NA,21.8,9.0239,10.3836,89.465,128.733
"CCR",50,"P2",2025-04-16,10.8,1527.3528,NA,NA,21.8,9.0011,10.3128,89.137,128.863
"CCR",50,"P2",2025-04-16,10.9,1527.3528,NA,NA,21.8,8.9938,10.2926,88.74,128.811
"CCR",50,"P2",2025-04-16,11,1527.3528,NA,NA,21.8,8.9679,10.2522,88.418,128.762
"CCR",50,"P2",2025-04-16,11.1,1527.3528,NA,NA,21.8,8.9456,10.2238,87.952,128.816
"CCR",50,"P2",2025-04-16,11.2,1527.3528,NA,NA,21.8,8.9318,10.1661,87.541,128.988
"CCR",50,"P2",2025-04-16,11.3,1527.3528,NA,NA,21.8,8.9205,10.135,87.633,129.112
"CCR",50,"P2",2025-04-16,11.4,1527.3528,NA,NA,21.8,8.9044,10.1548,87.764,129.038
"CCR",50,"P2",2025-04-16,11.5,1527.3528,NA,NA,21.8,8.8938,10.1674,87.644,128.986
"CCR",50,"P2",2025-04-16,11.6,1527.3528,NA,NA,21.8,8.8829,10.1496,87.343,128.654
"CCR",50,"P2",2025-04-16,11.7,1527.3528,NA,NA,21.8,8.8761,10.1179,87.402,124.9
"CCR",50,"P2",2025-04-16,12.1,1527.3528,NA,NA,21.8,8.8474,10.1396,87.291,128.989
"CCR",50,"P2",2025-04-16,12.2,1527.3528,NA,NA,21.8,8.8343,10.1305,87.3,129.08
"CCR",50,"P2",2025-04-16,12.3,1527.3528,NA,NA,21.8,8.8158,10.1325,87.804,128.978
"CCR",50,"P2",2025-04-16,12.4,1527.3528,NA,NA,21.8,8.8069,10.1728,88.349,128.96
"CCR",50,"P2",2025-04-16,12.5,1527.3528,NA,NA,21.8,8.7976,10.2588,88.692,128.9
"CCR",50,"P2",2025-04-16,12.6,1527.3528,NA,NA,21.8,8.7879,10.3011,88.648,129.061
"CCR",50,"P2",2025-04-16,12.7,1527.3528,NA,NA,21.8,8.7759,10.2956,88.513,129.226
"CCR",50,"P2",2025-04-16,12.8,1527.3528,NA,NA,21.8,8.7686,10.2823,88.397,129.089
"CCR",50,"P2",2025-04-16,12.9,1527.3528,NA,NA,21.8,8.7643,10.2727,88.102,129.027
"CCR",50,"P2",2025-04-16,13,1527.3528,NA,NA,21.8,8.7592,10.2298,87.748,129.172
"CCR",50,"P2",2025-04-16,13.1,1527.3528,NA,NA,21.8,8.7559,10.1992,87.549,129.103
"CCR",50,"P2",2025-04-16,13.2,1527.3528,NA,NA,21.8,8.7454,10.1757,87.465,129.084
"CCR",50,"P2",2025-04-16,13.3,1527.3528,NA,NA,21.8,8.7374,10.171,87.266,129.213
"CCR",50,"P2",2025-04-16,13.4,1527.3528,NA,NA,21.8,8.7288,10.1429,87.264,129.208
"CCR",50,"P2",2025-04-16,13.5,1527.3528,NA,NA,21.8,8.7206,10.1427,87.611,129.221
"CCR",50,"P2",2025-04-16,13.6,1527.3528,NA,NA,21.8,8.7127,10.194,87.819,129.146
"CCR",50,"P2",2025-04-16,13.7,1527.3528,NA,NA,21.8,8.7092,10.2167,87.659,129.219
"CCR",50,"P2",2025-04-16,13.8,1527.3528,NA,NA,21.8,8.706,10.2036,87.784,129.244
"CCR",50,"P2",2025-04-16,13.9,1527.3528,NA,NA,21.8,8.6925,10.2296,88.149,129.192
"CCR",50,"P2",2025-04-16,14,1527.3528,NA,NA,21.8,8.682,10.2643,88.163,129.3
"CCR",50,"P2",2025-04-16,14.1,1527.3528,NA,NA,21.8,8.6476,10.2793,88.736,129.429
"CCR",50,"P2",2025-04-16,14.2,1527.3528,NA,NA,21.8,8.6363,10.3441,89.119,129.293
"CCR",50,"P2",2025-04-16,14.3,1527.3528,NA,NA,21.8,8.6297,10.3918,89.166,129.216
"CCR",50,"P2",2025-04-16,14.4,1527.3528,NA,NA,21.8,8.6268,10.3995,89.304,129.32
"CCR",50,"P2",2025-04-16,14.5,1527.3528,NA,NA,21.8,8.624,10.4125,89.083,129.244
"CCR",50,"P2",2025-04-16,14.6,1527.3528,NA,NA,21.8,8.6215,10.3809,88.818,129.24
"CCR",50,"P2",2025-04-16,14.7,1527.3528,NA,NA,21.8,8.6195,10.3577,88.711,129.378
"CCR",50,"P2",2025-04-16,14.8,1527.3528,NA,NA,21.8,8.6178,10.341,88.32,129.491
"CCR",50,"P2",2025-04-16,14.9,1527.3528,NA,NA,21.8,8.6163,10.2755,87.905,129.411
"CCR",50,"P2",2025-04-16,15,1527.3528,NA,NA,21.8,8.6104,10.2549,88.058,129.22
"CCR",50,"P2",2025-04-16,15.1,1527.3528,NA,NA,21.8,8.6022,10.2734,88.144,129.395
"CCR",50,"P2",2025-04-16,15.2,1527.3528,NA,NA,21.8,8.5953,10.2837,88.107,129.521
"CCR",50,"P2",2025-04-16,15.3,1527.3528,NA,NA,21.8,8.5891,10.287,87.986,129.443
"CCR",50,"P2",2025-04-16,15.4,1527.3528,NA,NA,21.8,8.5766,10.2795,87.645,129.455
"CCR",50,"P2",2025-04-16,15.5,1527.3528,NA,NA,21.8,8.5674,10.2629,87.306,129.459
"CCR",50,"P2",2025-04-16,15.6,1527.3528,NA,NA,21.8,8.5532,10.2185,86.662,129.429
"CCR",50,"P2",2025-04-16,15.7,1527.3528,NA,NA,21.8,8.5424,10.1525,86.007,129.412
"CCR",50,"P2",2025-04-16,15.8,1527.3528,NA,NA,21.8,8.5379,10.0723,85.666,129.496
"CCR",50,"P2",2025-04-16,15.9,1527.3528,NA,NA,21.8,8.535,10.0184,85.726,129.508
"CCR",50,"P2",2025-04-16,16,1527.3528,NA,NA,21.8,8.5268,10.014,85.892,129.352
"CCR",50,"P2",2025-04-16,16.1,1527.3528,NA,NA,21.8,8.5161,10.0353,86.066,129.501
"CCR",50,"P2",2025-04-16,16.2,1527.3528,NA,NA,21.8,8.5083,10.057,86.178,129.559
"CCR",50,"P2",2025-04-16,16.3,1527.3528,NA,NA,21.8,8.5031,10.0759,86.1,129.365
"CCR",50,"P2",2025-04-16,16.4,1527.3528,NA,NA,21.8,8.4954,10.071,85.958,129.526
"CCR",50,"P2",2025-04-16,16.5,1527.3528,NA,NA,21.8,8.4929,10.0574,85.897,129.594
"CCR",50,"P2",2025-04-16,16.6,1527.3528,NA,NA,21.8,8.4884,10.0518,85.682,129.697
"CCR",50,"P2",2025-04-16,16.7,1527.3528,NA,NA,21.8,8.4821,10.0376,85.187,129.708
"CCR",50,"P2",2025-04-16,16.8,1527.3528,NA,NA,21.8,8.4757,9.9914,84.564,129.73
"CCR",50,"P2",2025-04-16,16.9,1527.3528,NA,NA,21.8,8.4706,9.9208,84.123,129.703
"CCR",50,"P2",2025-04-16,17,1527.3528,NA,NA,21.8,8.4657,9.8468,83.904,129.697
"CCR",50,"P2",2025-04-16,17.1,1527.3528,NA,NA,21.8,8.4599,9.8226,83.746,129.717
"CCR",50,"P2",2025-04-16,17.2,1527.3528,NA,NA,21.8,8.4537,9.8121,83.5,129.73
"CCR",50,"P2",2025-04-16,17.3,1527.3528,NA,NA,21.8,8.4439,9.779,83.108,129.784
"CCR",50,"P2",2025-04-16,17.4,1527.3528,NA,NA,21.8,8.4304,9.7483,82.618,129.74
"CCR",50,"P2",2025-04-16,17.5,1527.3528,NA,NA,21.8,8.4172,9.682,81.72,129.768
"CCR",50,"P2",2025-04-16,17.6,1527.3528,NA,NA,21.8,8.4039,9.5799,81.508,129.849
"CCR",50,"P2",2025-04-16,17.7,1527.3528,NA,NA,21.8,8.3906,9.5576,81.482,129.988
"CCR",50,"P2",2025-04-16,17.8,1527.3528,NA,NA,21.8,8.3848,9.5564,81.416,130.058
"CCR",50,"P2",2025-04-16,17.9,1527.3528,NA,NA,21.8,8.3841,9.5459,81.623,130.104
"CCR",50,"P2",2025-04-16,18,1527.3528,NA,NA,21.8,8.382,9.5551,81.816,129.983
"CCR",50,"P2",2025-04-16,18.1,1527.3528,NA,NA,21.8,8.38,9.574,81.933,129.91
"CCR",50,"P2",2025-04-16,18.2,1527.3528,NA,NA,21.8,8.3783,9.6053,81.933,129.899
"CCR",50,"P2",2025-04-16,18.3,1527.3528,NA,NA,21.8,8.3787,9.6106,81.838,129.891
"CCR",50,"P2",2025-04-16,18.4,1527.3528,NA,NA,21.8,8.3804,9.601,82.002,130
"CCR",50,"P2",2025-04-16,18.5,1527.3528,NA,NA,21.8,8.378,9.6189,82.012,129.909
"CCR",50,"P2",2025-04-16,18.6,1527.3528,NA,NA,21.8,8.3772,9.6203,81.872,129.939
"CCR",50,"P2",2025-04-16,18.7,1527.3528,NA,NA,21.8,8.3771,9.6039,81.874,129.83
"CCR",50,"P2",2025-04-16,18.8,1527.3528,NA,NA,21.8,8.3767,9.6042,81.96,130.108
"CCR",50,"P2",2025-04-16,18.9,1527.3528,NA,NA,21.8,8.376,9.6145,81.934,130.099
"CCR",50,"P2",2025-04-16,19,1527.3528,NA,NA,21.8,8.3751,9.6133,81.829,130.067
"CCR",50,"P2",2025-04-16,19.1,1527.3528,NA,NA,21.8,8.3737,9.6057,81.521,129.95
"CCR",50,"P2",2025-04-16,19.2,1527.3528,NA,NA,21.8,8.373,9.5636,81.019,130.115
"CCR",50,"P2",2025-04-16,19.3,1527.3528,NA,NA,21.8,8.3726,9.5161,80.934,129.935
"CCR",50,"P2",2025-04-16,19.4,1527.3528,NA,NA,21.8,8.3727,9.4948,81.087,129.984
"CCR",50,"P2",2025-04-16,19.5,1527.3528,NA,NA,21.8,8.3734,9.5126,81.471,130.086
"CCR",50,"P2",2025-04-16,19.6,1527.3528,NA,NA,21.8,8.3736,9.5577,81.816,129.933
"CCR",50,"P2",2025-04-16,19.7,1527.3528,NA,NA,21.8,8.3732,9.5953,81.665,130.005
"CCR",50,"P2",2025-04-16,19.8,1527.3528,NA,NA,21.8,8.3741,9.5691,81.409,130.062
"CCR",50,"P2",2025-04-16,19.9,1527.3528,NA,NA,21.8,8.3742,9.5592,82.081,130.075
"CCR",50,"P2",2025-04-16,20,1527.3528,NA,NA,21.8,8.3745,9.6462,82.554,129.996
"CCR",50,"P2",2025-04-16,20.1,1527.3528,NA,NA,21.8,8.3744,9.6899,82.661,129.898
"CCR",50,"P2",2025-04-16,20.2,1527.3528,NA,NA,21.8,8.3748,9.6941,82.402,129.948
"CCR",50,"P2",2025-04-16,20.3,1527.3528,NA,NA,21.8,8.3743,9.6597,82.201,129.887
"CCR",50,"P2",2025-04-16,20.4,1527.3528,NA,NA,21.8,8.3739,9.6467,82.147,129.907
"CCR",50,"P2",2025-04-16,20.5,1527.3528,NA,NA,21.8,8.3715,9.6374,82.056,130.018
"CCR",50,"P2",2025-04-16,20.6,1527.3528,NA,NA,21.8,8.3706,9.627,82.004,129.956
"CCR",50,"P2",2025-04-16,20.7,1527.3528,NA,NA,21.8,8.3715,9.6184,82.001,129.953
"CCR",50,"P2",2025-04-16,20.8,1527.3528,NA,NA,21.8,8.3711,9.6217,81.938,129.983
"CCR",50,"P2",2025-04-16,20.9,1527.3528,NA,NA,21.8,8.3706,9.6132,81.805,130.009
"CCR",50,"P2",2025-04-16,21,1527.3528,NA,NA,21.8,8.3685,9.5981,81.501,130.162
"CCR",88,"P1",2025-04-16,0.1,1013.7648,NA,NA,12.7,13.2786,11.039,107.298,124.614
"CCR",88,"P1",2025-04-16,0.2,1013.7648,NA,NA,12.7,13.2241,11.2528,106.538,124.605
"CCR",88,"P1",2025-04-16,0.3,1013.7648,NA,NA,12.7,12.9674,11.3106,106.819,124.641
"CCR",88,"P1",2025-04-16,0.4,1013.7648,NA,NA,12.7,12.8083,11.3873,107.682,125.062
"CCR",88,"P1",2025-04-16,0.5,1013.7648,NA,NA,12.7,12.7552,11.4867,108.736,125.282
"CCR",88,"P1",2025-04-16,0.6,1013.7648,NA,NA,12.7,13.0793,11.5884,110.475,125.069
"CCR",88,"P1",2025-04-16,0.7,1013.7648,NA,NA,12.7,13.1037,11.6324,109.076,125.941
"CCR",88,"P1",2025-04-16,0.8,1013.7648,NA,NA,12.7,13.4168,10.3864,101.912,125.3
"CCR",88,"P1",2025-04-16,0.9,1013.7648,NA,NA,12.7,13.4655,10.2503,90.776,125.143
"CCR",88,"P1",2025-04-16,1,1013.7648,NA,NA,12.7,13.4698,8.0896,78.657,125.043
"CCR",88,"P1",2025-04-16,1.1,1013.7648,NA,NA,12.7,13.4752,7.6577,73.258,125.056
"CCR",88,"P1",2025-04-16,1.2,1013.7648,NA,NA,12.7,13.4584,8.2582,77.762,125.279
"CCR",88,"P1",2025-04-16,1.3,1013.7648,NA,NA,12.7,13.4842,7.9316,76.541,125.222
"CCR",88,"P1",2025-04-16,1.4,1013.7648,NA,NA,12.7,13.4974,8.1712,79.453,125.321
"CCR",88,"P1",2025-04-16,1.5,1013.7648,NA,NA,12.7,13.5035,8.5437,84.431,125.366
"CCR",88,"P1",2025-04-16,1.6,1013.7648,NA,NA,12.7,13.5049,8.3566,77.958,125.333
"CCR",88,"P1",2025-04-16,1.7,1013.7648,NA,NA,12.7,13.5171,7.8698,75.279,125.28
"CCR",88,"P1",2025-04-16,1.8,1013.7648,NA,NA,12.7,13.4988,8.4634,82.802,125.369
"CCR",88,"P1",2025-04-16,1.9,1013.7648,NA,NA,12.7,13.5013,8.5412,80.507,125.342
"CCR",88,"P1",2025-04-16,2,1013.7648,NA,NA,12.7,13.4903,8.7234,81.961,125.282
"CCR",88,"P1",2025-04-16,2.1,1013.7648,NA,NA,12.7,13.493,8.4532,80.913,125.418
"CCR",88,"P1",2025-04-16,2.2,1013.7648,NA,NA,12.7,13.5021,8.5791,82.479,125.408
"CCR",88,"P1",2025-04-16,2.3,1013.7648,NA,NA,12.7,13.505,8.6048,83.756,125.44
"CCR",88,"P1",2025-04-16,2.4,1013.7648,NA,NA,12.7,13.5039,8.9267,87.043,125.308
"CCR",88,"P1",2025-04-16,2.5,1013.7648,NA,NA,12.7,13.4999,8.6609,81.506,125.462
"CCR",88,"P1",2025-04-16,2.6,1013.7648,NA,NA,12.7,13.4913,9.2138,89.648,125.334
"CCR",88,"P1",2025-04-16,2.7,1013.7648,NA,NA,12.7,13.4856,8.0871,78.267,125.53
"CCR",88,"P1",2025-04-16,2.8,1013.7648,NA,NA,12.7,13.4856,7.8051,74.865,125.571
"CCR",88,"P1",2025-04-16,2.9,1013.7648,NA,NA,12.7,13.4855,8.1944,79.218,125.335
"CCR",88,"P1",2025-04-16,3,1013.7648,NA,NA,12.7,13.4887,8.2384,78.89,125.545
"CCR",88,"P1",2025-04-16,3.1,1013.7648,NA,NA,12.7,13.4859,8.429,83.359,125.505
"CCR",88,"P1",2025-04-16,3.2,1013.7648,NA,NA,12.7,13.4831,9.0047,87.985,125.429
"CCR",88,"P1",2025-04-16,3.3,1013.7648,NA,NA,12.7,13.4809,8.9672,87.325,125.62
"CCR",88,"P1",2025-04-16,3.4,1013.7648,NA,NA,12.7,13.4771,8.5886,79.422,125.456
"CCR",88,"P1",2025-04-16,3.5,1013.7648,NA,NA,12.7,13.4751,7.9572,76.548,125.353
"CCR",88,"P1",2025-04-16,3.6,1013.7648,NA,NA,12.7,13.4689,8.1051,79.963,125.68
"CCR",88,"P1",2025-04-16,3.7,1013.7648,NA,NA,12.7,13.462,8.5923,89.276,125.663
"CCR",88,"P1",2025-04-16,3.8,1013.7648,NA,NA,12.7,13.4538,9.5909,92.502,125.595
"CCR",88,"P1",2025-04-16,3.9,1013.7648,NA,NA,12.7,13.4448,9.4699,86.628,125.593
"CCR",88,"P1",2025-04-16,4,1013.7648,NA,NA,12.7,13.4356,8.7485,80.589,125.622
"CCR",88,"P1",2025-04-16,4.1,1013.7648,NA,NA,12.7,13.4299,8.2048,78.082,125.641
"CCR",88,"P1",2025-04-16,4.2,1013.7648,NA,NA,12.7,13.4206,8.1229,79.803,125.622
"CCR",88,"P1",2025-04-16,4.3,1013.7648,NA,NA,12.7,13.4134,8.5307,82.366,125.659
"CCR",88,"P1",2025-04-16,4.4,1013.7648,NA,NA,12.7,13.4087,8.6421,84.077,125.677
"CCR",88,"P1",2025-04-16,4.5,1013.7648,NA,NA,12.7,13.4061,8.801,83.061,125.599
"CCR",88,"P1",2025-04-16,4.6,1013.7648,NA,NA,12.7,13.4021,8.5594,79.826,125.635
"CCR",88,"P1",2025-04-16,4.7,1013.7648,NA,NA,12.7,13.3854,8.2769,79.328,125.703
"CCR",88,"P1",2025-04-16,4.8,1013.7648,NA,NA,12.7,13.369,8.3032,79.124,125.557
"CCR",88,"P1",2025-04-16,4.9,1013.7648,NA,NA,12.7,13.3627,8.3269,84.874,125.634
"CCR",88,"P1",2025-04-16,5,1013.7648,NA,NA,12.7,13.3614,9.2766,88.285,125.492
"CCR",88,"P1",2025-04-16,5.1,1013.7648,NA,NA,12.7,13.3442,9.0493,85.355,125.454
"CCR",88,"P1",2025-04-16,5.2,1013.7648,NA,NA,12.7,13.3235,9.0176,92.213,125.484
"CCR",88,"P1",2025-04-16,5.3,1013.7648,NA,NA,12.7,13.2911,9.8949,94.206,125.506
"CCR",88,"P1",2025-04-16,5.4,1013.7648,NA,NA,12.7,13.2529,7.7932,74.904,125.671
"CCR",88,"P1",2025-04-16,5.5,1013.7648,NA,NA,12.7,13.2398,8.1837,81.649,125.493
"CCR",88,"P1",2025-04-16,5.6,1013.7648,NA,NA,12.7,13.2443,8.8062,82.543,125.379
"CCR",88,"P1",2025-04-16,5.7,1013.7648,NA,NA,12.7,13.2317,8.5828,80.709,125.317
"CCR",88,"P1",2025-04-16,5.8,1013.7648,NA,NA,12.7,13.2101,8.4613,83.133,125.521
"CCR",88,"P1",2025-04-16,5.9,1013.7648,NA,NA,12.7,13.2027,8.8368,89.029,125.358
"CCR",88,"P1",2025-04-16,6,1013.7648,NA,NA,12.7,13.2061,9.4955,90.729,125.452
"CCR",88,"P1",2025-04-16,6.1,1013.7648,NA,NA,12.7,13.197,9.5176,90.708,125.473
"CCR",88,"P1",2025-04-16,6.2,1013.7648,NA,NA,12.7,13.1547,9.4771,88.99,125.516
"CCR",88,"P1",2025-04-16,6.3,1013.7648,NA,NA,12.7,13.0789,9.3381,88.971,125.418
"CCR",88,"P1",2025-04-16,6.4,1013.7648,NA,NA,12.7,12.9882,9.4207,90.681,125.005
"CCR",88,"P1",2025-04-16,6.5,1013.7648,NA,NA,12.7,12.8791,9.6676,93.247,124.526
"CCR",88,"P1",2025-04-16,6.6,1013.7648,NA,NA,12.7,12.6956,9.9354,92.232,124.195
"CCR",88,"P1",2025-04-16,6.7,1013.7648,NA,NA,12.7,12.5769,9.5941,90.589,123.829
"CCR",88,"P1",2025-04-16,6.8,1013.7648,NA,NA,12.7,12.4826,9.8113,92.651,122.478
"CCR",88,"P1",2025-04-16,6.9,1013.7648,NA,NA,12.7,12.2921,9.8786,92.391,122.044
"CCR",88,"P1",2025-04-16,7,1013.7648,NA,NA,12.7,12.1744,9.9225,92.595,122.761
"CCR",88,"P1",2025-04-16,7.1,1013.7648,NA,NA,12.7,11.9673,9.9983,92.726,124.325
"CCR",88,"P1",2025-04-16,7.2,1013.7648,NA,NA,12.7,11.6595,10.0466,92.067,125.869
"CCR",88,"P1",2025-04-16,7.3,1013.7648,NA,NA,12.7,11.298,10.0748,90.82,126.791
"CCR",88,"P1",2025-04-16,7.4,1013.7648,NA,NA,12.7,10.7616,9.8747,89.426,127.445
"CCR",88,"P1",2025-04-16,7.5,1013.7648,NA,NA,12.7,10.6071,9.9472,89.063,127.583
"CCR",88,"P1",2025-04-16,7.6,1013.7648,NA,NA,12.7,10.406,9.9249,88.355,127.819
"CCR",88,"P1",2025-04-16,7.7,1013.7648,NA,NA,12.7,10.2851,9.8972,89.165,127.901
"CCR",88,"P1",2025-04-16,7.8,1013.7648,NA,NA,12.7,10.2155,10.0539,90.658,128.034
"CCR",88,"P1",2025-04-16,7.9,1013.7648,NA,NA,12.7,10.1515,10.1932,90.302,127.987
"CCR",88,"P1",2025-04-16,8,1013.7648,NA,NA,12.7,10.099,10.1812,89.951,127.999
"CCR",88,"P1",2025-04-16,8.1,1013.7648,NA,NA,12.7,10.0323,10.1541,89.527,128.224
"CCR",88,"P1",2025-04-16,8.2,1013.7648,NA,NA,12.7,9.9648,10.1294,88.901,128.21
"CCR",88,"P1",2025-04-16,8.3,1013.7648,NA,NA,12.7,9.9113,10.0774,88.193,128.252
"CCR",88,"P1",2025-04-16,8.4,1013.7648,NA,NA,12.7,9.8296,9.9628,86.793,128.458
"CCR",88,"P1",2025-04-16,8.5,1013.7648,NA,NA,12.7,9.7773,9.8091,85.353,128.354
"CCR",88,"P1",2025-04-16,8.6,1013.7648,NA,NA,12.7,9.7468,9.7117,85.135,128.409
"CCR",88,"P1",2025-04-16,8.7,1013.7648,NA,NA,12.7,9.6827,9.7064,86.55,128.371
"CCR",88,"P1",2025-04-16,8.8,1013.7648,NA,NA,12.7,9.6347,9.888,87.307,128.627
"CCR",88,"P1",2025-04-16,8.9,1013.7648,NA,NA,12.7,9.5907,9.9304,85.866,128.57
"CCR",88,"P1",2025-04-16,9,1013.7648,NA,NA,12.7,9.5654,9.789,84.438,128.427
"CCR",88,"P1",2025-04-16,9.1,1013.7648,NA,NA,12.7,9.5342,9.5535,84.148,128.459
"CCR",88,"P1",2025-04-16,9.2,1013.7648,NA,NA,12.7,9.5261,9.6613,84.995,128.336
"CCR",88,"P1",2025-04-16,9.3,1013.7648,NA,NA,12.7,9.467,9.721,85.225,128.565
"CCR",88,"P1",2025-04-16,9.4,1013.7648,NA,NA,12.7,9.3821,9.7625,84.929,128.651
"CCR",88,"P1",2025-04-16,9.5,1013.7648,NA,NA,12.7,9.3388,9.6923,84.447,128.778
"CCR",88,"P1",2025-04-16,9.6,1013.7648,NA,NA,12.7,9.3125,9.6671,84.131,128.78
"CCR",88,"P1",2025-04-16,9.7,1013.7648,NA,NA,12.7,9.3011,9.6519,83.43,128.619
"CCR",88,"P1",2025-04-16,9.8,1013.7648,NA,NA,12.7,9.2931,9.6149,83.3,128.65
"CCR",88,"P1",2025-04-16,9.9,1013.7648,NA,NA,12.7,9.2738,9.5659,83.545,128.807
"CCR",88,"P1",2025-04-16,10,1013.7648,NA,NA,12.7,9.2581,9.5709,83.698,128.851
"CCR",88,"P1",2025-04-16,10.1,1013.7648,NA,NA,12.7,9.2318,9.6175,83.207,128.988
"CCR",88,"P1",2025-04-16,10.2,1013.7648,NA,NA,12.7,9.2109,9.5465,82.64,128.8
"CCR",88,"P1",2025-04-16,10.3,1013.7648,NA,NA,12.7,9.1836,9.5095,82.86,128.875
"CCR",88,"P1",2025-04-16,10.4,1013.7648,NA,NA,12.7,9.1669,9.5366,82.613,128.912
"CCR",88,"P1",2025-04-16,10.5,1013.7648,NA,NA,12.7,9.1554,9.5233,82.273,128.868
"CCR",88,"P1",2025-04-16,10.6,1013.7648,NA,NA,12.7,9.1318,9.4769,82.103,128.83
"CCR",88,"P1",2025-04-16,10.7,1013.7648,NA,NA,12.7,9.1146,9.4629,82.112,128.865
"CCR",88,"P1",2025-04-16,10.8,1013.7648,NA,NA,12.7,9.0805,9.4701,82.682,128.946
"CCR",88,"P1",2025-04-16,10.9,1013.7648,NA,NA,12.7,9.053,9.5421,83.848,128.976
"CCR",88,"P1",2025-04-16,11,1013.7648,NA,NA,12.7,9.0222,9.6838,84.601,128.861
"CCR",88,"P1",2025-04-16,11.1,1013.7648,NA,NA,12.7,9.005,9.7748,84.903,128.899
"CCR",88,"P1",2025-04-16,11.2,1013.7648,NA,NA,12.7,8.9894,9.809,84.742,128.983
"CCR",88,"P1",2025-04-16,11.3,1013.7648,NA,NA,12.7,8.9637,9.8133,84.171,128.994
"CCR",88,"P1",2025-04-16,11.4,1013.7648,NA,NA,12.7,8.9453,9.7624,83.664,129.026
"CCR",88,"P1",2025-04-16,11.5,1013.7648,NA,NA,12.7,8.9211,9.7046,83.153,129.113
"CCR",88,"P1",2025-04-16,11.6,1013.7648,NA,NA,12.7,8.8807,9.6362,82.487,129.243
"CCR",88,"P1",2025-04-16,11.7,1013.7648,NA,NA,12.7,8.8642,9.578,82.231,129.3
"CCR",88,"P1",2025-04-16,11.8,1013.7648,NA,NA,12.7,8.8505,9.5324,82.402,129.129
"CCR",88,"P1",2025-04-16,11.9,1013.7648,NA,NA,12.7,8.8386,9.5812,82.392,129.142
"CCR",88,"P1",2025-04-16,12,1013.7648,NA,NA,12.7,8.834,9.5472,82.432,129.266
"CCR",88,"P1",2025-04-16,12,1013.7648,NA,NA,12.7,8.8434,9.5613,82.051,129.199
"CCR",90,"C2",2025-04-16,0.1,561.7464,NA,NA,6.1,13.346,10.8718,104.046,125.438
"CCR",90,"C2",2025-04-16,0.2,561.7464,NA,NA,6.1,13.4328,11.1097,105.665,126.264
"CCR",90,"C2",2025-04-16,0.3,561.7464,NA,NA,6.1,13.4346,10.2436,91.459,125.99
"CCR",90,"C2",2025-04-16,0.4,561.7464,NA,NA,6.1,13.4275,8.9618,83.041,125.96
"CCR",90,"C2",2025-04-16,0.5,561.7464,NA,NA,6.1,13.384,9.3683,86.157,125.957
"CCR",90,"C2",2025-04-16,0.6,561.7464,NA,NA,6.1,13.3129,10.8965,104.051,125.511
"CCR",90,"C2",2025-04-16,0.7,561.7464,NA,NA,6.1,13.3791,8.4192,77.136,126.653
"CCR",90,"C2",2025-04-16,0.8,561.7464,NA,NA,6.1,13.4765,8.4202,91.066,126.821
"CCR",90,"C2",2025-04-16,0.9,561.7464,NA,NA,6.1,13.3106,10.8673,104.068,125.505
"CCR",90,"C2",2025-04-16,1,561.7464,NA,NA,6.1,13.2688,12.0239,108.616,125.524
"CCR",90,"C2",2025-04-16,1.1,561.7464,NA,NA,6.1,13.2636,10.8872,104.023,125.555
"CCR",90,"C2",2025-04-16,1.2,561.7464,NA,NA,6.1,13.304,10.8804,103.953,125.623
"CCR",90,"C2",2025-04-16,1.3,561.7464,NA,NA,6.1,13.3029,10.8556,104.128,125.614
"CCR",90,"C2",2025-04-16,1.4,561.7464,NA,NA,6.1,13.2832,10.8507,103.676,125.56
"CCR",90,"C2",2025-04-16,1.5,561.7464,NA,NA,6.1,13.2738,10.8458,103.703,125.525
"CCR",90,"C2",2025-04-16,1.6,561.7464,NA,NA,6.1,13.2691,10.8498,103.552,125.514
"CCR",90,"C2",2025-04-16,1.7,561.7464,NA,NA,6.1,13.2639,10.8506,103.925,125.502
"CCR",90,"C2",2025-04-16,1.8,561.7464,NA,NA,6.1,13.2615,10.9034,103.98,125.428
"CCR",90,"C2",2025-04-16,1.9,561.7464,NA,NA,6.1,13.2594,10.879,103.78,125.616
"CCR",90,"C2",2025-04-16,2,561.7464,NA,NA,6.1,13.2494,10.8767,103.83,125.384
"CCR",90,"C2",2025-04-16,2.1,561.7464,NA,NA,6.1,13.2381,10.8821,103.664,121.9
"CCR",90,"C2",2025-04-16,2.2,561.7464,NA,NA,6.1,13.2428,10.8609,103.81,125.457
"CCR",90,"C2",2025-04-16,2.3,561.7464,NA,NA,6.1,13.2441,10.8768,103.548,125.451
"CCR",90,"C2",2025-04-16,2.4,561.7464,NA,NA,6.1,13.2318,10.8515,103.799,125.586
"CCR",90,"C2",2025-04-16,2.5,561.7464,NA,NA,6.1,13.2262,10.9103,104.009,125.454
"CCR",90,"C2",2025-04-16,2.6,561.7464,NA,NA,6.1,13.2259,10.8853,103.48,125.546
"CCR",90,"C2",2025-04-16,2.7,561.7464,NA,NA,6.1,13.2248,10.9113,103.833,125.556
"CCR",90,"C2",2025-04-16,2.8,561.7464,NA,NA,6.1,13.2156,10.8885,103.574,125.458
"CCR",90,"C2",2025-04-16,2.9,561.7464,NA,NA,6.1,13.2144,10.8656,103.699,125.548
"CCR",90,"C2",2025-04-16,3,561.7464,NA,NA,6.1,13.2111,10.8904,103.865,125.597
"CCR",90,"C2",2025-04-16,3.1,561.7464,NA,NA,6.1,13.21,10.8859,103.683,125.516
"CCR",90,"C2",2025-04-16,3.2,561.7464,NA,NA,6.1,13.1982,10.8876,103.712,125.446
"CCR",90,"C2",2025-04-16,3.3,561.7464,NA,NA,6.1,13.1964,10.85,103.349,125.559
"CCR",90,"C2",2025-04-16,3.4,561.7464,NA,NA,6.1,13.1912,10.8863,103.778,125.528
"CCR",90,"C2",2025-04-16,3.5,561.7464,NA,NA,6.1,13.1791,10.8739,103.61,125.559
"CCR",90,"C2",2025-04-16,3.6,561.7464,NA,NA,6.1,13.1749,10.9095,103.789,125.447
"CCR",90,"C2",2025-04-16,3.7,561.7464,NA,NA,6.1,13.1718,10.8806,103.502,125.47
"CCR",90,"C2",2025-04-16,3.8,561.7464,NA,NA,6.1,13.1641,10.8855,103.842,125.497
"CCR",90,"C2",2025-04-16,3.9,561.7464,NA,NA,6.1,13.1553,10.8789,103.372,125.225
"CCR",90,"C2",2025-04-16,4,561.7464,NA,NA,6.1,13.119,10.8554,103.232,125.429
"CCR",90,"C2",2025-04-16,4.1,561.7464,NA,NA,6.1,13.1049,10.853,103.52,125.311
"CCR",90,"C2",2025-04-16,4.2,561.7464,NA,NA,6.1,13.1112,10.8862,103.368,125.261
"CCR",90,"C2",2025-04-16,4.3,561.7464,NA,NA,6.1,13.0926,10.8567,103.085,125.186
"CCR",90,"C2",2025-04-16,4.4,561.7464,NA,NA,6.1,13.0531,10.8414,103.215,125.418
"CCR",90,"C2",2025-04-16,4.5,561.7464,NA,NA,6.1,13.0631,10.8657,103,125.166
"CCR",90,"C2",2025-04-16,4.6,561.7464,NA,NA,6.1,13.0465,10.8378,102.767,124.915
"CCR",90,"C2",2025-04-16,4.7,561.7464,NA,NA,6.1,12.998,10.825,102.611,124.924
"CCR",90,"C2",2025-04-16,4.8,561.7464,NA,NA,6.1,12.9688,10.8192,102.572,125.123
"CCR",90,"C2",2025-04-16,4.9,561.7464,NA,NA,6.1,12.9467,10.836,102.67,124.919
"CCR",90,"C2",2025-04-16,5,561.7464,NA,NA,6.1,12.9139,10.8238,102.446,124.609
"CCR",90,"C2",2025-04-16,5.1,561.7464,NA,NA,6.1,12.8563,10.7928,101.839,121.402
"CCR",90,"C2",2025-04-16,5.2,561.7464,NA,NA,6.1,12.7169,10.7832,100.138,117.431
"CCR",90,"C2",2025-04-16,5.3,561.7464,NA,NA,6.1,12.4244,10.4692,96.445,116.303
"CCR",90,"C2",2025-04-16,5.4,561.7464,NA,NA,6.1,12.3658,10.4709,97.205,114.715
"CCR",90,"C2",2025-04-16,5.4,561.7464,NA,NA,6.1,12.3504,10.3961,97.423,115.816
